date,avg_price,min_price,max_price,mandi_count,arrival_quantity,days_since_previous,day,month,day_of_week,day_of_year,lag_1,lag_2,lag_3,lag_7,lag_14,ma_3,ma_7,ma_14,std_7,change_1,change_3
2025-01-19,2185.344827586207,1425.0,2900.0,29,0.0,1.0,19,1,6,19,2086.2127659574467,1929.6940816326533,1847.2372881355932,1254.0,2359.464285714286,2067.0838917254355,1964.0276122366033,1716.6361363376107,127.3243471451303,0.047517714034917446,0.18303416763087532
2025-01-20,2179.8846153846152,800.0,2850.0,52,0.0,1.0,20,1,0,20,2185.344827586207,2086.2127659574467,1929.6940816326533,1837.16,2000.56,2150.480736309423,2012.9882715772624,1729.4450374365117,136.00721052424709,-0.0024985586405705806,0.12965295179860004
2025-01-21,2184.5208333333335,1500.0,3000.0,48,0.0,1.0,21,1,1,21,2179.8846153846152,2185.344827586207,2086.2127659574467,1919.057142857143,2059.9056603773583,2183.2500921013852,2050.9116559310037,1738.3461212190814,142.31470357485594,0.0021268180508262624,0.04712274269435279
2025-01-22,2169.7894736842104,1330.0,3000.0,57,0.0,1.0,22,1,2,22,2184.5208333333335,2179.8846153846152,2185.344827586207,1943.4871794871794,1353.28125,2178.064974134053,2083.2405551020083,1796.6681371965249,139.52100348744798,-0.006743519871423964,-0.007118031765805166
2025-01-23,2180.866666666667,1000.0,3000.0,60,0.0,1.0,23,1,3,23,2169.7894736842104,2184.5208333333335,2179.8846153846152,1847.2372881355932,1071.1363636363637,2178.3923245614037,2130.901894892162,1875.9345874129751,95.50633046307637,0.005105192516049906,0.00045050608418484295
2025-01-24,2164.9795918367345,1300.0,2800.0,49,0.0,1.0,24,1,4,24,2180.866666666667,2169.7894736842104,2184.5208333333335,1929.6940816326533,1325.0935,2171.8785773958703,2164.5141106356023,1935.926451115599,35.34825062437628,-0.00728475292541142,-0.008945321646020354
2025-01-25,2158.074074074074,1200.0,3000.0,54,0.0,1.0,25,1,5,25,2164.9795918367345,2180.866666666667,2169.7894736842104,2086.2127659574467,1220.7358490566037,2167.9734441924916,2174.78001179512,2002.87918147399,10.564447764475299,-0.003189645661648921,-0.005399325488589568
2025-01-26,2213.269230769231,1250.0,2805.0,26,0.0,1.0,26,1,6,26,2158.074074074074,2164.9795918367345,2180.866666666667,2185.344827586207,1254.0,2178.7742988933464,2178.769212249838,2071.3984122432207,17.926023643816478,0.02557611777938562,0.014857654802019393
2025-01-27,2141.34,1297.0,4055.0,54,0.0,1.0,27,1,0,27,2213.269230769231,2158.074074074074,2164.9795918367345,2179.8846153846152,1837.16,2170.8944349477683,2173.262838623464,2093.1255551003637,22.78711146668134,-0.03249908767051879,-0.010919082990837325
2025-01-28,2155.796296296296,1250.0,3250.0,54,0.0,1.0,28,1,1,28,2141.34,2213.269230769231,2158.074074074074,2184.5208333333335,1919.057142857143,2170.135175688509,2169.159333332459,2110.0354946317316,23.007176634823864,0.006751051349293435,-0.001055467838264601
2025-01-29,2043.351851851852,1300.0,3100.0,54,0.0,1.0,29,1,2,29,2155.796296296296,2141.34,2213.269230769231,2169.7894736842104,1943.4871794871794,2113.496049382716,2151.0968159278364,2117.1686855149223,52.787821567289896,-0.052159123121987894,-0.07677212358765928
2025-01-30,2047.5573770491803,1250.0,3000.0,61,0.0,1.0,30,1,3,30,2043.351851851852,2155.796296296296,2141.34,2180.866666666667,1847.2372881355932,2082.235175065776,2132.052631696767,2131.4772632944646,63.264957854548165,0.00205815028553058,-0.043796231775813155
2025-01-31,1982.0408163265306,1230.0,2800.0,49,0.0,1.0,31,1,4,31,2047.5573770491803,2043.351851851852,2155.796296296296,2164.9795918367345,1929.6940816326533,2024.3166817425208,2105.918520909595,2135.216315772598,82.31357439105267,-0.031997423592138086,-0.08059921072704368
2025-02-01,2306.873015873016,1150.0,3200.0,63,0.0,1.0,1,2,5,32,1982.0408163265306,2047.5573770491803,2043.351851851852,2158.074074074074,2086.2127659574467,2112.1570697495754,2127.175512595158,2150.977762195139,111.9171096732296,0.1638877448288487,0.12896514312125906
2025-02-02,2064.464285714286,1300.0,2725.0,28,0.0,1.0,2,2,6,33,2306.873015873016,1982.0408163265306,2047.5573770491803,2213.269230769231,2185.344827586207,2117.7927059712774,2105.9176633015945,2142.343437775716,106.85654963346168,-0.10508108963552665,0.008257111060531397
2025-02-03,2103.793103448276,1300.0,2800.0,29,0.0,1.0,3,2,0,34,2064.464285714286,2306.873015873016,1982.0408163265306,2141.34,2179.8846153846152,2158.3768016785257,2100.5538209370625,2136.9083297802636,105.71842269319717,0.019050374475421128,0.0614277395898426
2025-02-04,1297.9574468085107,886.0,2250.0,47,0.0,1.0,4,2,1,35,2103.793103448276,2064.464285714286,2306.873015873016,2155.796296296296,2184.5208333333335,1822.0716119903575,1978.0054138673786,2073.582373599919,317.0280569954047,-0.38303940407397463,-0.4373520181312147
2025-02-05,988.4561818181818,600.0,1933.0,55,0.0,1.0,5,2,2,36,1297.9574468085107,2103.793103448276,2064.464285714286,2043.351851851852,2169.7894736842104,1463.4022440249894,1827.3060324339972,1989.2014241809168,486.3137077845191,-0.23845255154654543,-0.5212045136076622
2025-02-06,1095.2484375,400.0,1750.0,64,0.0,1.0,6,2,3,37,988.4561818181818,1297.9574468085107,2103.793103448276,2047.5573770491803,2180.866666666667,1127.2206887088976,1691.2618982126858,1911.6572649547265,544.1886554891188,0.10803944337257598,-0.4793934652106212
2025-02-07,1351.4915254237287,900.0,1800.0,59,0.0,1.0,7,2,4,38,1095.2484375,988.4561818181818,1297.9574468085107,1982.0408163265306,2164.9795918367345,1145.065381580637,1601.183428083714,1853.5509744966546,540.2068073307026,0.23395887101982638,0.04124486418784423
2025-02-08,1236.2641509433963,450.0,1900.0,53,0.0,1.0,8,2,5,39,1351.4915254237287,1095.2484375,988.4561818181818,2306.873015873016,2158.074074074074,1227.6680379557083,1448.2393045223398,1787.7074085587487,451.3618869800713,-0.08525941325766395,0.2507020277513896
2025-02-09,1243.7045454545455,500.0,2200.0,44,0.0,1.0,9,2,6,40,1236.2641509433963,1351.4915254237287,1095.2484375,2064.464285714286,2213.269230769231,1277.1534072738903,1330.9879130566626,1718.4527881791284,362.4526030454897,0.0060184504302509545,0.13554560122761705
2025-02-10,1144.8076923076924,450.0,1600.0,26,0.0,1.0,10,2,0,41,1243.7045454545455,1236.2641509433963,1351.4915254237287,2103.793103448276,2141.34,1208.2587962352115,1193.9899971794366,1647.2719090582493,125.3578519982566,-0.07951796389930266,-0.15293017324043923
2025-02-13,2395.4406779661017,1600.0,3155.0,59,0.0,3.0,13,2,3,44,1144.8076923076924,1243.7045454545455,1236.2641509433963,1297.9574468085107,2155.796296296296,1594.6509719094465,1350.773315916235,1664.389364891807,475.20083313745636,1.0924393625774784,0.9376446984555322
2025-02-14,2491.685185185185,1350.0,3150.0,54,0.0,1.0,14,2,4,45,2395.4406779661017,1144.8076923076924,1243.7045454545455,988.4561818181818,2043.351851851852,2010.6445184863267,1565.520316397236,1696.4131744156166,605.8722719016815,0.040178205248147414,1.0034381914030326
2025-02-15,2475.1458333333335,1450.0,3100.0,48,0.0,1.0,15,2,5,46,2491.685185185185,2395.4406779661017,1144.8076923076924,1095.2484375,2047.5573770491803,2454.0905654948733,1762.6485158019975,1726.9552070073419,650.2222070353606,-0.00663781763048954,1.1620625454952687
2025-02-16,2392.2916666666665,1350.0,3305.0,24,0.0,1.0,16,2,6,47,2475.1458333333335,2491.685185185185,2395.4406779661017,1351.4915254237287,1982.0408163265306,2453.040895061728,1911.3342502652745,1756.2588391744944,659.4671844748729,-0.033474458575673216,-0.0013145853823058884
2025-02-17,2433.4603174603176,1086.0,3300.0,63,0.0,1.0,17,2,0,48,2392.2916666666665,2475.1458333333335,2491.685185185185,1236.2641509433963,2306.873015873016,2433.632605820106,2082.362274053406,1765.300789287873,608.4849629743384,0.01720887606109245,-0.02336766621684605
2025-02-18,2381.6382978723404,1190.0,3500.0,47,0.0,1.0,18,2,1,49,2433.4603174603176,2392.2916666666665,2475.1458333333335,1243.7045454545455,2064.464285714286,2402.463427333108,2244.9242386845194,1787.956075870591,486.95624500162086,-0.021295609061774745,-0.037778596396909836
2025-02-19,2267.2,1350.0,3200.0,35,0.0,1.0,19,2,2,50,2381.6382978723404,2433.4603174603176,2392.2916666666665,1144.8076923076924,2103.793103448276,2360.766205110886,2405.265996926278,1799.6279970528572,74.19764726073228,-0.04805024254714718,-0.05228947139249329
2025-02-20,2165.1396923076927,1201.0,3500.0,65,0.0,1.0,20,2,3,51,2267.2,2381.6382978723404,2433.4603174603176,2395.4406779661017,1297.9574468085107,2271.3259967266777,2372.3658561179336,1861.5695860170847,117.6285931614239,-0.04501601433146929,-0.11026299595986755
2025-02-21,2135.8236842105266,951.0,3100.0,57,0.0,1.0,21,2,4,52,2165.1396923076927,2267.2,2381.6382978723404,2491.685185185185,988.4561818181818,2189.38779217274,2321.5284988358394,1943.5244076165377,133.31851216068867,-0.013540007696187017,-0.10321240378163832
2025-02-22,2112.744680851064,1500.0,3000.0,47,0.0,1.0,22,2,5,53,2135.8236842105266,2165.1396923076927,2267.2,2475.1458333333335,1095.2484375,2137.902685789761,2269.756905624087,2016.202710713042,134.08533741417617,-0.010805668805940472,-0.06812602291325676
2025-02-23,1948.2,1400.0,2800.0,25,0.0,1.0,23,2,6,54,2112.744680851064,2135.8236842105266,2165.1396923076927,2392.2916666666665,1351.4915254237287,2065.5894550205303,2206.31523895742,2058.8247446113473,167.3735476220309,-0.07788195248693341,-0.10019662614769653
2025-02-24,2056.7379032258063,1130.0,2600.0,62,0.0,1.0,24,2,0,55,1948.2,2112.744680851064,2135.8236842105266,2433.4603174603176,1236.2641509433963,2039.2275280256235,2152.497751209633,2117.4300126315197,140.58666687942787,0.05571188955230788,-0.037028234853549336
2025-02-25,2033.549019607843,1080.0,2800.0,51,0.0,1.0,25,2,1,56,2056.7379032258063,1948.2,2112.744680851064,2381.6382978723404,1243.7045454545455,2012.8289742778832,2102.770711457562,2173.8474750710407,102.40575071162196,-0.011274593413965639,-0.03748472873273023
2025-02-26,2060.967741935484,1500.0,2600.0,31,0.0,1.0,26,2,2,57,2033.549019607843,2056.7379032258063,1948.2,2267.2,1144.8076923076924,2050.4182215897113,2073.308960305488,2239.287478615883,72.52144572070802,0.013483187306164934,0.05788304174904213
2025-02-27,2054.6153846153848,1191.0,2600.0,65,0.0,1.0,27,2,3,58,2060.967741935484,2033.549019607843,2056.7379032258063,2165.1396923076927,2395.4406779661017,2049.710715386237,2057.5197734923013,2214.9428148051175,60.17701392142808,-0.0030822206436542654,-0.0010319830286069642
2025-02-28,2057.8823529411766,1301.0,2500.0,51,0.0,1.0,28,2,4,59,2054.6153846153848,2060.967741935484,2033.549019607843,2135.8236842105266,2491.685185185185,2057.821826497348,2046.38529759668,2183.9568982162596,49.54531794696684,0.0015900632061136566,0.011965943824666647
2025-03-01,2270.0440384615385,1525.0,3250.0,52,0.0,1.0,1,3,5,60,2057.8823529411766,2054.6153846153848,2060.967741935484,2112.744680851064,2475.1458333333335,2127.513925339367,2068.856634398176,2169.3067700111314,97.30824644621512,0.10309709163749581,0.10144569091106104
2025-03-02,1974.7,1100.0,3020.0,60,0.0,1.0,2,3,6,61,2270.0440384615385,2057.8823529411766,2054.6153846153848,1948.2,2392.2916666666665,2100.8754638009045,2072.6423486838903,2139.478793820655,92.21396848900682,-0.13010498186709185,-0.03889554473979784
2025-03-03,2029.8387096774193,1350.0,2836.0,62,0.0,1.0,3,3,0,62,1974.7,2270.0440384615385,2057.8823529411766,2056.7379032258063,2433.4603174603176,2091.527582712986,2068.7996067484064,2110.6486789790197,93.53816455930105,0.027922575417744122,-0.013627427837979433
2025-03-04,1267.8870967741937,837.0,2000.0,62,0.0,1.0,4,3,1,63,2029.8387096774193,1974.7,2270.0440384615385,2033.549019607843,2381.6382978723404,1757.475268817204,1959.4193320578852,2031.0950217577235,318.5818216917382,-0.3753754469606674,-0.4414702643242683
2025-03-05,993.6853703703704,275.0,1700.0,54,0.0,1.0,5,3,2,64,1267.8870967741937,2029.8387096774193,1974.7,2060.967741935484,2267.2,1430.4703922739943,1806.9504218342977,1940.129691069893,477.59272883025426,-0.21626667477053574,-0.4967917302018685
2025-03-06,1132.7868852459017,500.0,1700.0,61,0.0,1.0,6,3,3,65,993.6853703703704,1267.8870967741937,2029.8387096774193,2054.6153846153848,2165.1396923076927,1131.4531174634883,1675.2606362100857,1866.3902048511934,522.8658257782985,0.1399854712801949,-0.4419325634863257
2025-03-07,1331.605076923077,300.0,1900.0,65,0.0,1.0,7,3,4,66,1132.7868852459017,993.6853703703704,1267.8870967741937,2057.8823529411766,2135.8236842105266,1152.6924441797828,1571.5067396360716,1808.9460186163758,506.07603159596357,0.1755124412779694,0.05025524773538348
2025-03-08,1254.1379310344828,850.0,2000.0,29,0.0,1.0,8,3,5,67,1331.605076923077,1132.7868852459017,993.6853703703704,2270.0440384615385,2112.744680851064,1239.5099644011536,1426.3772957179206,1747.6169650580484,408.65805039469967,-0.0581757663973439,0.2621076735456369
2025-03-09,1234.5294117647059,500.0,2250.0,51,0.0,1.0,9,3,6,68,1254.1379310344828,1331.605076923077,1132.7868852459017,1974.7,1948.2,1273.4241399074217,1320.638640255736,1696.6404944698131,331.63523954485487,-0.0156350579825002,0.08981612326551458
2025-03-10,1160.1308888888889,837.0,2100.0,45,0.0,1.0,10,3,0,69,1234.5294117647059,1254.1379310344828,1331.605076923077,2029.8387096774193,2056.7379032258063,1216.266077229359,1196.3946658573743,1632.5971363028905,111.52999313253117,-0.060264682369509104,-0.12877255502090101
2025-03-12,1271.1538461538462,550.0,2500.0,13,0.0,2.0,12,3,2,71,1160.1308888888889,1234.5294117647059,1254.1379310344828,1267.8870967741937,2033.549019607843,1221.9380489358134,1196.8613443401816,1578.1403381990335,111.8852679067674,0.09569864773731629,0.013567817939552862
2025-03-13,1427.4,1112.0,1800.0,5,0.0,1.0,13,3,3,72,1271.1538461538462,1160.1308888888889,1234.5294117647059,993.6853703703704,2060.967741935484,1286.228245014245,1258.8205771444148,1532.8854994893559,100.08733577435088,0.12291679273827527,0.15623004717205902
2025-03-14,1456.851851851852,950.0,1900.0,27,0.0,1.0,14,3,4,73,1427.4,1271.1538461538462,1160.1308888888889,1132.7868852459017,2054.6153846153848,1385.1352326685658,1305.1155723738361,1490.188104291961,106.79743823401095,0.020633215533033322,0.2557650742729094
2025-03-15,1508.2,1000.0,2600.0,45,0.0,1.0,15,3,5,74,1456.851851851852,1427.4,1271.1538461538462,1331.605076923077,2057.8823529411766,1464.1506172839506,1330.3434185276824,1450.925079081877,131.98525057882532,0.03524596415406123,0.186481089258699
2025-03-16,1597.7575757575758,1000.0,3500.0,33,0.0,1.0,16,3,6,75,1508.2,1456.851851851852,1427.4,1254.1379310344828,2270.0440384615385,1520.936475869809,1379.4319392024097,1402.9046174601651,159.8728209915609,0.05938043744700683,0.11934816852849628
2025-03-17,1433.378787878788,1000.0,2666.0,66,0.0,1.0,17,3,0,76,1597.7575757575758,1508.2,1456.851851851852,1234.5294117647059,1974.7,1513.1121212121209,1407.8389929329928,1364.2388165943644,146.98112603523285,-0.10288093160869394,-0.016112183227983357
2025-03-18,1438.6969696969697,1000.0,2600.0,66,0.0,1.0,18,3,1,77,1433.378787878788,1597.7575757575758,1508.2,1160.1308888888889,2029.8387096774193,1489.9444444444443,1447.6341473341472,1322.0144065957609,98.42767072633387,0.003710241747090448,-0.04608343078042054
2025-03-19,1364.7083333333333,1000.0,1750.0,48,0.0,1.0,19,3,2,78,1438.6969696969697,1433.378787878788,1597.7575757575758,1271.1538461538462,1267.8870967741937,1412.2613636363633,1460.999074074074,1328.930209207128,73.72141620466903,-0.051427533331929176,-0.14586020179797443
2025-03-20,1348.0694444444443,877.0,2400.0,72,0.0,1.0,20,3,3,79,1364.7083333333333,1438.6969696969697,1433.378787878788,1427.4,993.6853703703704,1383.8249158249155,1449.6661375661374,1354.243357355276,84.98454620667998,-0.012192267374998789,-0.05951625917430403
2025-03-21,1307.732142857143,850.0,2000.0,56,0.0,1.0,21,3,4,80,1348.0694444444443,1364.7083333333333,1438.6969696969697,1456.851851851852,1132.7868852459017,1340.1699735449733,1428.3633219954647,1366.7394471846505,100.20910909137467,-0.029922272738645894,-0.09103016799111752
2025-03-22,1310.0576923076924,350.0,2300.0,52,0.0,1.0,22,3,5,81,1307.732142857143,1348.0694444444443,1364.7083333333333,1508.2,1331.605076923077,1321.953093203093,1400.0572780394211,1365.2003482835516,101.86992953373772,0.0017783071734158717,-0.04004565641667579
2025-03-23,1422.1875,850.0,2700.0,32,0.0,1.0,23,3,6,82,1310.0576923076924,1307.732142857143,1348.0694444444443,1597.7575757575758,1254.1379310344828,1346.6591117216115,1374.9758386454816,1377.203888923946,56.66522162509456,0.08559150360377554,0.05498088830735326
2025-03-24,1374.1846153846154,1000.0,2250.0,65,0.0,1.0,24,3,0,83,1422.1875,1310.0576923076924,1307.732142857143,1433.378787878788,1234.5294117647059,1368.809935897436,1366.5195282891711,1387.1792606110819,50.58794538907986,-0.033752852289437585,0.050815048701247534
2025-03-25,1456.076769230769,900.0,2700.0,65,0.0,1.0,25,3,1,84,1374.1846153846154,1422.1875,1310.0576923076924,1438.6969696969697,1160.1308888888889,1417.4829615384613,1369.0023567939995,1408.3182520640735,54.95847918707309,0.05959326929535824,0.11146003552397854
2025-03-26,1400.0655737704917,1000.0,2350.0,61,0.0,1.0,26,3,2,85,1456.076769230769,1374.1846153846154,1422.1875,1364.7083333333333,1271.1538461538462,1410.1089861286252,1374.053391142165,1417.5262326081195,56.11075473691761,-0.03846719942511512,-0.015554859137426158
2025-03-27,1387.095238095238,638.0,2000.0,63,0.0,1.0,27,3,3,86,1400.0655737704917,1456.076769230769,1374.1846153846154,1348.0694444444443,1427.4,1414.4125270321663,1379.62850452085,1414.6473210434938,55.02704160159228,-0.009264091567028121,0.009395115158532752
2025-03-28,1336.659574468085,800.0,2500.0,47,0.0,1.0,28,3,4,87,1387.095238095238,1400.0655737704917,1456.076769230769,1307.732142857143,1456.851851851852,1374.606795444605,1383.7609947509845,1406.0621583732245,49.54047443829127,-0.03636063497443143,-0.08201297986902911
2025-03-29,1406.9354838709678,900.0,2600.0,31,0.0,1.0,29,3,5,88,1336.659574468085,1387.095238095238,1400.0655737704917,1310.0576923076924,1508.2,1376.8967654780965,1397.600679260024,1398.8289786497226,37.615762939629924,0.05257577227982568,0.004906848814212994
2025-03-30,1328.75,875.0,1800.0,20,0.0,1.0,30,3,6,89,1406.9354838709678,1336.659574468085,1387.095238095238,1422.1875,1597.7575757575758,1357.4483527796842,1384.2524649743098,1379.6141518098957,43.547587451981954,-0.05557147770262527,-0.042062892649936456
2025-03-31,1238.888888888889,950.0,1600.0,18,0.0,1.0,31,3,0,90,1328.75,1406.9354838709678,1336.659574468085,1374.1846153846154,1433.378787878788,1324.8581242532855,1364.9245040463486,1365.7220161677599,70.46579711566895,-0.06762830563395006,-0.07314553940789559
2025-04-01,2311.9245283018868,1300.0,3500.0,53,0.0,1.0,1,4,1,91,1238.888888888889,1328.75,1406.9354838709678,1456.076769230769,1438.6969696969697,1626.5211390635916,1487.188469627937,1428.095413210968,368.2511690211063,0.8661274219477113,0.6432342170665708
2025-04-02,2034.6,1052.0,2900.0,55,0.0,1.0,2,4,2,92,2311.9245283018868,1238.888888888889,1328.75,1400.0655737704917,1364.7083333333333,1861.8044723969251,1577.836244803581,1475.9448179728731,417.97196706320443,-0.11995397120752138,0.5312135465663217
2025-04-03,2076.46875,1300.0,2750.0,64,0.0,1.0,3,4,3,93,2034.6,2311.9245283018868,1238.888888888889,1387.095238095238,1348.0694444444443,2140.997759433962,1676.3181750756899,1527.9733397982698,445.82597519877044,0.020578369212621794,0.6760734304932736
2025-04-04,1217.4132142857143,800.0,2000.0,56,0.0,1.0,4,4,4,94,2076.46875,2034.6,2311.9245283018868,1336.659574468085,1307.732142857143,1776.1606547619042,1659.2829807639225,1521.5219877574534,462.91813785410324,-0.41370983103612113,-0.4734200016555442
2025-04-05,1007.5,550.0,1550.0,30,0.0,1.0,5,4,5,95,1217.4132142857143,2076.46875,2034.6,1406.9354838709678,1310.0576923076924,1433.7939880952379,1602.2207687823557,1499.9107240211895,520.2736998762642,-0.1724256085136019,-0.5048166715816376
2025-04-06,1162.232142857143,600.0,1750.0,56,0.0,1.0,6,4,6,96,1007.5,1217.4132142857143,2076.46875,1328.75,1422.1875,1129.048452380952,1578.4325034762333,1481.3424842252714,538.354111358383,0.1535802906770649,-0.4402843082241701
2025-04-07,1309.6433962264152,623.0,1850.0,53,0.0,1.0,7,4,0,97,1162.232142857143,1007.5,1217.4132142857143,1238.888888888889,1374.1846153846154,1159.7918463611857,1588.540290238737,1476.732397142543,531.5376188937315,0.12683460380547373,0.07575914312283416
2025-04-08,1161.6091525423728,350.0,1800.0,59,0.0,1.0,8,4,1,98,1309.6433962264152,1162.232142857143,1007.5,2311.9245283018868,1456.076769230769,1211.16156387531,1424.209522273092,1455.6989959505147,440.67120644734746,-0.11303400918951356,0.15296193800731794
2025-04-09,1190.1698113207547,450.0,2200.0,53,0.0,1.0,9,4,2,99,1161.6091525423728,1309.6433962264152,1162.232142857143,2034.6,1400.0655737704917,1220.4741200298472,1303.576638176057,1440.706441489819,352.4860931239118,0.024587150261232038,0.024037941675689734
2025-04-10,1159.0,400.0,2000.0,45,0.0,1.0,10,4,3,100,1190.1698113207547,1161.6091525423728,1309.6433962264152,2076.46875,1387.095238095238,1170.2596546210423,1172.5096738903428,1424.4139244830164,90.15636321752469,-0.02618938156914341,-0.1150262710142903
2025-04-11,1347.5,1000.0,1600.0,14,0.0,1.0,11,4,4,101,1159.0,1190.1698113207547,1161.6091525423728,1217.4132142857143,1336.659574468085,1232.2232704402513,1191.093500420955,1425.188240592439,111.77119113315656,0.16264020707506477,0.16002873862587474
2025-04-12,1178.1818181818182,500.0,1770.0,11,0.0,1.0,12,4,5,102,1347.5,1159.0,1190.1698113207547,1007.5,1406.9354838709678,1228.2272727272723,1215.4766173040719,1408.8486930432139,78.79845432369726,-0.1256535672120087,-0.010072506481770938
2025-04-14,1091.7586206896551,700.0,2000.0,29,0.0,2.0,14,4,0,104,1178.1818181818182,1347.5,1159.0,1162.232142857143,1328.75,1205.8134796238242,1205.4089712801451,1391.920737378189,90.38514311428287,-0.07335302256279275,-0.05801672071643216
2025-04-15,1032.564,650.0,1814.0,65,0.0,1.0,15,4,1,105,1091.7586206896551,1178.1818181818182,1347.5,1309.6433962264152,1238.888888888889,1100.8348129571575,1165.8262003906573,1377.1832453146974,97.5190947700869,-0.05421951296547789,-0.23371873840445268
2025-04-16,1084.83453125,600.0,2000.0,64,0.0,1.0,16,4,2,106,1032.564,1091.7586206896551,1178.1818181818182,1161.6091525423728,2311.9245283018868,1069.7190506465515,1154.8583973488899,1289.5339598109908,102.27386528447128,0.05062207403124641,-0.07922995032793212
2025-04-17,1059.5626315789473,525.0,1800.0,57,0.0,1.0,17,4,3,107,1084.83453125,1032.564,1091.7586206896551,1190.1698113207547,2034.6,1058.9870542763156,1136.2002288143458,1219.8884334952015,106.58107818846983,-0.02329562614672054,-0.029490025084821347
2025-04-18,1022.2685714285714,650.0,1250.0,42,0.0,1.0,18,4,4,108,1059.5626315789473,1084.83453125,1032.564,1159.0,2076.46875,1055.5552447525058,1116.667167589856,1144.5884207400993,113.97877506349884,-0.03519759855517057,-0.009970741350103896
2025-04-19,1045.9918367346938,543.0,1740.0,49,0.0,1.0,19,4,5,109,1022.2685714285714,1059.5626315789473,1084.83453125,1347.5,1217.4132142857143,1042.6076799140703,1073.5945728376694,1132.3440366293123,52.7121648389448,0.023206489927564133,-0.03580517894332669
2025-04-20,1098.9032258064517,650.0,1600.0,31,0.0,1.0,20,4,6,110,1045.9918367346938,1022.2685714285714,1059.5626315789473,1178.1818181818182,1007.5,1055.7212113232388,1062.2690596411885,1138.8728384726303,30.20926793309185,0.050584896758786524,0.03712908803595649
2025-04-21,1047.9707272727273,543.0,1866.0,55,0.0,1.0,21,4,0,111,1098.9032258064517,1045.9918367346938,1022.2685714285714,1091.7586206896551,1162.232142857143,1064.288596604624,1056.013646295913,1130.711308788029,27.49695722307595,-0.046348483958945974,0.025142273334529452
2025-04-22,1081.9639655172414,700.0,1866.0,58,0.0,1.0,22,4,1,112,1047.9707272727273,1098.9032258064517,1045.9918367346938,1032.564,1309.6433962264152,1076.2793061988066,1063.0707842269476,1114.4484923088023,26.806114740881668,0.032437202070499715,0.03439044887275888
2025-04-23,1156.1503508771932,600.0,7800.0,57,0.0,1.0,23,4,2,113,1081.9639655172414,1047.9707272727273,1098.9032258064517,1084.83453125,1161.6091525423728,1095.361681222387,1073.2587584594037,1114.058577904147,44.30009036031719,0.06856641045756673,0.05209478298576253
2025-04-24,1035.803484848485,527.0,1650.0,66,0.0,1.0,24,4,3,114,1156.1503508771932,1081.9639655172414,1047.9707272727273,1059.5626315789473,1190.1698113207547,1091.3059337476395,1069.8645946407662,1103.032411727556,46.38544892014918,-0.10409274705266391,-0.011610288443749672
2025-04-25,1050.7,675.0,1800.0,50,0.0,1.0,25,4,4,115,1035.803484848485,1156.1503508771932,1081.9639655172414,1022.2685714285714,1159.0,1080.884611908559,1073.9262272938274,1095.2966974418418,42.614710825826336,0.014381603624064043,-0.028895570013087624
2025-04-26,1034.994423076923,500.0,1750.0,52,0.0,1.0,26,4,5,116,1050.7,1035.803484848485,1156.1503508771932,1045.9918367346938,1347.5,1040.4993026418024,1072.3551681998601,1072.9748705187649,43.99651328902629,-0.014947727156254809,-0.10479253646236131
2025-04-27,999.0384615384615,700.0,1400.0,26,0.0,1.0,27,4,6,117,1034.994423076923,1050.7,1035.803484848485,1098.9032258064517,1178.1818181818182,1028.2442948717946,1058.088773304433,1060.178916472811,49.76610131296476,-0.03474024664941522,-0.03549420700723094
2025-04-28,1026.931052631579,350.0,1900.0,57,0.0,1.0,28,4,0,118,999.0384615384615,1034.994423076923,1050.7,1047.9707272727273,1091.7586206896551,1020.3213124156542,1055.083105498555,1055.5483758972339,51.0966069791111,0.027919436705334144,-0.022622011390902363
2025-04-29,1016.9038888888889,627.0,1733.0,54,0.0,1.0,29,4,1,119,1026.931052631579,999.0384615384615,1034.994423076923,1081.9639655172414,1032.564,1014.2911343529762,1045.7888088373616,1054.4297965321546,51.30880977191957,-0.009764203465261634,-0.01747887117522151
2025-04-30,1026.9130303030304,600.0,1400.0,33,0.0,1.0,30,4,2,120,1016.9038888888889,1026.931052631579,999.0384615384615,1156.1503508771932,1084.83453125,1023.5826572744992,1027.326334469624,1050.2925464645139,16.259090260928897,0.009842760484550794,0.02790139703094474
2025-05-01,2372.8214285714284,1500.0,3200.0,28,0.0,1.0,1,5,3,121,1026.9130303030304,1016.9038888888889,1026.931052631579,1035.803484848485,1059.5626315789473,1472.2127825877824,1218.3288978586158,1144.096746249691,509.32921241602907,1.3106352325388606,1.310594681591248
2025-05-02,2063.76,1072.0,3125.0,50,0.0,1.0,2,5,4,122,2372.8214285714284,1026.9130303030304,1016.9038888888889,1050.7,1022.2685714285714,1821.1648196248195,1363.051755001473,1218.4889911476505,591.1202420173008,-0.13025060581887127,1.0294543295089071
2025-05-03,2025.6043055555556,1250.0,2750.0,72,0.0,1.0,3,5,5,123,2063.76,2372.8214285714284,1026.9130303030304,1034.994423076923,1045.9918367346938,2154.061911375661,1504.5674524984206,1288.4613103491404,617.482289069288,-0.018488435886171217,0.9725178722854677
2025-05-04,1267.8749019607842,877.0,2000.0,51,0.0,1.0,4,5,6,124,2025.6043055555556,2063.76,2372.8214285714284,999.0384615384615,1098.9032258064517,1785.7464025054467,1542.9726582730382,1300.5307157887357,588.4790208453155,-0.3740757271874733,-0.4656677967022087
2025-05-05,964.0524193548387,450.0,1733.0,62,0.0,1.0,5,5,0,125,1267.8749019607842,2025.6043055555556,2063.76,1026.931052631579,1047.9707272727273,1419.1772089570593,1533.9899963763608,1294.5365509374576,598.0705413554502,-0.23963127760954994,-0.5328660215553948
2025-05-06,1167.3030303030303,350.0,1800.0,66,0.0,1.0,6,5,1,126,964.0524193548387,1267.8749019607842,2025.6043055555556,1016.9038888888889,1081.9639655172414,1133.076783872884,1555.4755880069522,1300.6321984221572,578.7889812100075,0.2108294184710522,-0.42372603222578653
2025-05-07,1339.7777777777778,500.0,1900.0,54,0.0,1.0,7,5,2,127,1167.3030303030303,964.0524193548387,1267.8749019607842,1026.9130303030304,1156.1503508771932,1157.0444091452152,1600.1705519319166,1313.7484432007702,542.0860629626509,0.14775490425136084,0.0567113330390836
2025-05-08,1183.6666666666667,700.0,1850.0,66,0.0,1.0,8,5,3,128,1339.7777777777778,1167.3030303030303,964.0524193548387,2372.8214285714284,1035.803484848485,1230.2491582491582,1430.2913002312362,1324.3100990449261,435.4341102299794,-0.11652015259578696,0.2278032220061208
2025-05-09,1243.5185185185185,800.0,2000.0,27,0.0,1.0,9,5,4,129,1183.6666666666667,1339.7777777777778,1167.3030303030303,2063.76,1050.7,1255.6543209876543,1313.1139457338816,1338.0828503676773,335.43626758388103,0.05056478613223181,0.06529194753799517
2025-05-10,1299.4615384615386,800.0,2750.0,26,0.0,1.0,10,5,5,130,1243.5185185185185,1183.6666666666667,1339.7777777777778,2025.6043055555556,1034.994423076923,1242.2155745489079,1209.3792647204505,1356.9733586094355,124.04476660627647,0.044987685434446645,-0.030091736096048538
2025-05-12,1383.3333333333333,600.0,2500.0,15,0.0,2.0,12,5,0,132,1299.4615384615386,1243.5185185185185,1183.6666666666667,1267.8749019607842,999.0384615384615,1308.771130104463,1225.8733263451006,1384.4229923090695,139.79540089187017,0.06454349927978043,0.16868487749929573
2025-05-13,1076.6451612903227,500.0,2500.0,31,0.0,1.0,13,5,1,133,1383.3333333333333,1299.4615384615386,1243.5185185185185,964.0524193548387,1026.931052631579,1253.1466776950647,1241.9580037644555,1387.974000070408,107.36570265354138,-0.22170229304314015,-0.13419450916340392
2025-05-15,1032.8870967741937,325.0,1800.0,62,0.0,2.0,15,5,3,135,1076.6451612903227,1383.3333333333333,1299.4615384615386,1167.3030303030303,1016.9038888888889,1164.2885304659496,1222.7557275460501,1389.1156577765014,132.11141247772716,-0.040642976989453516,-0.20514223299209633
2025-05-16,1051.52125,650.0,4000.0,64,0.0,1.0,16,5,4,136,1032.8870967741937,1076.6451612903227,1383.3333333333333,1339.7777777777778,1026.9130303030304,1053.684502688172,1181.5762235777963,1390.8733877548564,134.46026493087862,0.018040842299223758,-0.23986415662650595
2025-05-17,1018.5416666666666,675.0,1750.0,48,0.0,1.0,17,5,5,137,1051.52125,1032.8870967741937,1076.6451612903227,1183.6666666666667,2372.8214285714284,1034.3166711469532,1157.9869378635105,1294.1391190473732,147.85020181646775,-0.03136368697573477,-0.05396717201981471
2025-05-18,1049.0625,700.0,1500.0,32,0.0,1.0,18,5,6,138,1018.5416666666666,1051.52125,1032.8870967741937,1243.5185185185185,2063.76,1039.708472222222,1130.207506646579,1221.6607261902304,147.36864057322677,0.029965228062998506,0.01566037883164939
2025-05-19,964.1081666666666,350.0,1675.0,60,0.0,1.0,19,5,0,139,1049.0625,1018.5416666666666,1051.52125,1299.4615384615386,2025.6043055555556,1010.5707777777776,1082.2998821044546,1145.8395734124526,137.34456510158688,-0.08098119352596567,-0.08313011585199381
2025-05-20,998.2321666666667,500.0,1750.0,60,0.0,1.0,20,5,1,140,964.1081666666666,1049.0625,1018.5416666666666,1383.3333333333333,1267.8749019607842,1003.8009444444442,1027.2854297235024,1126.5793780343015,37.50842039327239,0.03539436878538349,-0.01993978318674572
2025-05-21,997.6613559322035,500.0,1666.0,59,0.0,1.0,21,5,2,141,998.2321666666667,964.1081666666666,1049.0625,1076.6451612903227,964.0524193548387,986.6672297551787,1016.0020289580568,1128.980016361256,31.59980569612942,-0.0005718216197833081,-0.04899721805688084
2025-05-22,1016.55875,350.0,1750.0,64,0.0,1.0,22,5,3,142,997.6613559322035,998.2321666666667,964.1081666666666,1032.8870967741937,1167.3030303030303,1004.1507575329566,1013.6694079903149,1118.2125677681827,30.736522518842143,0.018941691943293648,0.05440321443876717
2025-05-23,1059.9103703703704,500.0,3500.0,54,0.0,1.0,23,5,4,143,1016.55875,997.6613559322035,998.2321666666667,1051.52125,1339.7777777777778,1024.7101587675245,1014.8678537575106,1098.2220386676534,32.56740101138185,0.04264546478043729,0.061787433588382346
2025-05-24,1020.7918867924528,350.0,1400.0,53,0.0,1.0,24,5,5,144,1059.9103703703704,1016.55875,997.6613559322035,1018.5416666666666,1183.6666666666667,1032.420335720941,1015.1893137754802,1086.5881258194952,32.62076936074743,-0.03690735053780836,0.023184751742374887
2025-05-25,1128.5714285714287,600.0,1700.0,28,0.0,1.0,25,5,6,145,1020.7918867924528,1059.9103703703704,1016.55875,1049.0625,1243.5185185185185,1069.7578952447504,1026.547732142827,1078.377619394703,53.525232520231995,0.10558424608726291,0.11018810134822865
2025-05-26,1114.4338181818182,450.0,1700.0,55,0.0,1.0,26,5,0,146,1128.5714285714287,1020.7918867924528,1059.9103703703704,964.1081666666666,1299.4615384615386,1087.9323778485666,1048.0228252164202,1065.1613536604375,54.44677909487148,-0.01252699654775613,0.051441564622483504
2025-05-27,1181.4083018867925,600.0,1700.0,53,0.0,1.0,27,5,1,147,1114.4338181818182,1128.5714285714287,1020.7918867924528,998.2321666666667,1383.3333333333333,1141.471182880013,1074.190844533581,1050.7381371285414,68.68518712905012,0.060097318128987,0.15734491738470902
2025-05-28,1158.6842105263158,640.0,1733.0,57,0.0,1.0,28,5,2,148,1181.4083018867925,1114.4338181818182,1128.5714285714287,997.6613559322035,1076.6451612903227,1151.5087768649753,1097.1941094755969,1056.5980692168268,65.68135766836953,-0.019234748328909368,0.02668221185876085
2025-05-29,1223.3529411764705,500.0,2000.0,68,0.0,1.0,29,5,3,149,1158.6842105263158,1181.4083018867925,1114.4338181818182,1016.55875,1032.8870967741937,1187.8151511965261,1126.7361367865212,1070.202772388418,69.74849394533746,0.05581221359768063,0.09773494057489396
2025-05-30,1199.732142857143,700.0,1650.0,56,0.0,1.0,30,5,4,150,1223.3529411764705,1158.6842105263158,1181.4083018867925,1059.9103703703704,1051.52125,1193.9230981866428,1146.710675713203,1080.789264735357,67.40298318531399,-0.0193082450078651,0.015510167772721628
2025-05-31,1131.7358490566037,350.0,1800.0,53,0.0,1.0,31,5,5,151,1199.732142857143,1223.3529411764705,1158.6842105263158,1020.7918867924528,1018.5416666666666,1184.940311030072,1162.5598131795102,1088.8745634774953,40.557183446798895,-0.05667622911111403,-0.023257727364275782
2025-06-01,1890.8048780487804,600.0,3500.0,82,0.0,1.0,1,6,6,152,1131.7358490566037,1199.732142857143,1223.3529411764705,1128.5714285714287,1049.0625,1407.424289987509,1271.4503059619892,1148.9990190524081,275.6975997550356,0.6707121892665362,0.5455922934475774
2025-06-02,2043.245283018868,1085.0,3105.0,53,0.0,1.0,2,6,0,153,1890.8048780487804,1131.7358490566037,1199.732142857143,1114.4338181818182,964.1081666666666,1688.5953367080838,1404.1376580815675,1226.0802416489937,388.1208519589397,0.08062196514290698,0.7030845553182496
2025-06-03,1998.5692307692307,1300.0,3000.0,65,0.0,1.0,3,6,1,154,2043.245283018868,1890.8048780487804,1131.7358490566037,1181.4083018867925,998.2321666666667,1977.5397972789594,1520.8749336362018,1297.5328890848912,430.5372926784931,-0.021865241839016503,0.7659326002929085
2025-06-04,1266.6666666666667,850.0,2000.0,27,0.0,1.0,4,6,2,155,1998.5692307692307,2043.245283018868,1890.8048780487804,1158.6842105263158,997.6613559322035,1769.4937268182548,1536.3009987991088,1316.747554137353,417.12271196165585,-0.3662132653872898,-0.3300912847370028
2025-06-05,1015.6470689655172,530.0,2000.0,58,0.0,1.0,5,6,3,156,1266.6666666666667,1998.5692307692307,2043.245283018868,1223.3529411764705,1016.55875,1426.9609888004716,1506.6287313404014,1316.6824340634612,449.2454905531184,-0.1981733666061707,-0.5029245497804786
2025-06-06,1224.9282352941177,600.0,1866.0,51,0.0,1.0,6,6,4,157,1015.6470689655172,1266.6666666666667,1998.5692307692307,1199.732142857143,1059.9103703703704,1169.0806569754338,1510.228173117112,1328.4694244151576,446.46911544476853,0.20605697857402672,-0.38709742127739344
2025-06-07,1308.04,800.0,1900.0,25,0.0,1.0,7,6,5,158,1224.9282352941177,1015.6470689655172,1266.6666666666667,1131.7358490566037,1020.7918867924528,1182.8717680865448,1535.41448039474,1348.9871467871253,426.06556493336655,0.0678503134397308,0.03266315789473673
2025-06-08,1219.6785714285713,800.0,1850.0,56,0.0,1.0,8,6,6,159,1308.04,1224.9282352941177,1015.6470689655172,1890.8048780487804,1128.5714285714287,1250.882268907563,1439.53929373471,1355.4947998483494,407.88757913553,-0.06755254317255488,0.2008881910828233
2025-06-09,1375.0,850.0,2400.0,29,0.0,1.0,9,6,0,160,1219.6785714285713,1308.04,1224.9282352941177,2043.245283018868,1114.4338181818182,1300.9061904761902,1344.0756818748719,1374.1066699782198,309.3393373764994,0.12734619776873313,0.12251474035933918
2025-06-10,1119.8163265306123,775.0,2000.0,49,0.0,1.0,10,6,1,161,1375.0,1219.6785714285713,1308.04,1998.5692307692307,1181.4083018867925,1238.1649659863945,1218.5395526979264,1369.707243167064,119.55484704043128,-0.18558812615955467,-0.14389749049676437
2025-06-12,1192.2,850.0,2200.0,15,0.0,2.0,12,6,3,163,1119.8163265306123,1375.0,1219.6785714285713,1266.6666666666667,1158.6842105263158,1229.0054421768707,1207.9014574598314,1372.1012281294702,117.85975999075396,0.06463888028284526,-0.02252935492372099
2025-06-13,1372.2856,900.0,1800.0,50,0.0,1.0,13,6,4,164,1192.2,1119.8163265306123,1375.0,1015.6470689655172,1223.3529411764705,1228.1006421768707,1258.8498190361859,1382.7392751882937,95.94771644200108,0.1510531789968126,-0.0019741090909091152
2025-06-14,1334.4371186440678,200.0,1800.0,59,0.0,1.0,14,6,5,165,1372.2856,1192.2,1119.8163265306123,1224.9282352941177,1199.732142857143,1299.6409062146893,1274.493945229036,1392.3610591730742,98.39154856209683,-0.027580615402458597,0.1916571378972376
2025-06-15,1355.1724137931035,900.0,2000.0,29,0.0,1.0,15,6,6,166,1334.4371186440678,1372.2856,1192.2,1308.04,1131.7358490566037,1353.9650441457236,1281.2271471994793,1408.3208137971098,102.59280872167082,0.0155386078964177,0.13669888759696658
2025-06-16,1369.05,650.0,2000.0,60,0.0,1.0,16,6,0,167,1355.1724137931035,1334.4371186440678,1372.2856,1219.6785714285713,1890.8048780487804,1352.8865108123903,1302.5659227096835,1371.0526082221968,103.189897213082,0.010240458015267073,-0.0023578182267597336
2025-06-17,1343.1587301587301,650.0,2100.0,63,0.0,1.0,17,6,1,168,1369.05,1355.1724137931035,1334.4371186440678,1375.0,2043.245283018868,1355.793714650611,1298.0171698752163,1321.046425875044,100.12090334384963,-0.018911851167795035,0.006535798047587527
2025-06-18,1366.3829090909092,700.0,1850.0,55,0.0,1.0,18,6,2,169,1343.1587301587301,1369.05,1355.1724137931035,1119.8163265306123,1998.5692307692307,1359.5305464165463,1333.2409673838301,1275.8902600408783,63.74231204835112,0.0172907180742774,0.008272375665047349
2025-06-19,1316.3039682539682,650.0,1900.0,63,0.0,1.0,19,6,3,170,1366.3829090909092,1343.1587301587301,1369.05,1192.2,1266.6666666666667,1341.9485358345357,1350.9701057058257,1279.4357815828282,20.706460791628377,-0.03665073714238698,-0.03852746922758976
2025-06-20,1349.4265454545452,700.0,1850.0,55,0.0,1.0,20,6,4,171,1316.3039682539682,1366.3829090909092,1343.1587301587301,1372.2856,1015.6470689655172,1344.0378075998071,1347.7045264850462,1303.2771727606162,18.465866433348054,0.025163319415129504,0.004666474002722243
2025-06-21,1329.2501886792454,600.0,1900.0,53,0.0,1.0,21,6,5,172,1349.4265454545452,1316.3039682539682,1366.3829090909092,1334.4371186440678,1224.9282352941177,1331.6602341292528,1346.9635364900716,1310.7287408595537,19.177349263426574,-0.014951800706205609,-0.027175925697408787
2025-06-22,1362.344827586207,592.0,1905.0,29,0.0,1.0,22,6,6,173,1329.2501886792454,1349.4265454545452,1316.3039682539682,1355.1724137931035,1308.04,1347.007187239999,1347.9881670319435,1314.6076571157114,19.86820627537522,0.02489722340370304,0.03497737638313936
2025-06-23,1383.4107142857142,600.0,2000.0,56,0.0,1.0,23,6,0,174,1362.344827586207,1329.2501886792454,1349.4265454545452,1369.05,1219.6785714285713,1358.3352435170552,1350.0396976441884,1326.302810176936,22.913490657273044,0.015462962293350868,0.025184156148137404
2025-06-24,1360.6560937499999,600.0,1905.0,64,0.0,1.0,24,6,1,175,1383.4107142857142,1362.344827586207,1329.2501886792454,1343.1587301587301,1375.0,1368.80387854064,1352.5393210143698,1325.2782454447931,22.991997370084754,-0.016448203198616285,0.02362678248100125
2025-06-25,1361.5264705882355,900.0,1800.0,51,0.0,1.0,25,6,2,176,1360.6560937499999,1383.4107142857142,1362.344827586207,1366.3829090909092,1119.8163265306123,1368.5310928746496,1351.8455440854163,1342.5432557346232,22.574123460413684,0.000639674376378796,-0.0006006974015686506
2025-06-26,1331.0837704918033,400.0,1905.0,61,0.0,1.0,26,6,3,177,1361.5264705882355,1360.6560937499999,1383.4107142857142,1316.3039682539682,1192.2,1351.0887782766795,1353.9569444051072,1352.4635250554663,19.12323129527689,-0.022359242184457617,-0.037824590523667045
2025-06-27,1359.6923076923076,750.0,2000.0,52,0.0,1.0,27,6,4,178,1331.0837704918033,1361.5264705882355,1360.6560937499999,1349.4265454545452,1372.2856,1350.7675162574487,1355.4234818676448,1351.5640041763454,19.111526205921244,0.02149266472532685,-0.0007083245076542344
2025-06-28,1332.6666666666667,600.0,1800.0,54,0.0,1.0,28,6,5,179,1359.6923076923076,1331.0837704918033,1361.5264705882355,1329.2501886792454,1334.4371186440678,1341.1475816169257,1355.911550151562,1351.4375433208168,18.360585006724225,-0.0198762917703853,-0.021196652834153173
2025-06-29,1353.9032258064517,850.0,1855.0,31,0.0,1.0,29,6,6,180,1332.6666666666667,1359.6923076923076,1331.0837704918033,1362.344827586207,1355.1724137931035,1348.7540667218084,1354.7056070401684,1351.346887036056,18.14356041567503,0.015935387048362948,0.017143515547648258
2025-06-30,1428.5555555555557,450.0,6500.0,54,0.0,1.0,30,6,0,181,1353.9032258064517,1332.6666666666667,1359.6923076923076,1383.4107142857142,1369.05,1371.7084826762245,1361.154870078717,1355.5972838614528,32.439208439037294,0.0551386009916901,0.05064619949209237
2025-07-01,2327.649827586207,1250.0,3300.0,58,0.0,1.0,1,7,1,182,1428.5555555555557,1353.9032258064517,1332.6666666666667,1360.6560937499999,1343.1587301587301,1703.3695363160714,1499.296832055318,1425.918076534844,366.7068893006316,0.6293729834546054,0.746610676027669
2025-07-02,2066.725490196078,1125.0,2800.0,51,0.0,1.0,2,7,2,183,2327.649827586207,1428.5555555555557,1353.9032258064517,1361.5264705882355,1366.3829090909092,1940.9769577792802,1600.0395491421527,1475.9425466137848,416.0918568901306,-0.11209776242877112,0.5264942506987782
2025-07-03,1940.0358064516129,1200.0,2650.0,62,0.0,1.0,3,7,3,184,2066.725490196078,2327.649827586207,1428.5555555555557,1331.0837704918033,1316.3039682539682,2111.4703747446324,1687.0326971364113,1520.4948207707591,414.1417208619592,-0.06129971510267951,0.3580401538511717
2025-07-04,1250.0166666666667,812.0,3000.0,60,0.0,1.0,4,7,4,185,1940.0358064516129,2066.725490196078,2327.649827586207,1359.6923076923076,1349.4265454545452,1752.2593211047858,1671.3647484184626,1513.3941151430536,430.3473553921194,-0.35567340432082706,-0.46297048127598095
2025-07-05,1025.2421428571429,575.0,1700.0,56,0.0,1.0,5,7,5,186,1250.0166666666667,1940.0358064516129,2066.725490196078,1332.6666666666667,1329.2501886792454,1405.0982053251407,1627.4469593028164,1491.6792547271891,483.1234664809305,-0.17981722148466595,-0.5039292118278009
2025-07-06,1218.3926470588235,500.0,1725.0,34,0.0,1.0,6,7,6,187,1025.2421428571429,1250.0166666666667,1940.0358064516129,1353.9032258064517,1362.344827586207,1164.5504855275442,1608.0883051960122,1481.3969561180904,498.38500127842804,0.18839501043471474,-0.37197414449411514
2025-07-07,1289.6872413793103,450.0,2066.0,58,0.0,1.0,7,7,0,188,1218.3926470588235,1025.2421428571429,1250.0166666666667,1428.5555555555557,1383.4107142857142,1177.7740104317588,1588.249974599406,1474.7024223390617,509.3652865275756,0.058515286096473496,0.031736036622959984
2025-07-08,1185.4603174603174,400.0,1800.0,63,0.0,1.0,8,7,1,189,1289.6872413793103,1218.3926470588235,1025.2421428571429,2327.649827586207,1360.6560937499999,1231.180068632817,1425.0800445814218,1462.18843831837,405.3546499841669,-0.0808156586921982,0.15627349667531099
2025-07-09,1269.1666666666667,700.0,2000.0,18,0.0,1.0,9,7,2,190,1185.4603174603174,1289.6872413793103,1218.3926470588235,2066.725490196078,1361.5264705882355,1248.1047418354312,1311.1430697915057,1455.5913094668292,290.86165598887106,0.07061084034063536,0.041672953075029495
2025-07-10,1153.6545454545455,800.0,2000.0,55,0.0,1.0,10,7,3,191,1269.1666666666667,1185.4603174603174,1289.6872413793103,1940.0358064516129,1331.0837704918033,1202.7605098605097,1198.8028896490675,1442.9177933927392,89.96051550585554,-0.09101414671999042,-0.10547727507894
2025-07-12,1025.0,700.0,1350.0,4,0.0,2.0,12,7,5,193,1153.6545454545455,1269.1666666666667,1185.4603174603174,1250.0166666666667,1359.6923076923076,1149.2737373737373,1166.6576515538295,1419.011199986146,107.16711658980427,-0.11151912499409,-0.1353569707032295
2025-07-13,1300.0344827586207,850.0,1700.0,29,0.0,1.0,13,7,6,194,1025.0,1153.6545454545455,1269.1666666666667,1025.2421428571429,1332.6666666666667,1159.5630094043886,1205.9137001111833,1416.680329707,96.5336874127057,0.2683263246425567,0.024321325876785815
2025-07-14,1413.2459016393443,375.0,11000.0,61,0.0,1.0,14,7,0,195,1300.0344827586207,1025.0,1153.6545454545455,1218.3926470588235,1353.9032258064517,1246.0934614659882,1233.7498793369723,1420.9190922664925,124.71264597019578,0.08708339692689804,0.22501654174345442
2025-07-15,1258.8002985074627,700.0,1900.0,67,0.0,1.0,15,7,1,196,1413.2459016393443,1300.0344827586207,1025.0,1289.6872413793103,1428.5555555555557,1324.026894301809,1229.3374589267082,1408.793716763057,122.93745919541608,-0.10928430993695226,0.22809785220240264
2025-07-16,1290.451403508772,800.0,1800.0,57,0.0,1.0,16,7,2,197,1258.8002985074627,1413.2459016393443,1300.0344827586207,1185.4603174603174,2327.649827586207,1320.8325345518595,1244.336185505059,1334.7081150432405,123.09663637894464,0.025143865185635494,-0.007371403895005679
2025-07-17,1284.439393939394,450.0,1800.0,66,0.0,1.0,17,7,3,198,1290.451403508772,1258.8002985074627,1413.2459016393443,1269.1666666666667,2066.725490196078,1277.8970319852094,1246.518003686877,1278.8305367391913,123.74374296964264,-0.0046588422880793345,-0.09114231822681151
2025-07-18,1267.4819298245613,750.0,1900.0,57,0.0,1.0,18,7,4,199,1284.439393939394,1290.451403508772,1258.8002985074627,1153.6545454545455,1940.0358064516129,1280.7909090909088,1262.7790585968794,1230.7909741229735,116.79040665622436,-0.013202229855955983,0.006896750284689501
2025-07-19,1234.58,450.0,1800.0,50,0.0,1.0,19,7,5,200,1267.4819298245613,1284.439393939394,1290.451403508772,1025.0,1250.0166666666667,1262.1671079213183,1292.7190585968794,1229.6883550753544,57.47677142418748,-0.02595850011772205,-0.0432960151438917
2025-07-20,1266.304347826087,775.0,1875.0,23,0.0,1.0,20,7,6,201,1234.58,1267.4819298245613,1284.439393939394,1300.0344827586207,1025.2421428571429,1256.122092550216,1287.9004678922317,1246.9070840017073,58.17096257279879,0.025696469913725428,-0.014119036054855427
2025-07-21,1221.1818181818182,450.0,1900.0,55,0.0,1.0,21,7,0,202,1266.304347826087,1234.58,1267.4819298245613,1413.2459016393443,1218.3926470588235,1240.688722002635,1260.4627416840137,1247.106310510493,25.077426906365787,-0.03563324229418652,-0.03652920846702068
2025-07-22,1247.27868852459,805.0,1900.0,61,0.0,1.0,22,7,1,203,1221.1818181818182,1266.304347826087,1234.58,1258.8002985074627,1289.6872413793103,1244.9216181774984,1258.8167974007463,1244.077128163727,25.577840845070707,0.021370175967430294,0.010285836903716428
2025-07-23,1256.9454545454546,700.0,2000.0,55,0.0,1.0,23,7,2,204,1247.27868852459,1221.1818181818182,1266.304347826087,1290.451403508772,1185.4603174603174,1241.8019870839541,1254.0302332631293,1249.1832093840942,21.47762750919372,0.007750285569538162,-0.007390714007022958
2025-07-24,1210.967213114754,400.0,1900.0,61,0.0,1.0,24,7,3,205,1256.9454545454546,1247.27868852459,1221.1818181818182,1284.439393939394,1269.1666666666667,1238.3971187282662,1243.5342074310379,1245.0261055589576,22.084201155014966,-0.036579345002148544,-0.00836452436073154
2025-07-25,1230.0344827586207,800.0,1750.0,29,0.0,1.0,25,7,4,206,1210.967213114754,1256.9454545454546,1247.27868852459,1267.4819298245613,1153.6545454545455,1232.6490501396095,1238.1845721359036,1250.4818153663914,19.726000683480915,0.015745487935072466,-0.013825463326377796
2025-07-26,1184.8125,937.0,1600.0,16,0.0,1.0,26,7,5,207,1230.0344827586207,1210.967213114754,1256.9454545454546,1234.58,1025.0,1208.6047319577913,1231.0749292787607,1261.89699393782,28.332686102487116,-0.03676480894844547,-0.05738749783023789
2025-07-27,1277.7931034482758,800.0,1650.0,29,0.0,1.0,27,7,6,208,1184.8125,1230.0344827586207,1210.967213114754,1266.304347826087,1300.0344827586207,1230.8800287356319,1232.7161800819306,1260.3083239870812,30.927513500254424,0.0784770615167174,0.055183897309356134
2025-07-28,1187.979649122807,450.0,1800.0,57,0.0,1.0,28,7,0,209,1277.7931034482758,1184.8125,1230.0344827586207,1221.1818181818182,1413.2459016393443,1216.8617508570276,1227.9730130735004,1244.2178773787568,35.237051552722484,-0.07028794730782051,-0.03418996314761569
2025-07-29,1183.8648648648648,700.0,1600.0,37,0.0,1.0,29,7,1,210,1187.979649122807,1277.7931034482758,1184.8125,1247.27868852459,1258.8002985074627,1216.5458724786492,1218.913895407825,1238.8653464042857,37.523870527935536,-0.003463682446900873,-0.0007998186507445215
2025-07-30,1228.7540983606557,777.0,1800.0,61,0.0,1.0,30,7,2,211,1183.8648648648648,1187.979649122807,1277.7931034482758,1256.9454545454546,1290.451403508772,1200.1995374494422,1214.8865588099968,1234.4583960365633,34.12022660043948,0.03791753166094258,-0.03837789150315696
2025-07-31,1200.90625,400.0,1800.0,64,0.0,1.0,31,7,3,212,1228.7540983606557,1183.8648648648648,1187.979649122807,1210.967213114754,1284.439393939394,1204.5084044085067,1213.449278365032,1228.491742898035,34.5223756371471,-0.022663483603276635,0.010881163567690644
2025-08-01,2253.345185185185,1000.0,3600.0,54,0.0,1.0,1,8,4,213,1200.90625,1228.7540983606557,1183.8648648648648,1230.0344827586207,1267.4819298245613,1561.00184451528,1359.636521568827,1298.910546852365,395.5300713400622,0.8763706036047236,0.903380404352484
2025-08-02,2100.5641025641025,1380.0,2800.0,39,0.0,1.0,2,8,5,214,2253.345185185185,1200.90625,1228.7540983606557,1184.8125,1234.58,1851.6051792497626,1490.4581790779844,1360.7665541783724,472.1006819266343,-0.06780189898358902,0.7095073012302247
2025-08-03,1771.6666666666667,1200.0,2500.0,48,0.0,1.0,3,8,6,215,2100.5641025641025,2253.345185185185,1200.90625,1277.7931034482758,1266.304347826087,2041.8586514719846,1561.0115452520404,1396.8638626669854,471.9254284318394,-0.15657576719318367,0.47527474910440914
2025-08-04,1194.8884057971013,750.0,2000.0,69,0.0,1.0,4,8,0,216,1771.6666666666667,2100.5641025641025,2253.345185185185,1187.979649122807,1221.1818181818182,1689.0397250092901,1561.998510491225,1394.9857617823625,471.02161999483224,-0.32555687349175844,-0.4697268693438539
2025-08-05,995.7012903225806,240.0,2000.0,62,0.0,1.0,5,8,1,217,1194.8884057971013,1771.6666666666667,2100.5641025641025,1183.8648648648648,1247.27868852459,1320.7521209287827,1535.1179998423274,1377.015947625076,500.6358879235771,-0.16669934573651213,-0.5259838587610087
2025-08-06,1227.1666666666667,500.0,1750.0,30,0.0,1.0,6,8,2,218,995.7012903225806,1194.8884057971013,1771.6666666666667,1228.7540983606557,1256.9454545454546,1139.2521209287827,1534.8912238860432,1374.88889134802,500.7981258525278,0.23246467448997432,-0.3073377234242709
2025-08-07,1342.988,800.0,2000.0,60,0.0,1.0,7,8,3,219,1227.1666666666667,995.7012903225806,1194.8884057971013,1200.90625,1210.967213114754,1188.618652329749,1555.1886167431862,1384.3189475541092,487.71398254220014,0.09438109466250166,0.12394428926114043
2025-08-08,1180.2068965517242,750.0,1900.0,29,0.0,1.0,8,8,4,220,1342.988,1227.1666666666667,995.7012903225806,2253.345185185185,1230.0344827586207,1250.1205210727967,1401.8831469384058,1380.7598342536166,390.6960241068987,-0.12120815930468165,0.18530216644528874
2025-08-09,1188.764705882353,700.0,2200.0,51,0.0,1.0,9,8,5,221,1180.2068965517242,1342.988,1227.1666666666667,2100.5641025641025,1184.8125,1237.3198674780256,1271.6260902695847,1381.0421346737846,243.02139343330234,0.007251109407708567,-0.03129319091482863
2025-08-10,1146.5849056603774,700.0,2200.0,53,0.0,1.0,10,8,6,222,1188.764705882353,1180.2068965517242,1342.988,1771.6666666666667,1277.7931034482758,1171.852169364818,1182.3286958401147,1371.6701205460774,103.38676030588957,-0.03548204284099077,-0.14624337249448438
2025-08-12,1558.9166666666667,900.0,2400.0,12,0.0,2.0,12,8,1,224,1146.5849056603774,1188.764705882353,1180.2068965517242,1194.8884057971013,1187.979649122807,1298.0887594031321,1234.3327331071955,1398.1656217992106,176.47603588580603,0.3596172939053355,0.32088422057305355
2025-08-13,1373.2,450.0,2000.0,65,0.0,1.0,13,8,2,225,1558.9166666666667,1146.5849056603774,1188.764705882353,995.7012903225806,1183.8648648648648,1359.5671907756812,1288.2611202039698,1411.6895600231485,146.54009874240555,-0.11913187576842899,0.15514869612548865
2025-08-14,1377.2973684210526,600.0,2000.0,57,0.0,1.0,14,8,3,226,1373.2,1558.9166666666667,1146.5849056603774,1227.1666666666667,1228.7540983606557,1436.4713450292395,1309.7083633117393,1422.2997935988913,147.093527402177,0.0029838103852699582,0.2012170765738417
2025-08-15,1494.5833333333333,900.0,1900.0,12,0.0,1.0,15,8,4,227,1377.2973684210526,1373.2,1558.9166666666667,1342.988,1200.90625,1415.026900584795,1331.3648395022153,1443.2767281227007,163.0987606825755,0.0851566027797892,-0.04126797455497955
2025-08-16,1379.9,700.0,2000.0,50,0.0,1.0,16,8,5,228,1494.5833333333333,1377.2973684210526,1373.2,1180.2068965517242,2253.345185185185,1417.2602339181285,1359.8924257091119,1380.8877863237592,149.11819153562433,-0.0767326456649009,0.004879114477133628
2025-08-17,1412.857142857143,800.0,1900.0,28,0.0,1.0,17,8,6,229,1379.9,1494.5833333333333,1377.2973684210526,1188.764705882353,2100.5641025641025,1429.113492063492,1391.9056309912246,1331.7658606304046,128.9470549382921,0.023883718281862976,0.025818516212556375
2025-08-18,1407.5208333333333,600.0,2000.0,48,0.0,1.0,18,8,0,230,1412.857142857143,1379.9,1494.5833333333333,1146.5849056603774,1771.6666666666667,1400.0926587301585,1429.1821920873613,1305.7554439637381,70.8270664845107,-0.0037769632625548333,-0.05825202118762196
2025-08-19,1762.4406779661017,875.0,25000.0,59,0.0,1.0,19,8,1,231,1407.5208333333333,1412.857142857143,1379.9,1558.9166666666667,1194.8884057971013,1527.6062180521924,1458.2570508444235,1346.2948919758096,140.48226027653712,0.25215956753708335,0.2772234784883698
2025-08-20,1374.2631578947369,850.0,2000.0,57,0.0,1.0,20,8,2,232,1762.4406779661017,1407.5208333333333,1412.857142857143,1373.2,995.7012903225806,1514.741556398057,1458.4089305436717,1373.3350253738208,140.37551032665894,-0.22024997772936727,-0.027316268426374357
2025-08-21,1354.392857142857,550.0,2000.0,56,0.0,1.0,21,8,3,233,1374.2631578947369,1762.4406779661017,1407.5208333333333,1377.2973684210526,1227.1666666666667,1497.0322310012318,1455.1368575039291,1382.422610407834,142.82682764962252,-0.01445887611679808,-0.03774578317583899
2025-08-22,1356.1538461538462,900.0,1700.0,26,0.0,1.0,22,8,4,234,1354.392857142857,1374.2631578947369,1762.4406779661017,1494.5833333333333,1342.988,1361.6032870638132,1435.3612164782883,1383.3630279902518,146.002908882823,0.0013002054770903104,-0.23052511037200984
2025-08-23,1314.4473684210527,500.0,2200.0,38,0.0,1.0,23,8,5,235,1356.1538461538462,1354.392857142857,1374.2631578947369,1379.9,1180.2068965517242,1341.664690572585,1426.0108405384385,1392.9516331237753,152.11470552443666,-0.030753500313460913,-0.04352571713071118
2025-08-24,1307.421052631579,850.0,1866.0,19,0.0,1.0,24,8,6,236,1314.4473684210527,1356.1538461538462,1354.392857142857,1412.857142857143,1188.764705882353,1326.0074224021591,1410.9485419347868,1401.4270864630055,158.7113259869631,-0.005345452361408709,-0.03468107814033139
2025-08-25,1288.8360655737704,450.0,2400.0,61,0.0,1.0,25,8,0,237,1307.421052631579,1314.4473684210527,1356.1538461538462,1407.5208333333333,1146.5849056603774,1303.5681622088005,1393.993575111992,1411.5878835996766,165.339610789565,-0.01421499754834199,-0.04963874915150235
2025-08-26,1279.795918367347,800.0,2800.0,49,0.0,1.0,26,8,1,238,1288.8360655737704,1307.421052631579,1314.4473684210527,1762.4406779661017,1558.9166666666667,1292.0176788575654,1325.0443237407412,1391.6506872925822,36.589988904202556,-0.007014194782327787,-0.026361991271913743
2025-08-27,1234.0740740740741,850.0,2100.0,27,0.0,1.0,27,8,2,239,1279.795918367347,1288.8360655737704,1307.421052631579,1374.2631578947369,1373.2,1267.5686860050637,1305.017311766361,1381.7131211550163,42.96992738462803,-0.035725886945788043,-0.0561005029021614
2025-08-28,1244.2622950819673,450.0,2400.0,61,0.0,1.0,28,8,3,240,1234.0740740740741,1279.795918367347,1288.8360655737704,1354.392857142857,1377.2973684210526,1252.7107625077958,1289.284374329091,1372.21061591651,42.02982727559932,0.008255761320921762,-0.03458451519352812
2025-08-29,1209.4772727272727,482.0,2500.0,44,0.0,1.0,29,8,4,241,1244.2622950819673,1234.0740740740741,1279.795918367347,1356.1538461538462,1494.5833333333333,1229.2712139611046,1268.3305781252948,1351.8458973017914,39.630069520945334,-0.027956342076895457,-0.05494520230208322
2025-08-30,1289.6129032258063,750.0,2000.0,31,0.0,1.0,30,8,5,242,1209.4772727272727,1244.2622950819673,1234.0740740740741,1314.4473684210527,1379.9,1247.7841570116818,1264.7827973831168,1345.3968189607774,35.733565543124634,0.06625641697080775,0.045004453394260846
2025-08-31,1241.4285714285713,800.0,1800.0,21,0.0,1.0,31,8,6,243,1289.6129032258063,1209.4772727272727,1244.2622950819673,1307.421052631579,1412.857142857143,1246.83958246055,1255.3553000684012,1333.151921001594,31.001562752327082,-0.037363407016716366,-0.002277432712215477
2025-09-01,2062.630769230769,1000.0,3300.0,65,0.0,1.0,1,9,0,244,1241.4285714285713,1289.6129032258063,1209.4772727272727,1288.8360655737704,1407.5208333333333,1531.2240812950488,1365.8974005908296,1379.945487851411,308.43757091066806,0.6614977427635655,0.7053902671355741
2025-09-02,2035.7142857142858,1200.0,2800.0,14,0.0,1.0,2,9,1,245,2062.630769230769,1241.4285714285713,1289.6129032258063,1279.795918367347,1762.4406779661017,1779.924542124542,1473.8857387832497,1399.4650312619954,393.7878525619529,-0.013049588863896178,0.578546772153256
2025-09-03,1739.2857142857142,1050.0,2650.0,28,0.0,1.0,3,9,2,246,2035.7142857142858,2062.630769230769,1241.4285714285713,1234.0740740740741,1374.2631578947369,1945.876923076923,1546.0588302420551,1425.538071004208,388.7754415047332,-0.1456140350877193,0.40103567318757194
2025-09-04,1208.3494545454546,831.0,2000.0,55,0.0,1.0,4,9,3,247,1739.2857142857142,2035.7142857142858,2062.630769230769,1244.2622950819673,1354.392857142857,1661.1164848484848,1540.928424451125,1415.106399390108,393.62848174746733,-0.3052610938958372,-0.41417074128294296
2025-09-05,1010.9950943396226,240.0,1750.0,53,0.0,1.0,5,9,4,248,1208.3494545454546,1739.2857142857142,2035.7142857142858,1209.4772727272727,1356.1538461538462,1319.5434210569304,1512.5738275386034,1390.452202831949,427.20055322966573,-0.1633255673376961,-0.5033708308507117
2025-09-06,1280.4289999999999,700.0,1766.0,60,0.0,1.0,6,9,5,249,1010.9950943396226,1208.3494545454546,1739.2857142857142,1289.6129032258063,1314.4473684210527,1166.5911829616923,1511.2618413634882,1388.0223193733023,428.01274788391527,0.266503672637868,-0.26381905544147854
2025-09-07,1301.3476923076923,800.0,1800.0,52,0.0,1.0,7,9,6,250,1280.4289999999999,1010.9950943396226,1208.3494545454546,1241.4285714285713,1307.421052631579,1197.5905955491048,1519.8217157747913,1387.5885079215964,422.2776595178675,0.016337252832989924,0.07696303202058452
2025-09-08,1165.4545454545455,850.0,1450.0,11,0.0,1.0,8,9,0,251,1301.3476923076923,1280.4289999999999,1010.9950943396226,2062.630769230769,1288.8360655737704,1249.077079254079,1391.6536838067593,1378.7755421987947,361.90598280133975,-0.10442493397914754,0.15277962472786788
2025-09-09,1248.909090909091,800.0,2500.0,44,0.0,1.0,9,9,1,252,1165.4545454545455,1301.3476923076923,1280.4289999999999,2035.7142857142858,1279.795918367347,1238.5704428904428,1279.2529416917314,1376.5693402374905,224.71467627504663,0.07160686427457108,-0.024616678543604387
2025-09-10,1131.906976744186,750.0,2000.0,43,0.0,1.0,10,9,2,253,1248.909090909091,1165.4545454545455,1301.3476923076923,1739.2857142857142,1234.0740740740741,1182.090204369274,1192.4845506143704,1369.2716904282129,100.29915261783337,-0.09368345143499446,-0.13020403122476476
2025-09-12,1457.2222222222222,1160.0,2200.0,9,0.0,2.0,12,9,4,255,1131.906976744186,1248.909090909091,1165.4545454545455,1208.3494545454546,1244.2622950819673,1279.3460966251662,1228.0378031396228,1384.4831137953738,142.21206191861648,0.28740457666739716,0.25034668053388787
2025-09-13,1125.0,900.0,1500.0,10,0.0,1.0,13,9,5,256,1457.2222222222222,1131.906976744186,1248.909090909091,1010.9950943396226,1209.4772727272727,1238.043066322136,1244.3242182339625,1378.449022886283,117.61387641139443,-0.2279832253145253,-0.09921385936817595
2025-09-14,1650.0,600.0,9500.0,15,0.0,1.0,14,9,6,257,1125.0,1457.2222222222222,1131.906976744186,1280.4289999999999,1289.6129032258063,1410.7407407407406,1297.1200753768196,1404.190958370154,194.4031937632278,0.46666666666666656,0.4577169625246549
2025-09-15,1029.15,350.0,1840.0,40,0.0,1.0,15,9,0,258,1650.0,1125.0,1457.2222222222222,1301.3476923076923,1241.4285714285713,1268.05,1258.234690761435,1389.0282032681132,219.07425950568975,-0.3762727272727272,-0.29375905451772766
2025-09-16,1174.2608695652175,750.0,2000.0,46,0.0,1.0,16,9,1,259,1029.15,1650.0,1125.0,1165.4545454545455,2062.630769230769,1284.4702898550725,1259.4927370629593,1325.5732104348594,218.47713670902615,0.1410006991840036,0.04378743961352671
2025-09-17,1112.6875,700.0,2000.0,48,0.0,1.0,17,9,2,260,1174.2608695652175,1029.15,1650.0,1248.909090909091,2035.7142857142858,1105.3661231884057,1240.0325097902326,1259.6427257409819,225.52990065329294,-0.05243585234004744,-0.32564393939393943
2025-09-18,1095.8775510204082,300.0,1850.0,49,0.0,1.0,18,9,3,261,1112.6875,1174.2608695652175,1029.15,1131.906976744186,1739.2857142857142,1127.6086401952084,1234.8854489725495,1213.68499979346,228.79630392123784,-0.015107520287225173,0.06483753682204552
2025-09-19,1070.7659574468084,750.0,1760.0,47,0.0,1.0,19,9,4,262,1095.8775510204082,1112.6875,1174.2608695652175,1457.2222222222222,1208.3494545454546,1093.1103361557387,1179.6774111474904,1203.8576071435566,212.23122877506967,-0.022914598031703037,-0.0881362181103158
2025-09-20,1075.425,450.0,2000.0,40,0.0,1.0,20,9,5,263,1070.7659574468084,1095.8775510204082,1112.6875,1125.0,1010.9950943396226,1080.6895028224053,1172.5952682903478,1208.4597432621551,215.16676304376355,0.004351130628303501,-0.03348873785317086
2025-09-21,1111.388888888889,805.0,1700.0,18,0.0,1.0,21,9,6,264,1075.425,1070.7659574468084,1095.8775510204082,1650.0,1280.4289999999999,1085.8599487785657,1095.6508238459032,1196.3854496113615,45.03373886507532,0.03344155928018133,0.014154261900919174
2025-09-22,1052.3783783783783,650.0,1900.0,37,0.0,1.0,22,9,0,265,1111.388888888889,1075.425,1070.7659574468084,1029.15,1301.3476923076923,1079.7307557557556,1098.9691636142431,1178.601927187839,39.87750228269037,-0.053096185413106234,-0.017172360533644904
2025-09-23,1108.8478260869565,500.0,1900.0,46,0.0,1.0,23,9,1,266,1052.3783783783783,1111.388888888889,1075.425,1174.2608695652175,1165.4545454545455,1090.8716977847412,1089.6244431173486,1174.558590090154,23.659992634973566,0.05365888245974104,0.03107871407764984
2025-09-24,1131.595238095238,750.0,2000.0,42,0.0,1.0,24,9,2,267,1108.8478260869565,1052.3783783783783,1111.388888888889,1112.6875,1248.909090909091,1097.607147520191,1092.3255485595255,1166.179029174879,27.499523489681785,0.02051445786619399,0.01818116899346589
2025-09-25,1208.9642857142858,700.0,1725.0,28,0.0,1.0,25,9,3,268,1131.595238095238,1108.8478260869565,1052.3783783783783,1095.8775510204082,1131.906976744186,1149.8024499654932,1108.4807963729365,1171.6831226727431,52.12545253703414,0.06837166242346471,0.14879240257405568
2025-09-26,1073.2903225806451,800.0,1500.0,31,0.0,1.0,26,9,4,269,1208.9642857142858,1131.595238095238,1108.8478260869565,1070.7659574468084,1457.2222222222222,1137.949948796723,1108.8414199634847,1144.2594155554875,51.8289282769564,-0.11222330116516321,-0.03206707238791384
2025-09-27,1083.7619047619048,450.0,1825.0,42,0.0,1.0,27,9,5,270,1073.2903225806451,1208.9642857142858,1131.595238095238,1075.425,1125.0,1122.0055043522784,1110.0324063580424,1141.313837324195,51.02258104253693,0.00975652343168587,-0.04227070928104015
2025-09-28,1264.4,724.0,1790.0,10,0.0,1.0,28,9,6,271,1083.7619047619048,1073.2903225806451,1208.9642857142858,1111.388888888889,1650.0,1140.48407578085,1131.8911365167728,1113.770980181338,77.57008442943766,0.16667691902104664,0.045853889102242196
2025-09-29,1314.0,350.0,11000.0,54,0.0,1.0,29,9,0,272,1264.4,1083.7619047619048,1073.2903225806451,1052.3783783783783,1029.15,1220.7206349206347,1169.2656538912902,1134.1174087527666,94.13296057516388,0.03922809237583036,0.22427266169752347
2025-09-30,1367.3863636363637,700.0,12000.0,44,0.0,1.0,30,9,1,273,1314.0,1264.4,1083.7619047619048,1108.8478260869565,1174.2608695652175,1315.2621212121212,1206.1997306840626,1147.9120869007056,114.90481938937495,0.04062889165628891,0.2617036616882833
2025-10-01,1704.8776315789473,600.0,3300.0,76,0.0,1.0,1,10,2,274,1367.3863636363637,1314.0,1264.4,1131.595238095238,1112.6875,1462.0879984051035,1288.0972154674496,1190.2113820134875,214.2359048428496,0.2468148556382228,0.3483688955860069
2025-10-02,2100.0,1800.0,2400.0,2,0.0,1.0,2,10,3,275,1704.8776315789473,1367.3863636363637,1314.0,1208.9642857142858,1095.8775510204082,1724.0879984051035,1415.3880317939802,1261.9344140834583,368.5298687704695,0.23175995807694183,0.5981735159817352
2025-10-03,1516.5901639344263,800.0,2500.0,61,0.0,1.0,3,10,4,276,2100.0,1704.8776315789473,1367.3863636363637,1073.2903225806451,1070.7659574468084,1773.8225985044576,1478.716580558806,1293.7790002611453,336.65587730302724,-0.2778142076502732,0.1091160510781144
2025-10-04,1168.3773333333334,776.0,2000.0,30,0.0,1.0,4,10,5,277,1516.5901639344263,2100.0,1704.8776315789473,1083.7619047619048,1075.425,1594.9891657559194,1490.8044989261527,1300.4184526420977,321.27908594073216,-0.2296024587801222,-0.31468551660727817
2025-10-05,988.7252173913043,300.0,1500.0,46,0.0,1.0,5,10,6,278,1168.3773333333334,1516.5901639344263,2100.0,1264.4,1111.388888888889,1224.5642382196877,1451.4223871249105,1291.6567618208414,367.26227210730985,-0.1537620688253929,-0.5291784679089027
2025-10-06,1349.2965625,687.0,1979.67,64,0.0,1.0,6,10,0,279,988.7252173913043,1168.3773333333334,1516.5901639344263,1314.0,1052.3783783783783,1168.7997044082122,1456.4647531963394,1312.8652035438147,365.29810941740067,0.36468306741487067,-0.11030903761133704
2025-10-07,1276.51828125,400.0,1900.0,64,0.0,1.0,7,10,1,280,1349.2965625,988.7252173913043,1168.3773333333334,1367.3863636363637,1108.8478260869565,1204.846687047101,1443.4835985697157,1324.8416646268893,370.56768457660945,-0.05393794312731004,0.0925565267584787
2025-10-08,1245.7777777777778,800.0,1600.0,27,0.0,1.0,8,10,2,281,1276.51828125,1349.2965625,988.7252173913043,1704.8776315789473,1131.595238095238,1290.5308738425922,1377.8979051695485,1332.9975603184994,356.9717126854577,-0.024081522312489168,0.2599838214551584
2025-10-09,1175.040930232558,800.0,2200.0,43,0.0,1.0,9,10,3,282,1245.7777777777778,1276.51828125,1349.2965625,2100.0,1208.9642857142858,1232.4456630867783,1245.7608952027713,1330.574463498376,164.35277760905637,-0.05678127255681231,-0.1291455393205614
2025-10-10,1202.5,1000.0,1790.0,6,0.0,1.0,10,10,4,283,1175.040930232558,1245.7777777777778,1276.51828125,1516.5901639344263,1073.2903225806451,1207.7729026701118,1200.8908717835675,1339.8037261711868,112.91648262278784,0.023368607050996637,-0.05798450546083789
2025-10-12,1596.8181818181818,1000.0,2700.0,11,0.0,2.0,12,10,6,285,1202.5,1175.040930232558,1245.7777777777778,1168.3773333333334,1083.7619047619048,1324.7863706835794,1262.0967072814033,1376.450603103778,185.28312427345196,0.32791532791532796,0.2817841273959718
2025-10-13,1080.9756097560976,500.0,2250.0,41,0.0,1.0,13,10,0,286,1596.8181818181818,1202.5,1175.040930232558,988.7252173913043,1264.4,1293.431263858093,1275.2753347620878,1363.3488609434994,164.7402823493721,-0.3230440246332438,-0.08005280331625841
2025-10-14,1044.2978723404256,500.0,2000.0,47,0.0,1.0,14,10,1,287,1080.9756097560976,1596.8181818181818,1202.5,1349.2965625,1314.0,1240.6972213049014,1231.70409331072,1344.0844232535296,181.39204236079993,-0.03393021737460633,-0.13156102092272304
2025-10-15,1051.404255319149,500.0,2000.0,47,0.0,1.0,15,10,2,288,1044.2978723404256,1080.9756097560976,1596.8181818181818,1276.51828125,1367.3863636363637,1058.892579138557,1199.54494674917,1321.514272659443,191.7805531404284,0.006804938674055627,-0.3415629485618765
2025-10-16,1072.9791666666667,550.0,2000.0,48,0.0,1.0,16,10,3,289,1051.404255319149,1044.2978723404256,1080.9756097560976,1245.7777777777778,1704.8776315789473,1056.2270981087468,1174.8594308761542,1276.3786680228516,195.9143020739111,0.020520091333441348,-0.007397431558363365
2025-10-17,1108.2,650.0,2290.0,25,0.0,1.0,17,10,4,290,1072.9791666666667,1051.404255319149,1044.2978723404256,1175.040930232558,2100.0,1077.5278073286047,1165.3107265572173,1205.5358108799942,197.52623667341385,0.032825272314234155,0.06119147548999626
2025-10-18,1068.5555555555557,600.0,2000.0,27,0.0,1.0,18,10,5,291,1108.2,1072.9791666666667,1051.404255319149,1202.5,1516.5901639344263,1083.2449074074073,1146.1758059222966,1173.5333388529323,199.79789362778348,-0.035773727165172686,0.016312755202993356
2025-10-19,1128.3333333333333,650.0,1770.0,6,0.0,1.0,19,10,6,292,1068.5555555555557,1108.2,1072.9791666666667,1596.8181818181818,1168.3773333333334,1101.696296296296,1079.2493989958898,1170.6730531386463,30.002736139226457,0.05594260164292386,0.05158922781197206
2025-10-20,1358.3333333333333,1000.0,1875.0,3,0.0,1.0,20,10,0,293,1128.3333333333333,1068.5555555555557,1108.2,1080.9756097560976,988.7252173913043,1185.0740740740737,1118.871930935495,1197.0736328487912,109.76963180192672,0.20384047267355987,0.22571136377308543
2025-10-21,1000.0,850.0,1200.0,3,0.0,1.0,21,10,1,294,1358.3333333333333,1128.3333333333333,1068.5555555555557,1044.2978723404256,1349.2965625,1162.2222222222217,1112.5436634582911,1172.1238783845056,115.8915796191526,-0.263803680981595,-0.0641572215867735
2025-10-22,1150.0,1150.0,1150.0,2,0.0,1.0,22,10,2,295,1000.0,1358.3333333333333,1128.3333333333333,1051.404255319149,1276.51828125,1169.4444444444441,1126.6287698412698,1163.08685829522,113.18227756331582,0.1499999999999999,0.019202363367799125
2025-10-23,1233.3333333333333,900.0,1500.0,3,0.0,1.0,23,10,3,296,1150.0,1000.0,1358.3333333333333,1072.9791666666667,1245.7777777777778,1127.7777777777776,1149.5365079365079,1162.197969406331,116.68733180546792,0.0724637681159419,-0.09202453987730064
2025-10-24,1445.0,800.0,1800.0,6,0.0,1.0,24,10,4,297,1233.3333333333333,1150.0,1000.0,1108.2,1175.040930232558,1276.1111111111106,1197.6507936507935,1181.4807601040054,158.68242774415478,0.17162162162162176,0.44500000000000006
2025-10-26,1343.75,900.0,1700.0,8,0.0,2.0,26,10,6,299,1445.0,1233.3333333333333,1150.0,1068.5555555555557,1202.5,1340.6944444444441,1236.9642857142858,1191.5700458182912,155.42480509777698,-0.07006920415224915,0.1684782608695652
2025-10-27,1292.3333333333333,800.0,1800.0,24,0.0,1.0,27,10,0,300,1343.75,1445.0,1233.3333333333333,1128.3333333333333,1596.8181818181818,1360.3611111111106,1260.392857142857,1169.8211280693733,148.52832622256147,-0.03826356589147295,0.047837837837837904
2025-10-28,1349.2105263157894,900.0,1780.0,19,0.0,1.0,28,10,1,301,1292.3333333333333,1343.75,1445.0,1358.3333333333333,1080.9756097560976,1328.4312865497072,1259.0895989974938,1188.9807649664942,147.56260493498732,0.044011240378480254,-0.06629029320706614
2025-10-29,1370.9130434782608,850.0,1800.0,23,0.0,1.0,29,10,2,302,1349.2105263157894,1292.3333333333333,1343.75,1000.0,1044.2978723404256,1337.485634375794,1312.0771766372452,1212.310420047768,96.92919493901684,0.01608534527353056,0.020214357937310412
2025-10-30,1316.857142857143,550.0,1825.0,28,0.0,1.0,30,10,3,303,1370.9130434782608,1349.2105263157894,1292.3333333333333,1150.0,1051.404255319149,1345.6602375503974,1335.9139113311228,1231.2713405861962,66.01530180376646,-0.03943058305431835,0.018976380854121455
2025-10-31,1339.375,900.0,1800.0,16,0.0,1.0,31,10,4,304,1316.857142857143,1370.9130434782608,1349.2105263157894,1233.3333333333333,1072.9791666666667,1342.3817287784675,1351.0627208549322,1250.2996143957203,48.357901070984916,0.017099696246474227,-0.0072898381119562705
2025-11-01,1699.1917808219177,400.0,3000.0,73,0.0,1.0,1,11,5,305,1339.375,1316.857142857143,1370.9130434782608,1445.0,1108.2,1451.8079745596867,1387.3758324009207,1292.513313025857,139.74384605723327,0.26864528666125453,0.23945992702115726
2025-11-02,1516.8607142857145,900.0,2300.0,14,0.0,1.0,2,11,6,306,1699.1917808219177,1339.375,1316.857142857143,1343.75,1068.5555555555557,1518.4758317025437,1412.105934441737,1324.5351100780115,145.9178597822579,-0.10730458362269601,0.15187947494033427
2025-11-03,1437.065934065934,650.0,3000.0,91,0.0,1.0,3,11,0,307,1516.8607142857145,1699.1917808219177,1339.375,1292.3333333333333,1128.3333333333333,1551.0394763911884,1432.78202026068,1346.5874387017684,136.03746588840232,-0.05260521250783112,0.07293770158912483
2025-11-04,1109.9625,700.0,2000.0,56,0.0,1.0,4,11,1,308,1437.065934065934,1516.8607142857145,1699.1917808219177,1349.2105263157894,1358.3333333333333,1354.6297161172158,1398.6037307869956,1328.8466648922445,182.61449034954978,-0.22761894657153992,-0.34677032190969104
2025-11-05,1047.2916666666667,625.0,1450.0,24,0.0,1.0,5,11,2,309,1109.9625,1437.065934065934,1516.8607142857145,1370.9130434782608,1000.0,1198.1067002441998,1352.3721055281967,1332.2246410827208,226.48773422568976,-0.05646211771418708,-0.309566358464341
2025-11-06,1366.8357627118644,825.0,2401.0,59,0.0,1.0,6,11,3,310,1047.2916666666667,1109.9625,1437.065934065934,1316.857142857143,1150.0,1174.696643126177,1359.5119083645855,1347.712909847854,225.96873302956575,0.3051147127545153,-0.048870528268223024
2025-11-07,1315.7241379310344,875.0,1850.0,58,0.0,1.0,7,11,4,311,1366.8357627118644,1047.2916666666667,1109.9625,1339.375,1233.3333333333333,1243.2838557698549,1356.1332137833047,1353.5979673191184,226.49620105845244,-0.03739412310914525,0.1853771077230395
2025-11-08,1231.0471186440677,700.0,1750.0,59,0.0,1.0,8,11,5,312,1315.7241379310344,1366.8357627118644,1047.2916666666667,1699.1917808219177,1445.0,1304.5356730956553,1289.2554049007545,1338.3156186508375,170.51492412471512,-0.06435773035229153,0.17545776198359353
2025-11-09,1107.9056603773586,350.0,2200.0,53,0.0,1.0,9,11,6,313,1231.0471186440677,1315.7241379310344,1366.8357627118644,1516.8607142857145,1343.75,1218.2256389841534,1230.833254342418,1321.4695943920776,148.1235719160383,-0.10002984971228623,-0.1894376115977363
2025-11-10,954.4285714285714,550.0,1450.0,14,0.0,1.0,10,11,0,314,1107.9056603773586,1231.0471186440677,1315.7241379310344,1437.065934065934,1292.3333333333333,1097.7937834833322,1161.8850596799377,1297.3335399703087,148.45549897935115,-0.13852902321711402,-0.274598265766103
2025-11-12,1442.142857142857,750.0,3200.0,21,0.0,2.0,12,11,2,316,954.4285714285714,1107.9056603773586,1231.0471186440677,1109.9625,1349.2105263157894,1168.1590296495954,1209.3393964146314,1303.9715636008136,179.03411843081346,0.5110013471037269,0.17147657088162482
2025-12-01,1909.8275862068965,1150.0,3000.0,29,0.0,19.0,1,12,0,335,1442.142857142857,954.4285714285714,1107.9056603773586,1047.2916666666667,1370.9130434782608,1435.4663382594415,1332.558813491807,1342.465459510002,302.89226838429266,0.3242984748339055,0.7238178795443639
2025-12-02,2309.1666666666665,1600.0,2700.0,24,0.0,1.0,2,12,1,336,1909.8275862068965,1442.142857142857,954.4285714285714,1366.8357627118644,1316.857142857143,1887.0457033388063,1467.177514056779,1413.3447112106821,478.9215289453757,0.20909692756763265,1.419423240033927
2025-12-03,1429.5245901639344,875.0,2500.0,61,0.0,1.0,3,12,2,337,2309.1666666666665,1909.8275862068965,1442.142857142857,1315.7241379310344,1339.375,1882.8396143458322,1483.434721518622,1419.7839676509632,474.8376082586639,-0.38093485810295147,-0.008749665067108392
2025-12-04,1074.2461363636364,662.0,1700.0,44,0.0,1.0,4,12,3,338,1429.5245901639344,2309.1666666666665,1909.8275862068965,1231.0471186440677,1699.1917808219177,1604.3124643980784,1461.0345811928457,1375.1449930468002,492.11244606473906,-0.24852909578810078,-0.437516693065894
2025-12-05,988.1563888888891,350.0,1606.0,36,0.0,1.0,5,12,4,339,1074.2461363636364,1429.5245901639344,2309.1666666666665,1107.9056603773586,1516.8607142857145,1163.9757051388196,1443.9275424087787,1337.3803983755984,508.25078324903643,-0.0801396854599491,-0.5720722964032238
2025-12-06,1340.4435294117648,700.0,2025.0,68,0.0,1.0,6,12,5,340,988.1563888888891,1074.2461363636364,1429.5245901639344,954.4285714285714,1437.065934065934,1134.2820182214298,1499.072536406378,1330.4787980431577,465.4256220303219,0.35650950040306606,-0.06231516503116186
2025-12-07,1273.3090909090909,550.0,1933.0,55,0.0,1.0,7,12,6,341,1340.4435294117648,988.1563888888891,1074.2461363636364,1442.142857142857,1109.9625,1200.636336403248,1474.9534269444114,1342.1464116795214,473.1775710919674,-0.050083749915324605,0.18530478984945664
2025-12-08,1296.3934426229507,670.0,1900.0,61,0.0,1.0,8,12,0,342,1273.3090909090909,1340.4435294117648,988.1563888888891,1909.8275862068965,1047.2916666666667,1303.3820209812684,1387.3199778609905,1359.939395676399,434.4331299762549,0.018129417184462815,0.3119314485034621
2025-12-09,1042.6364285714285,700.0,1800.0,42,0.0,1.0,9,12,1,343,1296.3934426229507,1273.3090909090909,1340.4435294117648,2309.1666666666665,1366.8357627118644,1204.112987367823,1206.3870867045277,1336.7823003806534,169.4310677429015,-0.19574074174434564,-0.22217056840210558
2025-12-10,1141.1904761904761,600.0,1900.0,21,0.0,1.0,10,12,2,344,1042.6364285714285,1296.3934426229507,1273.3090909090909,1429.5245901639344,1315.7241379310344,1160.073449128285,1165.1964989940338,1324.3156102563278,138.33830589046948,0.09452388667647238,-0.10376004982756182
2025-12-12,1620.625,1300.0,2030.0,16,0.0,2.0,12,12,4,346,1141.1904761904761,1042.6364285714285,1296.3934426229507,1074.2461363636364,1231.0471186440677,1268.1506349206347,1243.250622370657,1352.1426017817516,212.6503190267847,0.42011788024201957,0.25010274405665167
2025-12-15,1994.5454545454545,650.0,2500.0,11,0.0,3.0,15,12,0,349,1620.625,1141.1904761904761,1042.6364285714285,988.1563888888891,1107.9056603773586,1585.453643578643,1387.0204888930236,1415.4740156509013,323.0075810129575,0.2307260807067979,0.912982704122747
2025-12-16,1883.75,800.0,2400.0,8,0.0,1.0,16,12,1,350,1994.5454545454545,1620.625,1141.1904761904761,1340.4435294117648,954.4285714285714,1832.9734848484843,1464.6356989770572,1481.8541176917176,371.57442783969736,-0.05554922515952598,0.6506885040684331
2025-12-17,1920.7777777777778,1300.0,2500.0,27,0.0,1.0,17,12,2,351,1883.75,1994.5454545454545,1620.625,1273.3090909090909,1442.142857142857,1933.0244107744104,1557.1312256725837,1516.0423263084976,395.8065816434127,0.019656418196564163,0.18520803873677005
2025-12-18,1692.8947368421052,800.0,2200.0,19,0.0,1.0,18,12,3,352,1920.7777777777778,1883.75,1994.5454545454545,1296.3934426229507,1909.8275862068965,1832.4741715399607,1613.7742677038918,1500.5471227824412,380.34317846189407,-0.11864102322097836,-0.15123782564889887
2025-12-19,1620.0,1200.0,2200.0,15,0.0,1.0,19,12,4,353,1692.8947368421052,1920.7777777777778,1883.75,1042.6364285714285,2309.1666666666665,1744.5575048732942,1696.2547779079734,1451.3209323062506,286.99148852768616,-0.04305922586662514,-0.14001327140013275
2025-12-20,1487.0740740740741,550.0,2300.0,27,0.0,1.0,20,12,5,354,1620.0,1692.8947368421052,1920.7777777777778,1141.1904761904761,1429.5245901639344,1599.989603638726,1745.6667204627731,1455.4316097284034,188.30564439675533,-0.08205304069501596,-0.22579587744162277
2025-12-21,1325.0,1250.0,1400.0,2,0.0,1.0,21,12,6,355,1487.0740740740741,1620.0,1692.8947368421052,1620.625,1074.2461363636364,1477.3580246913577,1703.4345776056302,1473.3425999881438,245.49075844334575,-0.10898856815521407,-0.2173169594279496
2025-12-22,1566.8181818181818,1150.0,2400.0,11,0.0,1.0,22,12,0,356,1325.0,1487.0740740740741,1620.0,1994.5454545454545,988.1563888888891,1459.630751964085,1642.3306815017343,1514.675585197379,211.88714330128792,0.18250428816466546,-0.03282828282828287
2025-12-23,1413.5,700.0,2310.0,10,0.0,1.0,23,12,1,357,1566.8181818181818,1325.0,1487.0740740740741,1883.75,1340.4435294117648,1435.1060606060603,1575.1521100731627,1519.89390452511,196.5818062183348,-0.09785320568610378,-0.04947572912256237
2025-12-24,1530.0,900.0,2100.0,17,0.0,1.0,24,12,2,358,1413.5,1566.8181818181818,1325.0,1920.7777777777778,1273.3090909090909,1503.4393939393938,1519.326713247766,1538.228969460175,124.25291785251544,0.08241952599929259,0.15471698113207544
2025-12-25,1254.3333333333333,550.0,1800.0,15,0.0,1.0,25,12,3,359,1530.0,1413.5,1566.8181818181818,1692.8947368421052,1296.3934426229507,1399.2777777777774,1456.6750841750843,1535.2246759394877,132.44607190286055,-0.18017429193899792,-0.199439125809883
2025-12-26,1438.4375,900.0,2350.0,16,0.0,1.0,26,12,4,360,1254.3333333333333,1530.0,1413.5,1620.0,1042.6364285714285,1407.5902777777774,1430.737584175084,1563.4961810415286,111.2055722364092,0.14677451501461602,0.017642377078174842
2025-12-27,1437.923076923077,800.0,2200.0,26,0.0,1.0,27,12,5,361,1438.4375,1254.3333333333333,1530.0,1487.0740740740741,1141.1904761904761,1376.8979700854698,1423.7160131535131,1584.6913668081431,108.57623264568457,-0.00035762629723090633,-0.06018099547511313
2025-12-28,1483.3333333333333,1200.0,2000.0,6,0.0,1.0,28,12,6,362,1437.923076923077,1438.4375,1254.3333333333333,1325.0,1620.625,1453.231303418803,1446.3350607725608,1574.8848191890954,100.79749846377523,0.03158044900943313,0.1825671007175127
2025-12-29,1751.6,1400.0,2000.0,10,0.0,1.0,29,12,0,363,1483.3333333333333,1437.923076923077,1438.4375,1566.8181818181818,1994.5454545454545,1557.6188034188033,1472.7324633699632,1557.5315724358486,149.8630234562781,0.18085393258426974,0.2177101890071691
2025-12-30,1388.076923076923,900.0,2000.0,13,0.0,1.0,30,12,1,364,1751.6,1483.3333333333333,1437.923076923077,1413.5,1883.75,1541.0034188034185,1469.1005952380951,1522.1263526556288,151.8328561935148,-0.20753772375147117,-0.034665382763601316
2025-12-31,1461.3333333333333,800.0,2300.0,12,0.0,1.0,31,12,2,365,1388.076923076923,1751.6,1483.3333333333333,1530.0,1920.7777777777778,1533.670085470085,1459.2910714285715,1489.3088923381686,149.44190781863406,0.052775468735568376,-0.014831460674157304
2026-01-01,1729.25,1200.0,2400.0,8,0.0,1.0,1,1,3,1,1461.3333333333333,1388.076923076923,1751.6,1254.3333333333333,1692.8947368421052,1526.220085470085,1527.1363095238096,1491.9056968494467,148.68681697882084,0.1833371350364965,-0.012759762502854488
2026-01-02,1399.4444444444443,800.0,1900.0,9,0.0,1.0,2,1,4,2,1729.25,1461.3333333333333,1388.076923076923,1438.4375,1620.0,1530.009259259259,1521.5658730158727,1476.1517285954785,153.2248579245783,-0.19072173228599432,0.008189403035620657
2026-01-03,926.0,500.0,2340.0,15,0.0,1.0,3,1,5,3,1399.4444444444443,1729.25,1461.3333333333333,1437.923076923077,1487.0740740740741,1351.5648148148146,1448.4340048840047,1436.075009018759,274.2054714150752,-0.338308852719333,-0.3663321167883211
2026-01-04,973.5555555555555,575.0,1300.0,9,0.0,1.0,4,1,6,4,926.0,1399.4444444444443,1729.25,1483.3333333333333,1325.0,1099.6666666666663,1375.608608058608,1410.9718344155842,326.164235949397,0.05135589152867759,-0.43700705186898625
2026-01-15,1537.7142857142858,450.0,4000.0,7,0.0,11.0,15,1,3,15,973.5555555555555,926.0,1399.4444444444443,1751.6,1566.8181818181818,1145.7566137566134,1345.0535060177917,1408.8929846938775,293.44848411144545,0.5794828317083511,0.09880338002608768
2026-01-16,1197.5,800.0,1550.0,20,0.0,1.0,16,1,4,16,1537.7142857142858,973.5555555555555,926.0,1388.076923076923,1413.5,1236.2566137566134,1317.8282312925169,1393.4644132653061,297.6028087343551,-0.2212467484206615,0.2931965442764579
2026-01-17,1305.7894736842106,800.0,2300.0,19,0.0,1.0,17,1,5,17,1197.5,1537.7142857142858,973.5555555555555,1461.3333333333333,1530.0,1347.0012531328318,1295.6076799140708,1377.4493756713211,290.83200696379515,0.0904296231183388,0.3412583044005817
2026-01-18,950.0,900.0,1000.0,2,0.0,1.0,18,1,6,18,1305.7894736842106,1197.5,1537.7142857142858,1729.25,1254.3333333333333,1151.09649122807,1184.2862513426423,1355.711280433226,242.26408492914175,-0.27247077791213226,-0.3821999256781866
2026-01-19,1280.3846153846155,950.0,2100.0,13,0.0,1.0,19,1,0,19,950.0,1305.7894736842106,1197.5,1399.4444444444443,1438.4375,1178.724696356275,1167.2777043340955,1344.4217886749843,228.4250912562817,0.3477732793522268,0.0692147101332905
2026-01-20,1320.0,950.0,2100.0,10,0.0,1.0,20,1,1,20,1280.3846153846155,950.0,1305.7894736842106,926.0,1437.923076923077,1183.461538461538,1223.5634186198097,1335.9987117519072,206.55940689012678,0.03094022228897564,0.010882708585247869
2026-01-21,1425.111111111111,1100.0,1750.0,9,0.0,1.0,21,1,2,21,1320.0,1280.3846153846155,950.0,973.5555555555555,1483.3333333333333,1341.8319088319083,1288.071355127746,1331.839981593177,184.83747595109776,0.07962962962962972,0.5001169590643275
2026-01-22,1395.2941176470588,900.0,2100.0,17,0.0,1.0,22,1,3,22,1425.111111111111,1320.0,1280.3846153846155,1537.7142857142858,1751.6,1380.135076252723,1267.725616832428,1306.3895614251098,158.78016229932595,-0.020922574549857353,0.08974608167087794
2026-01-23,1458.2857142857142,1050.0,2270.0,14,0.0,1.0,23,1,4,23,1395.2941176470588,1425.111111111111,1320.0,1197.5,1388.076923076923,1426.230314347961,1304.9807188732443,1311.4044750828805,169.77080369536037,0.04514574801252702,0.10476190476190461
2026-01-24,1266.774193548387,600.0,2260.0,31,0.0,1.0,24,1,5,24,1458.2857142857142,1395.2941176470588,1425.111111111111,1305.7894736842106,1461.3333333333333,1373.4513418270528,1299.4071074252695,1297.5073936696701,170.37917674276554,-0.1313264738598442,-0.11110496320478058
2026-01-25,1212.5,700.0,1600.0,8,0.0,1.0,25,1,6,25,1266.774193548387,1458.2857142857142,1395.2941176470588,950.0,1729.25,1312.5199692780334,1336.9071074252695,1260.596679383956,91.10264522960625,-0.042844410491469254,-0.13100758853288363
2026-01-26,1393.3333333333333,1000.0,2310.0,6,0.0,1.0,26,1,0,26,1212.5,1266.774193548387,1458.2857142857142,1280.3846153846155,1399.4444444444443,1290.8691756272399,1353.0426385608007,1260.160171447448,89.4099091409441,0.1491408934707903,-0.04454022988505746
2026-01-27,1270.3333333333333,800.0,1950.0,15,0.0,1.0,27,1,1,27,1393.3333333333333,1212.5,1266.774193548387,1320.0,926.0,1292.055555555555,1345.9474004655626,1284.755409542686,94.30571518409782,-0.08827751196172251,0.0028096086919615626
2026-01-28,1263.4642857142858,700.0,2310.0,28,0.0,1.0,28,1,2,28,1270.3333333333333,1393.3333333333333,1212.5,1425.111111111111,973.5555555555555,1309.0436507936504,1322.8549968374446,1305.4631759825954,91.4377428426374,-0.005407279679124244,0.04203240058910174
2026-01-29,1143.5294117647059,350.0,2310.0,17,0.0,1.0,29,1,3,29,1263.4642857142858,1270.3333333333333,1393.3333333333333,1395.2941176470588,1537.7142857142858,1225.7756769374412,1286.8886102828226,1277.3071135576254,106.47404801356716,-0.09492541681285127,-0.1792851111736561
2026-01-30,1193.8125,876.0,2300.0,16,0.0,1.0,30,1,4,30,1143.5294117647059,1263.4642857142858,1270.3333333333333,1458.2857142857142,1197.5,1200.2687324929968,1249.1067225277206,1277.0437207004827,78.86088505590145,0.04397183641975322,-0.060236814484387224
2026-01-31,1223.0,825.0,2033.0,16,0.0,1.0,31,1,5,31,1193.8125,1143.5294117647059,1263.4642857142858,1266.774193548387,1305.7894736842106,1186.7806372549014,1242.8532663065228,1271.1301868658961,78.9619281433578,0.024448981728705244,-0.03202645786810643
2026-02-01,1273.6363636363637,900.0,2310.0,11,0.0,1.0,1,2,6,32,1223.0,1193.8125,1143.5294117647059,1212.5,950.0,1230.149621212121,1251.5870325402886,1294.2470699827793,78.42432039240346,0.04140340444510526,0.11377665544332216
2026-02-02,1119.5,750.0,1875.0,18,0.0,1.0,2,2,0,33,1273.6363636363637,1223.0,1193.8125,1393.3333333333333,1280.3846153846155,1205.3787878787878,1212.4679849212412,1282.755311741021,62.64332279461219,-0.12102069950035699,-0.062248049840322506
2026-02-03,1061.0384615384614,600.0,2290.0,26,0.0,1.0,3,2,1,34,1119.5,1273.6363636363637,1223.0,1270.3333333333333,1320.0,1151.391608391608,1182.568717521974,1264.2580589937681,78.38989519541893,-0.05222111519565753,-0.13242971256053848
2026-02-04,950.2,600.0,1300.0,10,0.0,1.0,4,2,2,35,1061.0384615384614,1119.5,1273.6363636363637,1263.4642857142858,1425.111111111111,1043.5794871794867,1137.8166767056473,1230.335836771546,108.24491199863947,-0.10446224671040694,-0.2539471805852962
2026-02-14,1195.0,750.0,2000.0,10,0.0,10.0,14,2,5,45,950.2,1061.0384615384614,1119.5,1143.5294117647059,1395.2941176470588,1068.7461538461534,1145.169617882118,1216.0291140824704,110.42388234667824,0.25762997263733944,0.0674408217954443
2026-02-15,1183.3333333333333,1000.0,1500.0,3,0.0,1.0,15,2,6,46,1195.0,950.2,1061.0384615384614,1193.8125,1458.2857142857142,1109.5111111111107,1143.6725940725942,1196.3896583001574,109.7233296291035,-0.009762900976290179,0.11525960295308191
2026-02-16,1168.090909090909,800.0,1850.0,11,0.0,1.0,16,2,0,47,1183.3333333333333,1195.0,950.2,1223.0,1266.774193548387,1182.1414141414136,1135.8284382284382,1189.3408522674804,104.96662620423044,-0.012880921895006447,0.22931057576395375
2026-02-17,1089.4444444444443,750.0,1600.0,9,0.0,1.0,17,2,1,48,1168.090909090909,1183.3333333333333,1195.0,1273.6363636363637,1212.5,1146.9562289562284,1109.5153069153068,1180.551169727798,86.04431040438246,-0.06732906149203144,-0.08833100883310097
2026-02-18,1083.75,800.0,1600.0,8,0.0,1.0,18,2,2,49,1089.4444444444443,1168.090909090909,1183.3333333333333,1119.5,1393.3333333333333,1113.761784511784,1104.408164058164,1158.4380744897028,86.41307453649195,-0.005226925038245733,-0.08415492957746473
2026-02-19,1117.6666666666667,800.0,1675.0,6,0.0,1.0,19,2,3,50,1083.75,1089.4444444444443,1168.090909090909,1061.0384615384614,1270.3333333333333,1096.9537037037032,1112.4979076479076,1147.5333125849406,84.30111292309402,0.03129565551710889,-0.04316808052507315
2026-02-20,1039.2857142857142,800.0,1500.0,7,0.0,1.0,20,2,4,51,1117.6666666666667,1083.75,1089.4444444444443,950.2,1263.4642857142858,1080.2341269841265,1125.2244382601525,1131.5205574829,58.488928012740374,-0.07012909547952806,-0.046040649814234724
2026-02-21,1061.6666666666667,800.0,1500.0,15,0.0,1.0,21,2,5,52,1039.2857142857142,1117.6666666666667,1083.75,1195.0,1143.5294117647059,1072.8730158730157,1106.1768192125335,1125.6732185473256,53.474303758305254,0.02153493699885467,-0.020376778162245257
2026-02-22,1076.923076923077,700.0,1500.0,13,0.0,1.0,22,2,6,53,1061.6666666666667,1039.2857142857142,1117.6666666666667,1183.3333333333333,1193.8125,1059.291819291819,1090.9753540110682,1117.323974041831,41.71744026059567,0.014370245139475823,-0.03645415127669838
2026-02-23,1106.7083333333333,700.0,2290.0,24,0.0,1.0,23,2,0,54,1076.923076923077,1061.6666666666667,1039.2857142857142,1168.090909090909,1223.0,1081.7660256410252,1082.206414617129,1109.0174264227835,26.471766871514795,0.027657738095238082,0.06487399770904934
2026-02-24,1118.5384615384614,700.0,1500.0,13,0.0,1.0,24,2,1,55,1106.7083333333333,1076.923076923077,1061.6666666666667,1089.4444444444443,1273.6363636363637,1100.72329059829,1086.362702773417,1097.939004844362,29.864226333092585,0.01068947241907603,0.05356840961236542
2026-02-26,999.4,700.0,1501.0,10,0.0,2.0,26,2,3,57,1118.5384615384614,1106.7083333333333,1076.923076923077,1083.75,1119.5,1074.8822649572644,1074.312702773417,1089.3604334157906,44.51685082587731,-0.10651261948971869,-0.07198571428571432
2026-02-27,898.2727272727273,500.0,1600.0,11,0.0,1.0,27,2,4,58,999.4,1118.5384615384614,1106.7083333333333,1117.6666666666667,1061.0384615384614,1005.4037296037292,1042.9707114314256,1077.7343095396666,75.41525473975894,-0.10118798551858388,-0.18833833611138684
2026-02-28,1006.2692307692307,300.0,1867.0,26,0.0,1.0,28,2,5,59,898.2727272727273,999.4,1118.5384615384614,1039.2857142857142,950.2,967.9806526806523,1038.2540709290708,1081.7392545946118,76.70555877315408,0.1202268534016333,-0.10037136373014233
2026-03-01,1463.0,800.0,1875.0,15,0.0,1.0,1,3,6,60,1006.2692307692307,898.2727272727273,999.4,1061.6666666666667,1195.0,1122.5139860139855,1095.587404262404,1100.882111737469,178.95699358858442,0.4538852578068264,0.4638783269961977
2026-03-04,960.0,600.0,1350.0,23,0.0,3.0,4,3,2,63,1463.0,1006.2692307692307,898.2727272727273,1076.923076923077,1183.3333333333333,1143.0897435897432,1078.8841075591076,1084.929730785088,186.29556246274643,-0.3438140806561859,0.06871774111931983
2026-03-15,940.3846153846154,715.0,1200.0,13,0.0,11.0,15,3,6,74,960.0,1463.0,1006.2692307692307,1106.7083333333333,1168.090909090909,1121.1282051282046,1055.1235764235764,1068.6649955203527,192.65348922942175,-0.02043269230769229,-0.06547414287352371
2026-03-16,939.3435294117647,350.0,1514.0,34,0.0,1.0,16,3,0,75,940.3846153846154,960.0,1463.0,1118.5384615384614,1089.4444444444443,946.5760482654596,1029.5243004054769,1057.943501589447,194.71710786719655,-0.0011070852881028825,-0.35793333601383137
2026-03-17,1027.3636363636363,650.0,1600.0,11,0.0,1.0,17,3,1,76,939.3435294117647,940.3846153846154,960.0,999.4,1083.75,969.030593720005,1033.519105600282,1053.9159041868495,194.28243971572414,0.09370385188791519,0.07017045454545445
2026-03-18,1058.3333333333333,700.0,1600.0,9,0.0,1.0,18,3,2,77,1027.3636363636363,939.3435294117647,940.3846153846154,898.2727272727273,1117.6666666666667,1008.3468330362443,1056.3849064660828,1049.6778089487543,184.90459134104384,0.03014482494174553,0.12542603953646903
2026-03-23,891.8844827586207,250.0,1572.0,29,0.0,5.0,23,3,0,82,1058.3333333333333,1027.3636363636363,939.3435294117647,1006.2692307692307,1039.2857142857142,992.5271508185297,1040.044228178853,1039.149149553962,194.85803869961575,-0.15727450448004332,-0.05052363184197772
2026-03-24,923.7916666666666,500.0,1400.0,24,0.0,1.0,24,3,1,83,891.8844827586207,1058.3333333333333,1027.3636363636363,1463.0,1061.6666666666667,958.0031609195397,963.014466274091,1029.3009352682477,59.02812194589587,0.03577501854203824,-0.10081334985104562
2026-03-25,881.2222222222222,600.0,1200.0,27,0.0,1.0,25,3,2,84,923.7916666666666,891.8844827586207,1058.3333333333333,960.0,1076.923076923077,898.9661238825028,951.7604980201229,1015.3223027896153,66.70861595107833,-0.04608121720565905,-0.1673490813648294
2026-03-26,853.8235294117648,275.0,1175.0,17,0.0,1.0,26,3,3,85,881.2222222222222,923.7916666666666,891.8844827586207,940.3846153846154,1106.7083333333333,886.2791394335508,939.3946285954297,997.2591025095031,76.47665513160257,-0.031091695283585574,-0.04267475674555132
2026-03-27,980.0,650.0,1600.0,18,0.0,1.0,27,3,4,86,853.8235294117648,881.2222222222222,923.7916666666666,939.3435294117647,1118.5384615384614,905.0152505446619,945.2026958223205,987.3634981138987,78.00078070346522,0.14777816052359616,0.060845248297325405
2026-03-28,1017.9411764705883,750.0,1550.0,17,0.0,1.0,28,3,5,87,980.0,853.8235294117648,881.2222222222222,1027.3636363636363,999.4,950.5882352941172,943.8566301233137,988.6878678617979,76.41172892999141,0.038715486194477844,0.15514696611212897
2026-03-29,999.0909090909091,750.0,1400.0,11,0.0,1.0,29,3,6,88,1017.9411764705883,980.0,853.8235294117648,1058.3333333333333,898.2727272727273,999.0106951871653,935.3934266601102,995.8891665630965,63.871020050360144,-0.018518032097922354,0.17013747533899104
2026-03-30,1031.0625,675.0,2310.0,16,0.0,1.0,30,3,0,89,999.0909090909091,1017.9411764705883,980.0,891.8844827586207,1006.2692307692307,1016.0315285204987,955.2760005517359,997.6601143652944,69.48545338898857,0.03200068243858056,0.05210459183673466
2026-03-31,1005.5555555555555,600.0,1600.0,9,0.0,1.0,31,3,1,90,1031.0625,999.0909090909091,1017.9411764705883,923.7916666666666,1463.0,1011.9029882154878,966.9565561072914,964.9855111906912,70.17964106566164,-0.024738504643942005,-0.012167324793733392
2026-04-01,1308.3333333333333,1000.0,1550.0,6,0.0,1.0,1,4,2,91,1005.5555555555555,1031.0625,999.0909090909091,881.2222222222222,960.0,1114.9837962962958,1027.9724291231646,989.8664635716435,137.03908373400228,0.30110497237569045,0.3095238095238093
2026-04-02,1197.8181818181818,801.0,1725.0,11,0.0,1.0,2,4,3,92,1308.3333333333333,1005.5555555555555,1031.0625,853.8235294117648,940.3846153846154,1170.5690235690229,1077.1145223240812,1008.2545754597555,125.36173392267843,-0.08447017950202662,0.16173188513614045
2026-04-03,907.25,650.0,2000.0,16,0.0,1.0,3,4,4,93,1197.8181818181818,1308.3333333333333,1005.5555555555555,980.0,939.3435294117647,1137.8005050505044,1066.721665181224,1005.9621805017723,137.21031978536539,-0.24258120825743767,-0.09776243093922654
2026-04-04,1035.608695652174,600.0,1500.0,23,0.0,1.0,4,4,5,94,907.25,1197.8181818181818,1308.3333333333333,1017.9411764705883,1027.3636363636363,1046.892292490118,1069.245596492879,1006.5511133080963,136.32309679753396,0.1414810643727462,-0.20845195236776504
2026-04-14,816.6666666666666,800.0,850.0,3,0.0,10.0,14,4,1,104,1035.608695652174,907.25,1197.8181818181818,999.0909090909091,1058.3333333333333,919.8417874396131,1043.184990432273,989.2892085461916,166.144650647552,-0.21141385728480078,-0.3182048168386966
2026-04-15,843.5,500.0,1400.0,22,0.0,1.0,15,4,2,105,816.6666666666666,1035.608695652174,907.25,1031.0625,891.8844827586207,898.5917874396131,1016.3903475751301,985.8331740634329,182.72280466211924,0.03285714285714292,-0.07026729126481124
2026-04-16,865.3,350.0,1300.0,20,0.0,1.0,16,4,3,106,843.5,816.6666666666666,1035.608695652174,1005.5555555555555,923.7916666666666,841.8222222222217,996.3538396386223,981.6551978729568,191.58392804972954,0.025844694724362682,-0.1644527478063732
2026-04-17,874.1666666666666,500.0,1780.0,24,0.0,1.0,17,4,4,107,865.3,843.5,816.6666666666666,1308.3333333333333,881.2222222222222,860.9888888888885,934.3300301148128,981.1512296189885,135.95111807786697,0.010246927847759935,0.07040816326530619
2026-04-18,848.3125,600.0,1160.0,16,0.0,1.0,18,4,5,108,874.1666666666666,865.3,843.5,1197.8181818181818,853.8235294117648,862.5930555555551,884.4006469979296,980.7575846610054,72.36325650229297,-0.029575786463298392,0.005705394190871349
2026-04-19,970.0,700.0,1770.0,6,0.0,1.0,19,4,6,109,848.3125,874.1666666666666,865.3,907.25,980.0,897.4930555555551,893.3649327122154,980.0432989467197,79.2267765372377,0.14344654829440806,0.12099849763087955
2026-04-20,835.6666666666666,400.0,1500.0,9,0.0,1.0,20,4,0,110,970.0,848.3125,874.1666666666666,1035.608695652174,1017.9411764705883,884.6597222222217,864.8017857142858,967.0236911035823,50.0768092820993,-0.13848797250859113,-0.04404194470924694
2026-05-01,1475.0,1000.0,2100.0,9,0.0,11.0,1,5,4,121,835.6666666666666,970.0,848.3125,816.6666666666666,999.0909090909091,1093.555555555555,958.8494047619048,1001.017197597089,232.07624805198506,0.7650578380534505,0.7387460399322183
2026-05-02,1180.047619047619,850.0,2290.0,21,0.0,1.0,2,5,5,122,1475.0,835.6666666666666,970.0,843.5,1031.0625,1163.5714285714282,1006.9276360544218,1011.658991814776,238.95566534891825,-0.19996771589991935,0.21654393716249376
2026-05-03,1035.0,650.0,1600.0,10,0.0,1.0,3,5,6,123,1180.047619047619,1475.0,835.6666666666666,865.3,1005.5555555555555,1230.0158730158726,1031.1704931972788,1013.7621664179505,230.65649693864825,-0.12291675073645125,0.23853211009174324
2026-05-04,968.75,750.0,1300.0,8,0.0,1.0,4,5,0,124,1035.0,1180.047619047619,1475.0,874.1666666666666,1308.3333333333333,1061.2658730158726,1044.6823979591838,989.5062140369982,222.5543502584352,-0.06400966183574874,-0.3432203389830508
2026-06-01,1440.0,1250.0,1600.0,5,0.0,28.0,1,6,0,152,968.75,1035.0,1180.047619047619,848.3125,1197.8181818181818,1147.9166666666663,1129.2091836734694,1006.8049153356995,246.6049675257327,0.4864516129032259,0.22028973810580688
2026-06-02,1153.9285714285713,900.0,2320.0,14,0.0,1.0,2,6,1,153,1440.0,968.75,1035.0,970.0,907.25,1187.5595238095232,1155.484693877551,1024.424813294883,236.40175089588044,-0.1986607142857143,0.11490683229813659
2026-06-04,948.7142857142857,500.0,1516.0,21,0.0,2.0,4,6,3,155,1153.9285714285713,1440.0,968.75,835.6666666666666,1035.608695652174,1180.8809523809518,1171.6343537414964,1018.2180697278911,213.681802971428,-0.17783967811822965,-0.020682027649769674
2026-07-01,1413.9259259259259,850.0,2100.0,27,0.0,27.0,1,7,2,182,948.7142857142857,1153.9285714285713,1440.0,1475.0,816.6666666666666,1172.1895943562606,1162.909486016629,1060.8794453892667,200.04212261869958,0.49036010864048807,-0.018106995884773713
2026-07-02,1111.6315789473683,350.0,1875.0,19,0.0,1.0,2,7,3,183,1413.9259259259259,948.7142857142857,1153.9285714285713,1180.047619047619,843.5,1158.0905968625264,1153.1357660023073,1080.0317010283645,200.73537051715468,-0.21379786694313319,-0.03665477528547456
2026-07-04,1061.3,800.0,1433.0,10,0.0,2.0,4,7,5,185,1111.6315789473683,1413.9259259259259,948.7142857142857,1035.0,865.3,1195.6191682910976,1156.89290885945,1094.0317010283645,198.38811696230363,-0.04527721225320769,0.1186718867640415
2026-08-01,1301.1904761904761,550.0,1875.0,21,0.0,28.0,1,8,5,213,1061.3,1111.6315789473683,1413.9259259259259,968.75,874.1666666666666,1158.0406850459476,1204.3844054580895,1124.5334017086366,185.1949458230431,0.22603455779749004,-0.07973221769847927
2026-08-02,1131.25,750.0,1600.0,8,0.0,1.0,2,8,6,214,1301.1904761904761,1061.3,1111.6315789473683,1440.0,848.3125,1164.5801587301582,1160.2772626009466,1144.7432231372081,153.8391260720248,-0.13060384263494962,0.01764831210643436
2026-08-04,896.3913043478261,600.0,1211.0,23,0.0,2.0,4,8,1,216,1131.25,1301.1904761904761,1061.3,1153.9285714285713,970.0,1109.6105935127669,1123.4862244465546,1139.4854591620528,183.53895586852283,-0.207609896709104,-0.1553836762952736
2026-08-23,3202.777777777778,2350.0,4000.0,18,0.0,19.0,23,8,6,235,896.3913043478261,1131.25,1301.1904761904761,948.7142857142857,835.6666666666666,1743.473027375201,1445.4952947413392,1308.564824241418,792.5905346446135,2.572968370223063,1.4614211649893263
