date,avg_price,min_price,max_price,mandi_count,missing_data,day,month,day_of_week,lag_1,lag_7,lag_14,lag_30,ma_7,ma_14,ma_30
2025-01-31,1982.0408163265306,1230.0,2800.0,49.0,0,31,1,4,2047.5573770491803,2164.9795918367345,1929.6940816326533,2359.464285714286,2105.918520909595,2135.2163157725986,1849.641055593915
2025-02-01,2306.873015873016,1150.0,3200.0,63.0,0,1,2,5,1982.0408163265306,2158.074074074074,2086.2127659574467,2000.56,2127.1755125951577,2150.9777621951393,1859.8514894563489
2025-02-02,2064.464285714286,1300.0,2725.0,28.0,0,2,2,6,2306.873015873016,2213.269230769231,2185.344827586207,2059.9056603773583,2105.9176633015945,2142.343437775716,1860.0034436342467
2025-02-03,2103.793103448276,1300.0,2800.0,29.0,0,3,2,0,2064.464285714286,2141.34,2179.8846153846152,1353.28125,2100.553820937062,2136.9083297802636,1885.0205054158557
2025-02-04,1297.9574468085107,886.0,2250.0,47.0,0,4,2,1,2103.793103448276,2155.796296296296,2184.5208333333335,1071.1363636363637,1978.0054138673788,2073.582373599919,1892.581208188261
2025-02-05,988.4561818181818,600.0,1933.0,55.0,0,5,2,2,1297.9574468085107,2043.351851851852,2169.7894736842104,1198.114931818182,1827.3060324339972,1989.201424180917,1885.5925831882605
2025-02-06,1095.2484375,400.0,1750.0,64.0,0,6,2,3,988.4561818181818,2047.5573770491803,2180.866666666667,1325.0935,1691.2618982126858,1911.6572649547263,1877.9310811049274
2025-02-07,1351.4915254237287,900.0,1800.0,59.0,0,7,2,4,1095.2484375,1982.0408163265306,2164.9795918367345,1220.7358490566037,1601.183428083714,1853.5509744966546,1882.289603650498
2025-02-08,1236.2641509433963,450.0,1900.0,53.0,0,8,2,5,1351.4915254237287,2306.873015873016,2158.074074074074,1254.0,1448.2393045223398,1787.707408558749,1881.6984086819446
2025-02-09,1243.7045454545455,500.0,2200.0,44.0,0,9,2,6,1236.2641509433963,2064.464285714286,2213.269230769231,1399.79,1330.9879130566628,1718.4527881791287,1876.4955601970964
2025-02-10,1144.8076923076924,450.0,1600.0,26.0,0,10,2,0,1243.7045454545455,2103.793103448276,2141.34,1545.58,1193.9899971794366,1647.2719090582493,1863.1364832740194
2025-02-11,1561.685354193829,833.3333333333333,2118.3333333333335,0.0,1,11,2,1,1144.8076923076924,1297.9574468085107,2155.796296296296,1691.3700000000001,1231.6654125201962,1604.8354131937874,1858.8136617471469
2025-02-12,1978.5630160799653,1216.6666666666665,2636.666666666667,0.0,1,12,2,2,1561.685354193829,988.4561818181818,2043.351851851852,1837.16,1373.1092459861652,1600.2076392100812,1863.527095616479
2025-02-13,2395.4406779661017,1600.0,3155.0,59.0,0,13,2,3,1978.5630160799653,1095.2484375,2047.5573770491803,1919.057142857143,1558.8509946241797,1625.0564464184329,1879.4065467867777
2025-02-14,2491.685185185185,1350.0,3150.0,54.0,0,14,2,4,2395.4406779661017,1351.4915254237287,1982.0408163265306,1943.4871794871794,1721.7358031615306,1661.4596156226223,1897.679813643378
2025-02-15,2475.1458333333335,1450.0,3100.0,48.0,0,15,2,5,2491.685185185185,1236.2641509433963,2306.873015873016,1847.2372881355932,1898.7189006458073,1673.4791025840736,1918.6100984833026
2025-02-16,2392.2916666666665,1350.0,3305.0,24.0,0,16,2,6,2475.1458333333335,1243.7045454545455,2064.464285714286,1929.6940816326533,2062.802775104682,1696.8953440806724,1934.0300179844364
2025-02-17,2433.4603174603176,1086.0,3300.0,63.0,0,17,2,0,2392.2916666666665,1144.8076923076924,2103.793103448276,2086.2127659574467,2246.8960072693426,1720.4430022243894,1945.6049363678653
2025-02-18,2381.6382978723404,1190.0,3500.0,47.0,0,18,2,1,2433.4603174603176,1561.685354193829,1297.9574468085107,2185.344827586207,2364.0321420805585,1797.8487773003776,1952.14805204407
2025-02-19,2267.2,1350.0,3200.0,35.0,0,19,2,2,2381.6382978723404,1978.5630160799653,988.4561818181818,2179.8846153846152,2405.265996926278,1889.1876214562214,1955.0585648645826
2025-02-20,2165.1396923076927,1201.0,3500.0,65.0,0,20,2,3,2267.2,2395.4406779661017,1095.2484375,2184.5208333333335,2372.3658561179336,1965.6084253710567,1954.4125268303947
2025-02-21,2135.823684210526,951.0,3100.0,57.0,0,21,2,4,2165.1396923076927,2491.685185185185,1351.4915254237287,2169.7894736842104,2321.5284988358394,2021.632150998685,1953.2803338479387
2025-02-22,2112.744680851064,1500.0,3000.0,47.0,0,22,2,5,2135.823684210526,2475.1458333333335,1236.2641509433963,2180.866666666667,2269.756905624087,2084.237903134947,1951.0096009874185
2025-02-23,1948.2,1400.0,2800.0,25.0,0,23,2,6,2112.744680851064,2392.2916666666665,1243.7045454545455,2164.9795918367345,2206.3152389574198,2134.559007031051,1943.7836145928607
2025-02-24,2056.7379032258063,1130.0,2600.0,62.0,0,24,2,0,1948.2,2433.4603174603176,1144.8076923076924,2158.074074074074,2152.497751209633,2199.6968792394878,1940.4057422312515
2025-02-25,2033.549019607843,1080.0,2800.0,51.0,0,25,2,1,2056.7379032258063,2381.6382978723404,1561.685354193829,2213.269230769231,2102.7707114575614,2233.4014267690604,1934.4150685258721
2025-02-26,2060.967741935484,1500.0,2600.0,31.0,0,26,2,2,2033.549019607843,2267.2,1978.5630160799653,2141.34,2073.308960305488,2239.287478615883,1931.7359932570548
2025-02-27,2054.6153846153848,1191.0,2600.0,65.0,0,27,2,3,2060.967741935484,2165.1396923076927,2395.4406779661017,2155.796296296296,2057.5197734923013,2214.9428148051175,1928.3632962010245
2025-02-28,2057.8823529411766,1301.0,2500.0,51.0,0,28,2,4,2054.6153846153848,2135.823684210526,2491.685185185185,2043.351851851852,2046.38529759668,2183.9568982162596,1928.8476462373353
2025-03-01,2270.0440384615385,1525.0,3250.0,52.0,0,1,3,5,2057.8823529411766,2112.744680851064,2475.1458333333335,2047.5573770491803,2068.856634398176,2169.3067700111314,1936.263868284414
2025-03-02,1974.7,1100.0,3020.0,60.0,0,2,3,6,2270.0440384615385,1948.2,2392.2916666666665,1982.0408163265306,2072.6423486838908,2139.478793820655,1936.0191744068627
2025-03-03,2029.8387096774193,1350.0,2836.0,62.0,0,3,3,0,1974.7,2056.7379032258063,2433.4603174603176,2306.873015873016,2068.7996067484064,2110.6486789790197,1926.7846975336763
2025-03-04,1267.8870967741937,837.0,2000.0,62.0,0,4,3,1,2029.8387096774193,2033.549019607843,2381.6382978723404,2064.464285714286,1959.4193320578852,2031.0950217577233,1900.2321245690066
2025-03-05,993.6853703703704,275.0,1700.0,54.0,0,5,3,2,1267.8870967741937,2060.967741935484,2267.2,2103.793103448276,1806.9504218342975,1940.129691069893,1863.2285334664095
2025-03-06,1132.7868852459017,500.0,1700.0,61.0,0,6,3,3,993.6853703703704,2054.6153846153848,2165.1396923076927,1297.9574468085107,1675.2606362100855,1866.3902048511934,1857.7228480809895
2025-03-07,1331.605076923077,300.0,1900.0,65.0,0,7,3,4,1132.7868852459017,2057.8823529411766,2135.823684210526,988.4561818181818,1571.5067396360714,1808.9460186163758,1869.161144584486
2025-03-08,1254.1379310344828,850.0,2000.0,29.0,0,8,3,5,1331.605076923077,2270.0440384615385,2112.744680851064,1095.2484375,1426.3772957179208,1747.6169650580484,1874.4574610356353
2025-03-09,1234.5294117647059,500.0,2250.0,51.0,0,9,3,6,1254.1379310344828,1974.7,1948.2,1351.4915254237287,1320.638640255736,1696.6404944698131,1870.558723913668
2025-03-10,1160.1308888888889,837.0,2100.0,45.0,0,10,3,0,1234.5294117647059,2029.8387096774193,2056.7379032258063,1236.2641509433963,1196.3946658573743,1632.5971363028905,1868.020948511851
2025-03-11,1215.6423675213675,693.5,2300.0,0.0,1,11,3,1,1160.1308888888889,1267.8870967741937,2033.549019607843,1243.7045454545455,1188.9311331069707,1574.1752325824277,1867.0855425807451
2025-03-12,1271.1538461538462,550.0,2500.0,13.0,0,12,3,2,1215.6423675213675,993.6853703703704,2060.967741935484,1144.8076923076924,1228.5694867903242,1517.7599543123108,1871.2970810422835
2025-03-13,1427.4,1112.0,1800.0,5.0,0,13,3,3,1271.1538461538462,1132.7868852459017,2054.6153846153848,1561.685354193829,1270.6570746123384,1472.9588554112122,1866.820902569156
2025-03-14,1456.851851851852,950.0,1900.0,27.0,0,14,3,4,1427.4,1331.605076923077,2057.8823529411766,1978.5630160799653,1288.5494710307346,1430.0281053334031,1849.430530428219
2025-03-15,1508.2,1000.0,2600.0,45.0,0,15,3,5,1456.851851851852,1254.1379310344828,2270.0440384615385,2395.4406779661017,1324.8440523115228,1375.610674014722,1819.855841162682
2025-03-16,1597.7575757575758,1000.0,3500.0,33.0,0,16,3,6,1508.2,1234.5294117647059,1974.7,2491.685185185185,1376.73379002479,1348.6862151402631,1790.0582541817616
2025-03-17,1433.378787878788,1000.0,2666.0,66.0,0,17,3,0,1597.7575757575758,1160.1308888888889,2029.8387096774193,2475.1458333333335,1415.7692041662044,1306.0819350117893,1755.3326859999436
2025-03-18,1438.6969696969697,1000.0,2600.0,66.0,0,18,3,1,1433.378787878788,1215.6423675213675,1267.8870967741937,2392.2916666666665,1447.6341473341472,1318.282640220559,1723.5461961009537
2025-03-19,1364.7083333333333,1000.0,1750.0,48.0,0,19,3,2,1438.6969696969697,1271.1538461538462,993.6853703703704,2433.4603174603176,1460.999074074074,1344.784280432199,1687.9211299633876
2025-03-20,1348.0694444444443,877.0,2400.0,72.0,0,20,3,3,1364.7083333333333,1427.4,1132.7868852459017,2381.6382978723404,1449.6661375661376,1360.161606089238,1653.4688348491245
2025-03-21,1307.732142857143,850.0,2000.0,56.0,0,21,3,4,1348.0694444444443,1456.851851851852,1331.605076923077,2267.2,1428.3633219954647,1358.4563965131,1621.4865729443625
2025-03-22,1310.0576923076924,350.0,2300.0,52.0,0,22,3,5,1307.732142857143,1508.2,1254.1379310344828,2165.1396923076927,1400.057278039421,1362.450665175472,1592.983839611029
2025-03-23,1422.1875,850.0,2700.0,32.0,0,23,3,6,1310.0576923076924,1597.7575757575758,1234.5294117647059,2135.823684210526,1374.9758386454814,1375.8548143351359,1569.1959668040115
2025-03-24,1374.1846153846154,1000.0,2250.0,65.0,0,24,3,0,1422.1875,1433.378787878788,1160.1308888888889,2112.744680851064,1366.5195282891711,1391.1443662276877,1544.5772979551298
2025-03-25,1456.0767692307693,900.0,2700.0,65.0,0,25,3,1,1374.1846153846154,1438.6969696969697,1215.6423675213675,1948.2,1369.0023567939995,1408.3182520640735,1528.1731902628223
2025-03-26,1400.0655737704917,1000.0,2350.0,61.0,0,26,3,2,1456.0767692307693,1364.7083333333333,1271.1538461538462,2056.7379032258063,1374.053391142165,1417.5262326081195,1506.2841126143119
2025-03-27,1387.095238095238,638.0,2000.0,63.0,0,27,3,3,1400.0655737704917,1348.0694444444443,1427.4,2033.549019607843,1379.62850452085,1414.6473210434938,1484.7356532305582
2025-03-28,1336.659574468085,800.0,2500.0,47.0,0,28,3,4,1387.095238095238,1307.732142857143,1456.851851851852,2060.967741935484,1383.7609947509845,1406.0621583732247,1460.5920476483116
2025-03-29,1406.9354838709678,900.0,2600.0,31.0,0,29,3,5,1336.659574468085,1310.0576923076924,1508.2,2054.6153846153848,1397.600679260024,1398.8289786497223,1439.0027176234978
2025-03-30,1328.75,875.0,1800.0,20.0,0,30,3,6,1406.9354838709678,1422.1875,1597.7575757575758,2057.8823529411766,1384.2524649743098,1379.6141518098955,1414.6983058587919
2025-03-31,1238.888888888889,950.0,1600.0,18.0,0,31,3,0,1328.75,1374.1846153846154,1433.378787878788,2270.0440384615385,1364.9245040463486,1365.7220161677599,1380.3264675397036
2025-04-01,2311.9245283018868,1300.0,3500.0,53.0,0,1,4,1,1238.888888888889,1456.0767692307693,1438.6969696969697,1974.7,1487.1884696279371,1428.0954132109684,1391.5672851497666
2025-04-02,2034.6,1052.0,2900.0,55.0,0,2,4,2,2311.9245283018868,1400.0655737704917,1364.7083333333333,2029.8387096774193,1577.836244803581,1475.9448179728731,1391.725994827186
2025-04-03,2076.46875,1300.0,2750.0,64.0,0,3,4,3,2034.6,1387.095238095238,1348.0694444444443,1267.8870967741937,1676.3181750756899,1527.9733397982698,1418.6787166013794
2025-04-04,1217.4132142857143,800.0,2000.0,56.0,0,4,4,4,2076.46875,1336.659574468085,1307.732142857143,993.6853703703704,1659.2829807639225,1521.5219877574534,1426.1363113985576
2025-04-05,1007.5,550.0,1550.0,30.0,0,5,4,5,1217.4132142857143,1406.9354838709678,1310.0576923076924,1132.7868852459017,1602.2207687823557,1499.91072402119,1421.9600818903607
2025-04-06,1162.232142857143,600.0,1750.0,56.0,0,6,4,6,1007.5,1328.75,1422.1875,1331.605076923077,1578.4325034762333,1481.3424842252714,1416.3143174214965
2025-04-07,1309.6433962264152,623.0,1850.0,53.0,0,7,4,0,1162.232142857143,1238.888888888889,1374.1846153846154,1254.1379310344828,1588.540290238737,1476.7323971425428,1418.1644995945608
2025-04-08,1161.6091525423728,350.0,1800.0,59.0,0,8,4,1,1309.6433962264152,2311.9245283018868,1456.0767692307693,1234.5294117647059,1424.2095222730925,1455.6989959505147,1415.7338242871497
2025-04-09,1190.1698113207547,450.0,2200.0,53.0,0,9,4,2,1161.6091525423728,2034.6,1400.0655737704917,1160.1308888888889,1303.576638176057,1440.706441489819,1416.7351217015453
2025-04-10,1159.0,400.0,2000.0,45.0,0,10,4,3,1190.1698113207547,2076.46875,1387.095238095238,1215.6423675213675,1172.5096738903428,1424.4139244830164,1414.8470427841664
2025-04-11,1347.5,1000.0,1600.0,14.0,0,11,4,4,1159.0,1217.4132142857143,1336.659574468085,1271.1538461538462,1191.0935004209553,1425.1882405924387,1417.3919145790383
2025-04-12,1178.1818181818182,500.0,1770.0,11.0,0,12,4,5,1347.5,1007.5,1406.9354838709678,1427.4,1215.476617304072,1408.8486930432139,1409.0846418517654
2025-04-13,1134.9702194357367,600.0,1885.0,0.0,1,13,4,6,1178.1818181818182,1162.232142857143,1328.75,1456.851851851852,1211.5820568152997,1395.0072801457666,1398.3552541045615
2025-04-14,1091.7586206896551,700.0,2000.0,29.0,0,14,4,0,1134.9702194357367,1309.6433962264152,1238.888888888889,1508.2,1180.4556603100482,1384.4979752743927,1384.4738747942167
2025-04-15,1032.564,650.0,1814.0,65.0,0,15,4,1,1091.7586206896551,1161.6091525423728,2311.9245283018868,1597.7575757575758,1162.0206385182807,1293.1150803956864,1365.6340889356309
2025-04-16,1084.83453125,600.0,2000.0,64.0,0,16,4,2,1032.564,1190.1698113207547,2034.6,1433.378787878788,1146.9727413653159,1225.2746897706863,1354.0159470480044
2025-04-17,1059.5626315789473,525.0,1800.0,57.0,0,17,4,3,1084.83453125,1159.0,2076.46875,1438.6969696969697,1132.767403019451,1152.638538454897,1341.3781357774037
2025-04-18,1022.2685714285714,650.0,1250.0,42.0,0,18,4,4,1059.5626315789473,1347.5,1217.4132142857143,1364.7083333333333,1086.3057703663899,1138.6996353936725,1329.9634770472449
2025-04-19,1045.9918367346938,543.0,1740.0,49.0,0,19,4,5,1022.2685714285714,1178.1818181818182,1007.5,1348.0694444444443,1067.421487302515,1141.4490523032935,1319.89422345692
2025-04-20,1098.9032258064517,650.0,1600.0,31.0,0,20,4,6,1045.9918367346938,1134.9702194357367,1162.232142857143,1307.732142857143,1062.2690596411885,1136.925558228244,1312.9332595552303
2025-04-21,1047.9707272727273,543.0,1866.0,55.0,0,21,4,0,1098.9032258064517,1091.7586206896551,1309.6433962264152,1310.0576923076924,1056.013646295913,1118.2346533029806,1304.1970273873983
2025-04-22,1081.9639655172414,700.0,1866.0,58.0,0,22,4,1,1047.9707272727273,1032.564,1161.6091525423728,1422.1875,1063.0707842269476,1112.545711372614,1292.8562429046394
2025-04-23,1156.1503508771932,600.0,7800.0,57.0,0,23,4,2,1081.9639655172414,1084.83453125,1190.1698113207547,1374.1846153846154,1073.2587584594037,1110.1157499123597,1285.5884340877258
2025-04-24,1035.803484848485,527.0,1650.0,66.0,0,24,4,3,1156.1503508771932,1059.5626315789473,1159.0,1456.0767692307693,1069.8645946407662,1101.3159988301088,1271.579324608316
2025-04-25,1050.7,675.0,1800.0,50.0,0,25,4,4,1035.803484848485,1022.2685714285714,1347.5,1400.0655737704917,1073.9262272938274,1080.1159988301085,1259.9338054826328
2025-04-26,1034.994423076923,500.0,1750.0,52.0,0,26,4,5,1050.7,1045.9918367346938,1178.1818181818182,1387.095238095238,1072.3551681998601,1069.8883277511875,1248.197111648689
2025-04-27,999.0384615384615,700.0,1400.0,26.0,0,27,4,6,1034.994423076923,1098.9032258064517,1134.9702194357367,1336.659574468085,1058.088773304433,1060.1789164728107,1236.9430745510351
2025-04-28,1026.931052631579,350.0,1900.0,57.0,0,28,4,0,999.0384615384615,1047.9707272727273,1091.7586206896551,1406.9354838709678,1055.083105498555,1055.5483758972339,1224.2762601763889
2025-04-29,1016.9038888888889,627.0,1733.0,54.0,0,29,4,1,1026.931052631579,1081.9639655172414,1032.564,1328.75,1045.7888088373616,1054.4297965321546,1213.8813898060184
2025-04-30,1026.9130303030304,600.0,1400.0,33.0,0,30,4,2,1016.9038888888889,1156.1503508771932,1084.83453125,1238.888888888889,1027.326334469624,1050.2925464645139,1206.8155278531563
2025-05-01,2372.8214285714284,1500.0,3200.0,28.0,0,1,5,3,1026.9130303030304,1035.803484848485,1059.5626315789473,2311.9245283018868,1218.3288978586158,1144.0967462496913,1208.8454245288078
2025-05-02,2063.76,1072.0,3125.0,50.0,0,2,5,4,2372.8214285714284,1050.7,1022.2685714285714,2034.6,1363.051755001473,1218.4889911476505,1209.8174245288076
2025-05-03,2025.6043055555556,1250.0,2750.0,72.0,0,3,5,5,2063.76,1034.994423076923,1045.9918367346938,2076.46875,1504.5674524984206,1288.4613103491404,1208.121943047326
2025-05-04,1267.8749019607844,877.0,2000.0,51.0,0,4,5,6,2025.6043055555556,999.0384615384615,1098.9032258064517,1217.4132142857143,1542.9726582730382,1300.5307157887357,1209.803999303162
2025-05-05,964.0524193548387,450.0,1733.0,62.0,0,5,5,0,1267.8749019607844,1026.931052631579,1047.9707272727273,1007.5,1533.9899963763612,1294.536550937458,1208.35574661499
2025-05-06,1167.3030303030303,350.0,1800.0,66.0,0,6,5,1,964.0524193548387,1016.9038888888889,1081.9639655172414,1162.232142857143,1555.4755880069526,1300.632198422157,1208.5247761965193
2025-05-07,1339.7777777777778,500.0,1900.0,54.0,0,7,5,2,1167.3030303030303,1026.9130303030304,1156.1503508771932,1309.6433962264152,1600.1705519319164,1313.74844320077,1209.529255581565
2025-05-08,1183.6666666666667,700.0,1850.0,66.0,0,8,5,3,1339.7777777777778,2372.8214285714284,1035.803484848485,1161.6091525423728,1430.2913002312362,1324.3100990449261,1210.2645060523746
2025-05-09,1243.5185185185185,800.0,2000.0,27.0,0,9,5,4,1183.6666666666667,2063.76,1050.7,1190.1698113207547,1313.1139457338816,1338.0828503676773,1212.0427962923
2025-05-10,1299.4615384615386,800.0,2750.0,26.0,0,10,5,5,1243.5185185185185,2025.6043055555556,1034.994423076923,1159.0,1209.3792647204507,1356.9733586094355,1216.7248475743513
2025-05-11,1341.397435897436,700.0,2625.0,0.0,1,11,5,6,1299.4615384615386,1267.8749019607844,999.0384615384615,1347.5,1219.8824838542582,1381.4275710636482,1216.5214287709325
2025-05-12,1383.3333333333333,600.0,2500.0,15.0,0,12,5,0,1341.397435897436,964.0524193548387,1026.931052631579,1178.1818181818182,1279.7797572797574,1406.884876828059,1223.3598126093166
2025-05-13,1076.6451612903227,500.0,2500.0,31.0,0,13,5,1,1383.3333333333333,1167.3030303030303,1016.9038888888889,1134.9702194357367,1266.8286331350848,1411.1521105710185,1221.4156440044692
2025-05-14,1054.7661290322583,412.5,2150.0,0.0,1,14,5,2,1076.6451612903227,1339.7777777777778,1026.9130303030304,1091.7586206896551,1226.1126833142964,1413.1416176231064,1220.1825609492228
2025-05-15,1032.8870967741937,325.0,1800.0,62.0,0,15,5,3,1054.7661290322583,1183.6666666666667,2372.8214285714284,1032.564,1204.5727447582287,1317.4320224947326,1220.1933308416958
2025-05-16,1051.52125,650.0,4000.0,64.0,0,16,5,4,1032.8870967741937,1243.5185185185185,2063.76,1084.83453125,1177.1445635412977,1245.1292546375896,1219.0828881333625
2025-05-17,1018.5416666666666,675.0,1750.0,48.0,0,17,5,5,1051.52125,1299.4615384615386,2025.6043055555556,1059.5626315789473,1137.013153284887,1173.1962090026689,1217.7155226362868
2025-05-18,1049.0625,700.0,1500.0,32.0,0,18,5,6,1018.5416666666666,1341.397435897436,1267.8749019607844,1022.2685714285714,1095.2510195852535,1157.5667517197558,1218.6086535886677
2025-05-19,964.1081666666666,350.0,1675.0,60.0,0,19,5,0,1049.0625,1383.3333333333333,964.0524193548387,1045.9918367346938,1035.361710061444,1157.5707336706007,1215.8791979197333
2025-05-20,998.2321666666667,500.0,1750.0,60.0,0,20,5,1,964.1081666666666,1076.6451612903227,1167.3030303030303,1098.9032258064517,1024.159853686636,1145.4942434108605,1212.5234959484071
2025-05-21,997.6613559322035,500.0,1666.0,59.0,0,21,5,2,998.2321666666667,1054.7661290322583,1339.7777777777778,1047.9707272727273,1016.0020289580567,1121.0573561361764,1210.8465169037229
2025-05-22,1016.55875,350.0,1750.0,64.0,0,22,5,3,997.6613559322035,1032.8870967741937,1183.6666666666667,1081.9639655172414,1013.6694079903148,1109.1210763742718,1208.666343053148
2025-05-23,1059.9103703703704,500.0,3500.0,54.0,0,23,5,4,1016.55875,1051.52125,1243.5185185185185,1156.1503508771932,1014.8678537575105,1096.006208649404,1205.4583437029207
2025-05-24,1020.7918867924528,350.0,1400.0,53.0,0,24,5,5,1059.9103703703704,1018.5416666666666,1299.4615384615386,1035.803484848485,1015.18931377548,1076.1012335301837,1204.9579571010531
2025-05-25,1128.5714285714287,600.0,1700.0,28.0,0,25,5,6,1020.7918867924528,1049.0625,1341.397435897436,1050.7,1026.5477321428268,1060.8993758640402,1207.5536713867673
2025-05-26,1114.4338181818182,450.0,1700.0,55.0,0,26,5,0,1128.5714285714287,964.1081666666666,1383.3333333333333,1034.994423076923,1048.02282521642,1041.692267638932,1210.2016512235973
2025-05-27,1181.4083018867925,600.0,1700.0,53.0,0,27,5,1,1114.4338181818182,998.2321666666667,1076.6451612903227,999.0384615384615,1074.190844533581,1049.1753491101085,1216.280645901875
2025-05-28,1158.6842105263158,640.0,1733.0,57.0,0,28,5,2,1181.4083018867925,997.6613559322035,1054.7661290322583,1026.931052631579,1097.1941094755969,1056.5980692168268,1220.6724178316992
2025-05-29,1223.3529411764705,500.0,2000.0,68.0,0,29,5,3,1158.6842105263158,1016.55875,1032.8870967741937,1016.9038888888889,1126.7361367865212,1070.202772388418,1227.5540529079522
2025-05-30,1199.732142857143,700.0,1650.0,56.0,0,30,5,4,1223.3529411764705,1059.9103703703704,1051.52125,1026.9130303030304,1146.710675713203,1080.7892647353567,1233.3146899930894
2025-05-31,1131.7358490566037,350.0,1800.0,53.0,0,31,5,5,1199.732142857143,1020.7918867924528,1018.5416666666666,2372.8214285714284,1162.5598131795102,1088.8745634774953,1191.9451706759285
2025-06-01,1890.8048780487804,600.0,3500.0,82.0,0,1,6,6,1131.7358490566037,1128.5714285714287,1049.0625,2063.76,1271.4503059619892,1148.9990190524081,1186.1799999442212
2025-06-02,2043.245283018868,1085.0,3105.0,53.0,0,2,6,0,1890.8048780487804,1114.4338181818182,964.1081666666666,2025.6043055555556,1404.137658081568,1226.0802416489937,1186.7680325263316
2025-06-03,1998.5692307692307,1300.0,3000.0,65.0,0,3,6,1,2043.245283018868,1181.4083018867925,998.2321666666667,1267.8749019607844,1520.8749336362016,1297.5328890848912,1211.1245101532797
2025-06-04,1266.6666666666667,850.0,2000.0,27.0,0,4,6,2,1998.5692307692307,1158.6842105263158,997.6613559322035,964.0524193548387,1536.3009987991088,1316.747554137353,1221.2116517303405
2025-06-05,1015.6470689655172,530.0,2000.0,58.0,0,5,6,3,1266.6666666666667,1223.3529411764705,1016.55875,1167.3030303030303,1506.6287313404014,1316.6824340634614,1216.1564530190903
2025-06-06,1224.9282352941177,600.0,1866.0,51.0,0,6,6,4,1015.6470689655172,1199.732142857143,1059.9103703703704,1339.7777777777778,1510.228173117112,1328.4694244151576,1212.3281349363017
2025-06-07,1308.04,800.0,1900.0,25.0,0,7,6,5,1224.9282352941177,1131.7358490566037,1020.7918867924528,1183.6666666666667,1535.4144803947402,1348.9871467871253,1216.4739127140792
2025-06-08,1219.6785714285713,800.0,1850.0,56.0,0,8,6,6,1308.04,1890.8048780487804,1128.5714285714287,1243.5185185185185,1439.53929373471,1355.4947998483497,1215.679247811081
2025-06-09,1375.0,850.0,2400.0,29.0,0,9,6,0,1219.6785714285713,2043.245283018868,1114.4338181818182,1299.4615384615386,1344.075681874872,1374.10666997822,1218.1971965290297
2025-06-10,1119.8163265306123,775.0,2000.0,49.0,0,10,6,1,1375.0,1998.5692307692307,1181.4083018867925,1341.397435897436,1218.5395526979264,1369.707243167064,1210.8111595501357
2025-06-11,1156.0081632653062,812.5,2100.0,0.0,1,11,6,2,1119.8163265306123,1266.6666666666667,1158.6842105263158,1383.3333333333333,1202.7311950691605,1369.5160969341346,1203.2336538812015
2025-06-12,1192.2,850.0,2200.0,15.0,0,12,6,3,1156.0081632653062,1015.6470689655172,1223.3529411764705,1076.6451612903227,1227.953042359801,1367.2908868501013,1207.0854818381908
2025-06-13,1372.2856,900.0,1800.0,50.0,0,13,6,4,1192.2,1224.9282352941177,1199.732142857143,1054.7661290322583,1249.0040944606415,1379.6161337888766,1217.6694642037824
2025-06-14,1334.4371186440678,200.0,1800.0,59.0,0,14,6,5,1372.2856,1308.04,1131.7358490566037,1032.8870967741937,1252.775111409794,1394.094795902267,1227.7211315994443
2025-06-15,1355.1724137931035,900.0,2000.0,29.0,0,15,6,6,1334.4371186440678,1219.6785714285713,1890.8048780487804,1051.52125,1272.1313746047272,1355.8353341697184,1237.8428370592148
2025-06-16,1369.05,650.0,2000.0,60.0,0,16,6,0,1355.1724137931035,1375.0,2043.245283018868,1018.5416666666666,1271.281374604727,1307.6785282397996,1249.5264481703257
2025-06-17,1343.1587301587301,650.0,2100.0,63.0,0,17,6,1,1369.05,1119.8163265306123,1998.5692307692307,1049.0625,1303.1874322658866,1260.8634924819066,1259.3296558422835
2025-06-18,1366.3829090909092,700.0,1850.0,55.0,0,18,6,2,1343.1587301587301,1156.0081632653062,1266.6666666666667,964.1081666666666,1333.2409673838301,1267.9860812264953,1272.7388139230914
2025-06-19,1316.3039682539682,650.0,1900.0,63.0,0,19,6,3,1366.3829090909092,1192.2,1015.6470689655172,998.2321666666667,1350.9701057058253,1289.4615740328131,1283.341207309335
2025-06-20,1349.4265454545452,700.0,1850.0,55.0,0,20,6,4,1316.3039682539682,1372.2856,1224.9282352941177,997.6613559322035,1347.7045264850462,1298.3543104728437,1295.0667136267464
2025-06-21,1329.2501886792452,600.0,1900.0,53.0,0,21,6,5,1349.4265454545452,1334.4371186440678,1308.04,1016.55875,1346.9635364900716,1299.8693239499328,1305.4897615827213
2025-06-22,1362.344827586207,592.0,1905.0,29.0,0,22,6,6,1329.2501886792452,1355.1724137931035,1219.6785714285713,1059.9103703703704,1347.9881670319435,1310.0597708183352,1315.5709101565824
2025-06-23,1383.4107142857142,600.0,2000.0,56.0,0,23,6,0,1362.344827586207,1369.05,1375.0,1020.7918867924528,1350.0396976441884,1310.6605361244578,1327.6582044063578
2025-06-24,1360.65609375,600.0,1905.0,64.0,0,24,6,1,1383.4107142857142,1343.1587301587301,1119.8163265306123,1128.5714285714287,1352.53932101437,1327.8633766401285,1335.3943599123102
2025-06-25,1361.5264705882355,900.0,1800.0,51.0,0,25,6,2,1360.65609375,1366.3829090909092,1156.0081632653062,1114.4338181818182,1351.8455440854163,1342.5432557346232,1343.6307816591907
2025-06-26,1331.0837704918033,400.0,1905.0,61.0,0,26,6,3,1361.5264705882355,1316.3039682539682,1192.2,1181.4083018867925,1353.9569444051072,1352.4635250554663,1348.6199639460244
2025-06-27,1359.6923076923076,750.0,2000.0,52.0,0,27,6,4,1331.0837704918033,1349.4265454545452,1372.2856,1158.6842105263158,1355.4234818676448,1351.5640041763456,1355.3202338515575
2025-06-28,1332.6666666666667,600.0,1800.0,54.0,0,28,6,5,1359.6923076923076,1329.2501886792452,1334.4371186440678,1223.3529411764705,1355.911550151562,1351.4375433208168,1358.9640247012308
2025-06-29,1353.9032258064517,850.0,1855.0,31.0,0,29,6,6,1332.6666666666667,1362.344827586207,1355.1724137931035,1199.732142857143,1354.7056070401686,1351.3468870360562,1364.103060799541
2025-06-30,1428.5555555555557,450.0,6500.0,54.0,0,30,6,0,1353.9032258064517,1383.4107142857142,1369.05,1131.7358490566037,1361.1548700787173,1355.5972838614528,1373.9970510161727
2025-07-01,2327.649827586207,1250.0,3300.0,58.0,0,1,7,1,1428.5555555555557,1360.65609375,1343.1587301587301,1890.8048780487804,1499.296832055318,1425.9180765348442,1388.558549334087
2025-07-02,2066.725490196078,1125.0,2800.0,51.0,0,2,7,2,2327.649827586207,1361.5264705882355,1366.3829090909092,2043.245283018868,1600.0395491421527,1475.9425466137848,1389.3412229066605
2025-07-03,1940.0358064516129,1200.0,2650.0,62.0,0,3,7,3,2066.725490196078,1331.0837704918033,1316.3039682539682,1998.5692307692307,1687.0326971364113,1520.4948207707596,1387.3901087627398
2025-07-04,1250.0166666666667,812.0,3000.0,60.0,0,4,7,4,1940.0358064516129,1359.6923076923076,1349.4265454545452,1266.6666666666667,1671.3647484184626,1513.3941151430538,1386.8351087627402
2025-07-05,1025.2421428571429,575.0,1700.0,56.0,0,5,7,5,1250.0166666666667,1332.6666666666667,1329.2501886792452,1015.6470689655172,1627.4469593028164,1491.6792547271891,1387.1549445591274
2025-07-06,1218.3926470588235,500.0,1725.0,34.0,0,6,7,6,1025.2421428571429,1353.9032258064517,1362.344827586207,1224.9282352941177,1608.0883051960122,1481.3969561180907,1386.937091617951
2025-07-07,1289.6872413793103,450.0,2066.0,58.0,0,7,7,0,1218.3926470588235,1428.5555555555557,1383.4107142857142,1308.04,1588.249974599406,1474.7024223390617,1386.3253329972615
2025-07-08,1185.4603174603174,400.0,1800.0,63.0,0,8,7,1,1289.6872413793103,2327.649827586207,1360.65609375,1219.6785714285713,1425.0800445814216,1462.18843831837,1385.184724531653
2025-07-09,1269.1666666666667,700.0,2000.0,18.0,0,9,7,2,1185.4603174603174,2066.725490196078,1361.5264705882355,1375.0,1311.1430697915057,1455.5913094668292,1381.6569467538752
2025-07-10,1153.6545454545455,800.0,2000.0,55.0,0,10,7,3,1269.1666666666667,1940.0358064516129,1331.0837704918033,1119.8163265306123,1198.8028896490675,1442.9177933927392,1382.784887384673
2025-07-11,1089.3272727272729,750.0,1675.0,0.0,1,11,7,4,1153.6545454545455,1250.0166666666667,1359.6923076923076,1156.0081632653062,1175.84726194344,1423.6060051809511,1380.562191033405
2025-07-12,1025.0,700.0,1350.0,4.0,0,12,7,5,1089.3272727272729,1025.2421428571429,1332.6666666666667,1192.2,1175.8126701067051,1401.6298147047607,1374.9888577000718
2025-07-13,1300.0344827586207,850.0,1700.0,29.0,0,13,7,6,1025.0,1218.3926470588235,1353.9032258064517,1372.2856,1187.4757894923907,1397.7820473442011,1372.5804871253592
2025-07-14,1413.2459016393443,375.0,11000.0,61.0,0,14,7,0,1300.0344827586207,1289.6872413793103,1428.5555555555557,1334.4371186440678,1205.1270266723952,1396.6885006359005,1375.2074465585351
2025-07-15,1258.8002985074627,700.0,1900.0,67.0,0,15,7,1,1413.2459016393443,1185.4603174603174,2327.649827586207,1355.1724137931035,1215.6041668219875,1320.3421057017044,1371.9950427156803
2025-07-16,1290.4514035087718,800.0,1800.0,57.0,0,16,7,2,1258.8002985074627,1269.1666666666667,2066.725490196078,1369.05,1218.644843513717,1264.8939566526115,1369.3750894993061
2025-07-17,1284.439393939394,450.0,1800.0,66.0,0,17,7,3,1290.4514035087718,1153.6545454545455,1940.0358064516129,1343.1587301587301,1237.3283932972665,1218.0656414731673,1367.4177782919949
2025-07-18,1267.4819298245613,750.0,1900.0,57.0,0,18,7,4,1284.439393939394,1089.3272727272729,1250.0166666666667,1366.3829090909092,1262.7790585968794,1219.3131602701596,1364.1210789831166
2025-07-19,1234.58,450.0,1800.0,50.0,0,19,7,5,1267.4819298245613,1025.0,1025.2421428571429,1316.3039682539682,1292.7190585968794,1234.265864351792,1361.3969467079844
2025-07-20,1266.304347826087,775.0,1875.0,23.0,0,20,7,6,1234.58,1300.0344827586207,1218.3926470588235,1349.4265454545452,1287.9004678922315,1237.688128692311,1358.626206787036
2025-07-21,1221.1818181818182,450.0,1900.0,55.0,0,21,7,0,1266.304347826087,1413.2459016393443,1289.6872413793103,1329.2501886792452,1260.4627416840135,1232.7948841782047,1355.0239277704547
2025-07-22,1247.27868852459,805.0,1900.0,61.0,0,22,7,1,1221.1818181818182,1258.8002985074627,1185.4603174603174,1362.344827586207,1258.816797400746,1237.2104821113667,1351.188389801734
2025-07-23,1256.9454545454546,700.0,2000.0,55.0,0,23,7,2,1247.27868852459,1290.4514035087718,1269.1666666666667,1383.4107142857142,1254.0302332631293,1236.3375383884231,1346.9728811437258
2025-07-24,1210.967213114754,400.0,1900.0,61.0,0,24,7,3,1256.9454545454546,1284.439393939394,1153.6545454545455,1360.65609375,1243.5342074310379,1240.4313003641523,1341.9832517892173
2025-07-25,1230.0344827586207,800.0,1750.0,29.0,0,25,7,4,1210.967213114754,1267.4819298245613,1089.3272727272729,1361.5264705882355,1238.1845721359034,1250.4818153663914,1337.6001855282302
2025-07-26,1184.8125,937.0,1600.0,16.0,0,26,7,5,1230.0344827586207,1234.58,1025.0,1331.0837704918033,1231.0749292787607,1261.89699393782,1332.7244765118369
2025-07-27,1277.7931034482758,800.0,1650.0,29.0,0,27,7,6,1184.8125,1266.304347826087,1300.0344827586207,1359.6923076923076,1232.7161800819306,1260.308323987081,1329.9945030370359
2025-07-28,1187.979649122807,450.0,1800.0,57.0,0,28,7,0,1277.7931034482758,1221.1818181818182,1413.2459016393443,1332.6666666666667,1227.9730130735004,1244.2178773787568,1325.1716024522402
2025-07-29,1183.8648648648648,700.0,1600.0,37.0,0,29,7,1,1187.979649122807,1247.27868852459,1258.8002985074627,1353.9032258064517,1218.913895407825,1238.8653464042857,1319.5036570875209
2025-07-30,1228.7540983606557,777.0,1800.0,61.0,0,30,7,2,1183.8648648648648,1256.9454545454546,1290.4514035087718,1428.5555555555557,1214.8865588099968,1234.458396036563,1312.8436085143576
2025-07-31,1200.90625,400.0,1800.0,64.0,0,31,7,3,1228.7540983606557,1210.967213114754,1284.439393939394,2327.649827586207,1213.449278365032,1228.491742898035,1275.285489261484
2025-08-01,2253.345185185185,1000.0,3600.0,54.0,0,1,8,4,1200.90625,1230.0344827586207,1267.4819298245613,2066.725490196078,1359.636521568827,1298.910546852365,1281.5061457611207
2025-08-02,2100.5641025641025,1380.0,2800.0,39.0,0,2,8,5,2253.345185185185,1184.8125,1234.58,1940.0358064516129,1490.4581790779844,1360.7665541783729,1286.8570889648704
2025-08-03,1771.6666666666667,1200.0,2500.0,48.0,0,3,8,6,2100.5641025641025,1277.7931034482758,1266.304347826087,1250.0166666666667,1561.0115452520404,1396.8638626669854,1304.245422298204
2025-08-04,1194.8884057971015,750.0,2000.0,69.0,0,4,8,0,1771.6666666666667,1187.979649122807,1221.1818181818182,1025.2421428571429,1561.998510491225,1394.9857617823625,1309.9002977295359
2025-08-05,995.7012903225807,240.0,2000.0,62.0,0,5,8,1,1194.8884057971015,1183.8648648648648,1247.27868852459,1218.3926470588235,1535.1179998423274,1377.0159476250763,1302.4772525049943
2025-08-06,1227.1666666666667,500.0,1750.0,30.0,0,6,8,2,995.7012903225807,1228.7540983606557,1256.9454545454546,1289.6872413793103,1534.8912238860435,1374.88889134802,1300.3932333479063
2025-08-07,1342.988,800.0,2000.0,60.0,0,7,8,3,1227.1666666666667,1200.90625,1210.967213114754,1185.4603174603174,1555.1886167431862,1384.3189475541092,1305.644156099229
2025-08-08,1180.2068965517242,750.0,1900.0,29.0,0,8,8,4,1342.988,2253.345185185185,1230.0344827586207,1269.1666666666667,1401.883146938406,1380.7598342536166,1302.6788304287309
2025-08-09,1188.764705882353,700.0,2200.0,51.0,0,9,8,5,1180.2068965517242,2100.5641025641025,1184.8125,1153.6545454545455,1271.6260902695847,1381.0421346737846,1303.8491691096579
2025-08-10,1146.5849056603774,700.0,2200.0,53.0,0,10,8,6,1188.764705882353,1771.6666666666667,1277.7931034482758,1089.3272727272729,1182.3286958401147,1371.6701205460777,1305.7577568740949
2025-08-11,1352.7507861635222,800.0,2300.0,0.0,1,11,8,0,1146.5849056603774,1194.8884057971015,1187.979649122807,1025.0,1204.8804644638892,1383.4394874775571,1316.6827830795453
2025-08-12,1558.9166666666667,900.0,2400.0,12.0,0,12,8,1,1352.7507861635222,995.7012903225807,1183.8648648648648,1300.0344827586207,1285.3398039416156,1410.2289018919714,1325.3121892098136
2025-08-13,1373.2,450.0,2000.0,65.0,0,13,8,2,1558.9166666666667,1227.1666666666667,1228.7540983606557,1413.2459016393443,1306.2017087035206,1420.546466294782,1323.9773258218354
2025-08-14,1377.2973684210526,600.0,2000.0,57.0,0,14,8,3,1373.2,1342.988,1200.90625,1258.8002985074627,1311.1030470493854,1433.1458318962857,1327.9272281522885
2025-08-15,1494.5833333333333,900.0,1900.0,12.0,0,15,8,4,1377.2973684210526,1180.2068965517242,2253.345185185185,1290.4514035087718,1356.013966589615,1378.9485567640106,1334.7316258131073
2025-08-16,1379.9,700.0,2000.0,50.0,0,16,8,5,1494.5833333333333,1188.764705882353,2100.5641025641025,1284.439393939394,1383.3190086064217,1327.4725494380032,1337.9136460151274
2025-08-17,1412.857142857143,800.0,1900.0,28.0,0,17,8,6,1379.9,1146.5849056603774,1771.6666666666667,1267.4819298245613,1421.3578996345311,1301.843297737323,1342.7594864495468
2025-08-18,1407.5208333333333,600.0,2000.0,48.0,0,18,8,0,1412.857142857143,1352.7507861635222,1194.8884057971015,1234.58,1429.1821920873613,1317.0313282756254,1348.5241808939911
2025-08-19,1762.4406779661017,875.0,25000.0,59.0,0,19,8,1,1407.5208333333333,1558.9166666666667,995.7012903225807,1266.304347826087,1458.2570508444235,1371.7984273930197,1365.0620585653248
2025-08-20,1374.2631578947369,850.0,2000.0,57.0,0,20,8,2,1762.4406779661017,1373.2,1227.1666666666667,1221.1818181818182,1458.4089305436717,1382.305319623596,1370.164769889089
2025-08-21,1354.392857142857,550.0,2000.0,56.0,0,21,8,3,1374.2631578947369,1377.2973684210526,1342.988,1247.27868852459,1455.1368575039291,1383.1199522766572,1373.7352421763646
2025-08-22,1356.1538461538462,900.0,1700.0,26.0,0,22,8,4,1354.392857142857,1494.5833333333333,1180.2068965517242,1256.9454545454546,1435.3612164782883,1395.6875915339515,1377.042188563311
2025-08-23,1314.4473684210527,500.0,2200.0,38.0,0,23,8,5,1356.1538461538462,1379.9,1188.764705882353,1210.967213114754,1426.0108405384385,1404.66492457243,1380.491527073521
2025-08-24,1307.421052631579,850.0,1866.0,19.0,0,24,8,6,1314.4473684210527,1412.857142857143,1146.5849056603774,1230.0344827586207,1410.9485419347868,1416.153220784659,1383.0710794026195
2025-08-25,1288.8360655737704,450.0,2400.0,61.0,0,25,8,0,1307.421052631579,1407.5208333333333,1352.7507861635222,1184.8125,1393.993575111992,1411.5878835996768,1386.5385315884118
2025-08-26,1279.795918367347,800.0,2800.0,49.0,0,26,8,1,1288.8360655737704,1762.4406779661017,1558.9166666666667,1277.7931034482758,1325.0443237407412,1391.6506872925822,1386.6052920857142
2025-08-27,1234.0740740740741,850.0,2100.0,27.0,0,27,8,2,1279.795918367347,1374.2631578947369,1373.2,1187.979649122807,1305.017311766361,1381.7131211550163,1388.1417729174234
2025-08-28,1244.2622950819673,450.0,2400.0,61.0,0,28,8,3,1234.0740740740741,1354.392857142857,1377.2973684210526,1183.8648648648648,1289.284374329091,1372.2106159165103,1390.1550205913265
2025-08-29,1209.4772727272727,482.0,2500.0,44.0,0,29,8,4,1244.2622950819673,1356.1538461538462,1494.5833333333333,1228.7540983606557,1268.3305781252948,1351.8458973017916,1389.5124597368806
2025-08-30,1289.6129032258063,750.0,2000.0,31.0,0,30,8,5,1209.4772727272727,1314.4473684210527,1379.9,1200.90625,1264.7827973831168,1345.3968189607779,1392.4693481777408
2025-08-31,1241.4285714285713,800.0,1800.0,21.0,0,31,8,6,1289.6129032258063,1307.421052631579,1412.857142857143,2253.345185185185,1255.3553000684012,1333.151921001594,1358.7387943858535
2025-09-01,2062.630769230769,1000.0,3300.0,65.0,0,1,9,0,1241.4285714285713,1288.8360655737704,1407.5208333333333,2100.5641025641025,1365.8974005908296,1379.945487851411,1357.4743499414094
2025-09-02,2035.7142857142858,1200.0,2800.0,14.0,0,2,9,1,2062.630769230769,1279.795918367347,1762.4406779661017,1771.6666666666667,1473.8857387832497,1399.4650312619956,1366.2759372429964
2025-09-03,1739.2857142857142,1050.0,2650.0,28.0,0,3,9,2,2035.7142857142858,1234.0740740740741,1374.2631578947369,1194.8884057971015,1546.0588302420551,1425.5380710042082,1384.422514192617
2025-09-04,1208.3494545454546,831.0,2000.0,55.0,0,4,9,3,1739.2857142857142,1244.2622950819673,1354.392857142857,995.7012903225807,1540.928424451125,1415.106399390108,1391.5107863333794
2025-09-05,1010.9950943396227,240.0,1750.0,53.0,0,5,9,4,1208.3494545454546,1209.4772727272727,1356.1538461538462,1227.1666666666667,1512.5738275386034,1390.4522028319493,1384.3050672558113
2025-09-06,1280.4289999999999,700.0,1766.0,60.0,0,6,9,5,1010.9950943396227,1289.6129032258063,1314.4473684210527,1342.988,1511.2618413634882,1388.0223193733025,1382.2197672558111
2025-09-07,1301.3476923076923,800.0,1800.0,52.0,0,7,9,6,1280.4289999999999,1241.4285714285713,1307.421052631579,1180.2068965517242,1519.8217157747913,1387.5885079215964,1386.2577937810102
2025-09-08,1165.4545454545455,850.0,1450.0,11.0,0,8,9,0,1301.3476923076923,2062.630769230769,1288.8360655737704,1188.764705882353,1391.6536838067593,1378.7755421987945,1385.4807884334164
2025-09-09,1248.909090909091,800.0,2500.0,44.0,0,9,9,1,1165.4545454545455,2035.7142857142858,1279.795918367347,1146.5849056603774,1279.2529416917314,1376.5693402374907,1388.8915946083735
2025-09-10,1131.906976744186,750.0,2000.0,43.0,0,10,9,2,1248.909090909091,1739.2857142857142,1234.0740740740741,1352.7507861635222,1192.4845506143704,1369.2716904282129,1381.530134294396
2025-09-11,1294.5645994832041,955.0,2100.0,0.0,1,11,9,3,1131.906976744186,1208.3494545454546,1244.2622950819673,1558.9166666666667,1204.8009998911916,1372.864712171158,1372.7183987216135
2025-09-12,1457.2222222222222,1160.0,2200.0,9.0,0,12,9,4,1294.5645994832041,1010.9950943396227,1209.4772727272727,1373.2,1268.5477324458486,1390.560779992226,1375.5191394623544
2025-09-13,1125.0,900.0,1500.0,10.0,0,13,9,5,1457.2222222222222,1280.4289999999999,1289.6129032258063,1377.2973684210526,1246.3435895887058,1378.8027154760969,1367.1092271816526
2025-09-14,1650.0,600.0,9500.0,15.0,0,14,9,6,1125.0,1301.3476923076923,1241.4285714285713,1494.5833333333333,1296.1510621161783,1407.9863889454848,1372.289782737208
2025-09-15,1029.15,350.0,1840.0,40.0,0,15,9,0,1650.0,1165.4545454545455,2062.630769230769,1379.9,1276.6789841941004,1334.16633400043,1360.5981160705414
2025-09-16,1174.2608695652175,750.0,2000.0,46.0,0,16,9,1,1029.15,1248.909090909091,2035.7142857142858,1412.857142857143,1266.0149525735471,1272.6339471326392,1352.6449069608107
2025-09-17,1112.6875,700.0,2000.0,48.0,0,17,9,2,1174.2608695652175,1131.906976744186,1739.2857142857142,1407.5208333333333,1263.2693130386633,1227.8769318265167,1342.8171291830329
2025-09-18,1095.8775510204082,300.0,1850.0,49.0,0,18,9,3,1112.6875,1294.5645994832041,1208.3494545454546,1762.4406779661017,1234.8854489725495,1219.8432244318706,1320.5983582848432
2025-09-19,1070.7659574468084,750.0,1760.0,47.0,0,19,9,4,1095.8775510204082,1457.2222222222222,1010.9950943396227,1374.2631578947369,1179.6774111474908,1224.1125717966697,1310.4817849365788
2025-09-20,1075.425,450.0,2000.0,40.0,0,20,9,5,1070.7659574468084,1125.0,1280.4289999999999,1354.392857142857,1172.5952682903478,1209.4694289395268,1301.1828563651504
2025-09-21,1111.388888888889,805.0,1700.0,18.0,0,21,9,6,1075.425,1650.0,1301.3476923076923,1356.1538461538462,1095.6508238459032,1195.9009429810408,1293.0240244563183
2025-09-22,1052.3783783783783,650.0,1900.0,37.0,0,22,9,0,1111.388888888889,1029.15,1165.4545454545455,1314.4473684210527,1098.969163614243,1187.8240739041719,1284.2883914548959
2025-09-23,1108.8478260869565,500.0,1900.0,46.0,0,23,9,1,1052.3783783783783,1174.2608695652175,1248.909090909091,1307.421052631579,1089.6244431173486,1177.8196978454478,1277.6692839034085
2025-09-24,1131.595238095238,750.0,2000.0,42.0,0,24,9,2,1108.8478260869565,1112.6875,1131.906976744186,1288.8360655737704,1092.3255485595255,1177.7974307990946,1272.4279229874576
2025-09-25,1208.9642857142858,700.0,1725.0,28.0,0,25,9,3,1131.595238095238,1095.8775510204082,1294.5645994832041,1279.795918367347,1108.4807963729365,1171.6831226727431,1270.0668685656888
2025-09-26,1073.2903225806451,800.0,1500.0,31.0,0,26,9,4,1208.9642857142858,1070.7659574468084,1457.2222222222222,1234.0740740740741,1108.8414199634847,1144.2594155554875,1264.7074101825744
2025-09-27,1083.7619047619048,450.0,1825.0,42.0,0,27,9,5,1073.2903225806451,1075.425,1125.0,1244.2622950819673,1110.0324063580424,1141.313837324195,1259.3573971719056
2025-09-28,1264.4,724.0,1790.0,10.0,0,28,9,6,1083.7619047619048,1111.388888888889,1650.0,1209.4772727272727,1131.8911365167728,1113.7709801813378,1261.1881547476632
2025-09-29,1314.0,350.0,11000.0,54.0,0,29,9,0,1264.4,1052.3783783783783,1029.15,1289.6129032258063,1169.2656538912902,1134.1174087527666,1262.0010579734696
2025-09-30,1367.3863636363637,700.0,12000.0,44.0,0,30,9,1,1314.0,1108.8478260869565,1174.2608695652175,1241.4285714285713,1206.1997306840624,1147.9120869007054,1266.1996510470628
2025-10-01,1704.8776315789473,600.0,3300.0,76.0,0,1,10,2,1367.3863636363637,1131.595238095238,1112.6875,2062.630769230769,1288.0972154674496,1190.2113820134875,1254.2745464586687
2025-10-02,2100.0,1800.0,2400.0,2.0,0,2,10,3,1704.8776315789473,1208.9642857142858,1095.8775510204082,2035.7142857142858,1415.3880317939802,1261.9344140834585,1256.4174036015258
2025-10-03,1516.5901639344263,800.0,2500.0,61.0,0,3,10,4,2100.0,1073.2903225806451,1070.7659574468084,1739.2857142857142,1478.7165805588063,1293.7790002611455,1248.994218589816
2025-10-04,1168.3773333333334,776.0,2000.0,30.0,0,4,10,5,1516.5901639344263,1083.7619047619048,1075.425,1208.3494545454546,1490.8044989261527,1300.4184526420977,1247.6618145494124
2025-10-05,988.7252173913043,300.0,1500.0,46.0,0,5,10,6,1168.3773333333334,1264.4,1111.388888888889,1010.9950943396227,1451.4223871249108,1291.6567618208417,1246.9194853178014
2025-10-06,1349.2965625,687.0,1979.67,64.0,0,6,10,0,988.7252173913043,1314.0,1052.3783783783783,1280.4289999999999,1456.4647531963394,1312.865203543815,1249.2150707344683
2025-10-07,1276.51828125,400.0,1900.0,64.0,0,7,10,1,1349.2965625,1367.3863636363637,1108.8478260869565,1301.3476923076923,1443.4835985697157,1324.8416646268893,1248.3874236992117
2025-10-08,1245.7777777777778,800.0,1600.0,27.0,0,8,10,2,1276.51828125,1704.8776315789473,1131.595238095238,1165.4545454545455,1377.897905169549,1332.9975603184992,1251.064864776653
2025-10-09,1175.0409302325581,800.0,2200.0,43.0,0,9,10,3,1245.7777777777778,2100.0,1208.9642857142858,1248.909090909091,1245.7608952027713,1330.5744634983755,1248.6025927541018
2025-10-10,1202.5,1000.0,1790.0,6.0,0,10,10,4,1175.0409302325581,1516.5901639344263,1073.2903225806451,1131.906976744186,1200.8908717835677,1339.8037261711868,1250.9556935292956
2025-10-11,1399.659090909091,1000.0,2245.0,0.0,1,11,10,5,1202.5,1168.3773333333334,1083.7619047619048,1294.5645994832041,1233.9311228658187,1362.367810895986,1254.4588432434919
2025-10-12,1596.8181818181818,1000.0,2700.0,11.0,0,12,10,6,1399.659090909091,988.7252173913043,1264.4,1457.2222222222222,1320.8015463553727,1386.1119667401417,1259.1120418966905
2025-10-13,1080.9756097560976,500.0,2250.0,41.0,0,13,10,0,1596.8181818181818,1349.2965625,1314.0,1125.0,1282.4699816776724,1369.4673674370058,1257.6445622218937
2025-10-14,1044.2978723404256,500.0,2000.0,47.0,0,14,10,1,1080.9756097560976,1276.51828125,1367.3863636363637,1650.0,1249.2956375477331,1346.3896180587242,1237.454491299908
2025-10-15,1051.404255319149,500.0,2000.0,47.0,0,15,10,2,1044.2978723404256,1245.7777777777778,1704.8776315789473,1029.15,1221.5279914822147,1299.7129483258816,1238.1962998105462
2025-10-16,1072.9791666666667,550.0,2000.0,48.0,0,16,10,3,1051.404255319149,1175.0409302325581,2100.0,1174.2608695652175,1206.9477395442302,1226.3543173735009,1234.8202430472613
2025-10-17,1108.2,650.0,2290.0,25.0,0,17,10,4,1072.9791666666667,1202.5,1516.5901639344263,1112.6875,1193.4763109728015,1197.1835913781847,1234.670659713928
2025-10-18,1068.5555555555557,600.0,2000.0,27.0,0,18,10,5,1108.2,1399.659090909091,1168.3773333333334,1095.8775510204082,1146.1758059222968,1190.0534643940575,1233.759926531766
2025-10-19,1128.3333333333333,650.0,1770.0,6.0,0,19,10,6,1068.5555555555557,1596.8181818181818,988.7252173913043,1070.7659574468084,1079.2493989958898,1200.0254726756314,1235.6788390613171
2025-10-20,1358.3333333333333,1000.0,1875.0,3.0,0,20,10,0,1128.3333333333333,1080.9756097560976,1349.2965625,1075.425,1118.871930935495,1200.6709563065835,1245.1091168390947
2025-10-21,1000.0,850.0,1200.0,3.0,0,21,10,1,1358.3333333333333,1044.2978723404256,1276.51828125,1111.388888888889,1112.5436634582911,1180.9196505030122,1241.3961538761318
2025-10-22,1150.0,1150.0,1150.0,2.0,0,22,10,2,1000.0,1051.404255319149,1245.7777777777778,1052.3783783783783,1126.62876984127,1174.0783806617421,1244.6502079301858
2025-10-23,1233.3333333333333,900.0,1500.0,3.0,0,23,10,3,1150.0,1072.9791666666667,1175.0409302325581,1108.8478260869565,1149.5365079365079,1178.242123740369,1248.7997248383983
2025-10-24,1445.0,800.0,1800.0,6.0,0,24,10,4,1233.3333333333333,1108.2,1202.5,1131.595238095238,1197.6507936507935,1195.5635523117976,1259.2465502352238
2025-10-25,1394.375,850.0,1750.0,0.0,1,25,10,5,1445.0,1068.5555555555557,1399.659090909091,1208.9642857142858,1244.1964285714287,1195.1861172468628,1265.426907378081
2025-10-26,1343.75,900.0,1700.0,8.0,0,26,10,6,1394.375,1128.3333333333333,1596.8181818181818,1073.2903225806451,1274.970238095238,1177.1098185455637,1274.442229958726
2025-10-27,1292.3333333333333,800.0,1800.0,24.0,0,27,10,0,1343.75,1358.3333333333333,1080.9756097560976,1083.7619047619048,1265.5416666666665,1192.2067988010806,1281.394610911107
2025-10-28,1349.2105263157894,900.0,1780.0,19.0,0,28,10,1,1292.3333333333333,1000.0,1044.2978723404256,1264.4,1315.4288847117793,1213.9862740850351,1284.2216284549665
2025-10-29,1370.9130434782608,850.0,1800.0,23.0,0,29,10,2,1349.2105263157894,1150.0,1051.404255319149,1314.0,1346.9878909229594,1236.8083303821147,1286.1187299042422
2025-10-30,1316.857142857143,550.0,1825.0,28.0,0,30,10,3,1370.9130434782608,1233.3333333333333,1072.9791666666667,1367.3863636363637,1358.919863712075,1254.2281858242916,1284.4344225449347
2025-10-31,1339.375,900.0,1800.0,16.0,0,31,10,4,1316.857142857143,1445.0,1108.2,1704.8776315789473,1343.8305779977895,1270.7406858242916,1272.251001492303
2025-11-01,1699.1917808219177,400.0,3000.0,73.0,0,1,11,5,1339.375,1394.375,1068.5555555555557,2100.0,1387.3758324009207,1315.7861304861744,1258.8907275197005
2025-11-02,1516.8607142857145,900.0,2300.0,14.0,0,2,11,6,1699.1917808219177,1343.75,1128.3333333333333,1516.5901639344263,1412.105934441737,1343.5380862684874,1258.8997458647434
2025-11-03,1437.065934065934,650.0,3000.0,91.0,0,3,11,0,1516.8607142857145,1292.3333333333333,1358.3333333333333,1168.3773333333334,1432.78202026068,1349.1618434636732,1267.8560325558299
2025-11-04,1109.9625,700.0,2000.0,56.0,0,4,11,1,1437.065934065934,1349.2105263157894,1000.0,988.7252173913043,1398.6037307869958,1357.0163077493876,1271.8972753094533
2025-11-05,1047.2916666666667,625.0,1450.0,24.0,0,5,11,2,1109.9625,1370.9130434782608,1150.0,1349.2965625,1352.3721055281965,1349.679998225578,1261.830445448342
2025-11-06,1366.8357627118644,825.0,2401.0,59.0,0,6,11,3,1047.2916666666667,1316.857142857143,1233.3333333333333,1276.51828125,1359.5119083645855,1359.2158860383302,1264.8410281637377
2025-11-07,1315.7241379310344,875.0,1850.0,58.0,0,7,11,4,1366.8357627118644,1339.375,1445.0,1245.7777777777778,1356.1332137833047,1349.9818958905469,1267.1725735021794
2025-11-08,1231.0471186440677,700.0,1750.0,59.0,0,8,11,5,1315.7241379310344,1699.1917808219177,1394.375,1175.0409302325581,1289.2554049007545,1338.3156186508375,1269.03944644923
2025-11-09,1107.9056603773586,350.0,2200.0,53.0,0,9,11,6,1231.0471186440677,1516.8607142857145,1343.75,1202.5,1230.833254342418,1321.4695943920774,1265.8863017951417
2025-11-10,954.4285714285714,550.0,1450.0,14.0,0,10,11,0,1107.9056603773586,1437.065934065934,1292.3333333333333,1399.659090909091,1161.8850596799377,1297.3335399703087,1251.0452844791243
2025-11-11,1198.2857142857142,650.0,2325.0,0.0,1,11,11,1,954.4285714285714,1109.9625,1349.2105263157894,1596.8181818181818,1174.5026617207538,1286.5531962538748,1237.760868894709
2025-11-12,1442.142857142857,750.0,3200.0,21.0,0,12,11,2,1198.2857142857142,1047.2916666666667,1370.9130434782608,1080.9756097560976,1230.909974645924,1291.6410400870604,1249.7997771409343
2025-11-13,1466.7578428830698,771.0526315789474,3189.4736842105262,0.0,1,13,11,3,1442.142857142857,1366.8357627118644,1316.857142857143,1044.2978723404256,1245.184557527525,1302.3482329460548,1263.8817761590221
2025-11-14,1491.3728286232822,792.1052631578947,3178.9473684210525,0.0,1,14,11,4,1466.7578428830698,1315.7241379310344,1339.375,1051.404255319149,1270.2772276264172,1313.2052207048607,1278.54739526916
2025-11-15,1515.9878143634949,813.1578947368421,3168.4210526315787,0.0,1,15,11,5,1491.3728286232822,1231.0471186440677,1699.1917808219177,1072.9791666666667,1310.983041300621,1300.119223100688,1293.3143501923878
2025-11-16,1540.6028001037075,834.2105263157895,3157.8947368421054,0.0,1,16,11,6,1515.9878143634949,1107.9056603773586,1516.8607142857145,1108.2,1372.7969184043852,1301.8150863734015,1307.727776862511
2025-11-17,1565.2177858439202,855.2631578947369,3147.3684210526317,0.0,1,17,11,0,1540.6028001037075,954.4285714285714,1437.065934065934,1068.5555555555557,1460.0525204637208,1310.968790071829,1324.2831845387902
2025-11-18,1589.8327715841328,876.3157894736842,3136.842105263158,0.0,1,18,11,1,1565.2177858439202,1198.2857142857142,1109.9625,1128.3333333333333,1515.9878143634949,1345.2452380421244,1339.66649914715
2025-11-19,1614.4477573243453,897.3684210526316,3126.315789473684,0.0,1,19,11,2,1589.8327715841328,1442.142857142857,1047.2916666666667,1358.3333333333333,1540.6028001037073,1385.7563873748156,1348.203646613517
2025-11-20,1639.062743064558,918.421052631579,3115.7894736842104,0.0,1,20,11,3,1614.4477573243453,1466.7578428830698,1366.8357627118644,1000.0,1565.2177858439202,1405.2011716857226,1369.5057380490025
2025-11-21,1663.6777288047706,939.4736842105262,3105.2631578947367,0.0,1,21,11,4,1639.062743064558,1491.3728286232822,1315.7241379310344,1150.0,1589.8327715841328,1430.0549996052753,1386.6283290091612
2025-11-22,1688.292714544983,960.5263157894736,3094.7368421052633,0.0,1,22,11,5,1663.6777288047706,1515.9878143634949,1231.0471186440677,1233.3333333333333,1614.4477573243453,1462.7153993124832,1401.7936417162164
2025-11-23,1712.9077002851957,981.578947368421,3084.2105263157896,0.0,1,23,11,6,1688.292714544983,1540.6028001037075,1107.9056603773586,1445.0,1639.062743064558,1505.9298307344718,1410.7238983923894
2025-11-24,1737.5226860254083,1002.6315789473684,3073.684210526316,0.0,1,24,11,0,1712.9077002851957,1565.2177858439202,954.4285714285714,1394.375,1663.6777288047706,1561.8651246342456,1422.1621545932364
2025-11-25,1762.137671765621,1023.6842105263158,3063.157894736842,0.0,1,25,11,1,1737.5226860254083,1589.8327715841328,1198.2857142857142,1343.75,1688.292714544983,1602.140264454239,1436.1084103187573
2025-11-26,1786.7526575058337,1044.7368421052631,3052.6315789473683,0.0,1,26,11,2,1762.137671765621,1614.4477573243453,1442.142857142857,1292.3333333333333,1712.907700285196,1626.7552501944515,1452.5890544578403
2025-11-27,1811.367643246046,1065.7894736842104,3042.1052631578946,0.0,1,27,11,3,1786.7526575058337,1639.062743064558,1466.7578428830698,1349.2105263157894,1737.5226860254083,1651.3702359346644,1467.9942916888492
2025-11-28,1835.9826289862588,1086.842105263158,3031.5789473684213,0.0,1,28,11,4,1811.367643246046,1663.6777288047706,1491.3728286232822,1370.9130434782608,1762.137671765621,1675.9852216748768,1483.4966112057823
2025-11-29,1860.5976147264714,1107.8947368421052,3021.0526315789475,0.0,1,29,11,5,1835.9826289862588,1688.292714544983,1515.9878143634949,1316.857142857143,1786.7526575058334,1700.6002074150892,1501.6212936014267
2025-11-30,1885.2126004666839,1128.9473684210525,3010.5263157894738,0.0,1,30,11,6,1860.5976147264714,1712.9077002851957,1540.6028001037075,1339.375,1811.3676432460463,1725.2151931553021,1519.8158802836494
2025-12-01,1909.8275862068965,1150.0,3000.0,29.0,0,1,12,0,1885.2126004666839,1737.5226860254083,1565.2177858439202,1699.1917808219177,1835.9826289862588,1749.8301788955146,1526.8370737964822
2025-12-02,2309.1666666666665,1600.0,2700.0,24.0,0,2,12,1,1909.8275862068965,1762.137671765621,1589.8327715841328,1516.8607142857145,1914.1296282578367,1801.21117140141,1553.2472722091804
2025-12-03,1429.5245901639344,875.0,2500.0,61.0,0,3,12,2,2309.1666666666665,1786.7526575058337,1614.4477573243453,1437.065934065934,1863.097047208994,1788.002373747095,1552.995894079114
2025-12-04,1074.2461363636364,662.0,1700.0,44.0,0,4,12,3,1429.5245901639344,1811.367643246046,1639.062743064558,1109.9625,1757.7939747972212,1747.6583304113149,1551.8053486245683
2025-12-05,988.1563888888891,350.0,1606.0,36.0,0,5,12,4,1074.2461363636364,1835.9826289862588,1663.6777288047706,1047.2916666666667,1636.6759404975967,1699.4068061316088,1549.8341726986425
2025-12-06,1340.4435294117648,700.0,2025.0,68.0,0,6,12,5,988.1563888888891,1860.5976147264714,1688.292714544983,1366.8357627118644,1562.3682140240674,1674.5604357649504,1548.954431588639
2025-12-07,1273.3090909090909,550.0,1933.0,55.0,0,7,12,6,1340.4435294117648,1885.2126004666839,1712.9077002851957,1315.7241379310344,1474.9534269444114,1643.1605350952286,1547.5405966879077
2025-12-08,1296.3934426229507,670.0,1900.0,61.0,0,8,12,0,1273.3090909090909,1909.8275862068965,1737.5226860254083,1231.0471186440677,1387.3199778609903,1611.6513034236245,1549.7188074872038
2025-12-09,1042.6364285714285,700.0,1800.0,42.0,0,9,12,1,1296.3934426229507,2309.1666666666665,1762.137671765621,1107.9056603773586,1206.387086704528,1560.2583574811822,1547.5431664270063
2025-12-10,1141.1904761904761,600.0,1900.0,21.0,0,10,12,2,1042.6364285714285,1429.5245901639344,1786.7526575058337,954.4285714285714,1165.1964989940338,1514.1467731015139,1553.768563252403
2025-12-11,1380.907738095238,950.0,1965.0,0.0,1,11,12,3,1141.1904761904761,1074.2461363636364,1811.367643246046,1198.2857142857142,1209.0052992414055,1483.399637019313,1559.8559640460537
2025-12-12,1620.625,1300.0,2030.0,16.0,0,12,12,4,1380.907738095238,988.1563888888891,1835.9826289862588,1442.142857142857,1299.3579579715642,1468.0169492345806,1565.8053688079585
2025-12-13,1745.2651515151515,1083.3333333333333,2186.6666666666665,0.0,1,13,12,5,1620.625,1340.4435294117648,1860.5976147264714,1466.7578428830698,1357.1896182720482,1459.7789161480578,1575.0889457623612
2025-12-14,1869.905303030303,866.6666666666667,2343.3333333333335,0.0,1,14,12,6,1745.2651515151515,1273.3090909090909,1885.2126004666839,1491.3728286232822,1442.4176485750781,1458.6855377597446,1587.706694909262
2025-12-15,1994.5454545454545,650.0,2500.0,11.0,0,15,12,0,1869.905303030303,1296.3934426229507,1909.8275862068965,1515.9878143634949,1542.153650278293,1464.7368140696417,1603.6586162486606
2025-12-16,1883.75,800.0,2400.0,8.0,0,16,12,1,1994.5454545454545,1042.6364285714285,2309.1666666666665,1540.6028001037075,1662.312731910946,1434.3499093077369,1615.0968562452038
2025-12-17,1920.7777777777778,1300.0,2500.0,27.0,0,17,12,2,1883.75,1141.1904761904761,1429.5245901639344,1565.2177858439202,1773.682346423418,1469.4394227087257,1626.948855976332
2025-12-18,1692.8947368421052,800.0,2200.0,19.0,0,18,12,3,1920.7777777777778,1380.907738095238,1074.2461363636364,1589.8327715841328,1818.2519176729704,1513.6286084571877,1630.3842548182647
2025-12-19,1620.0,1200.0,2200.0,15.0,0,19,12,4,1692.8947368421052,1620.625,988.1563888888891,1614.4477573243453,1818.1626319586846,1558.7602949651243,1630.5693295741198
2025-12-20,1487.0740740740741,550.0,2300.0,27.0,0,20,12,5,1620.0,1745.2651515151515,1340.4435294117648,1639.062743064558,1781.2781923242449,1569.2339052981463,1625.5030406077703
2025-12-21,1325.0,1250.0,1400.0,2.0,0,21,12,6,1487.0740740740741,1869.905303030303,1273.3090909090909,1663.6777288047706,1703.4345776056302,1572.9261130903542,1614.2137829809446
2025-12-22,1566.8181818181818,1150.0,2400.0,11.0,0,22,12,0,1325.0,1994.5454545454545,1296.3934426229507,1688.292714544983,1642.3306815017343,1592.2421658900137,1610.1646318900514
2025-12-23,1413.5,700.0,2310.0,10.0,0,23,12,1,1566.8181818181818,1883.75,1042.6364285714285,1712.9077002851957,1575.1521100731627,1618.7324209920546,1600.1843752138782
2025-12-24,1530.0,900.0,2100.0,17.0,0,24,12,2,1413.5,1920.7777777777778,1141.1904761904761,1737.5226860254083,1519.3267132477656,1646.504529835592,1593.2669523463644
2025-12-25,1254.3333333333333,550.0,1800.0,15.0,0,25,12,3,1530.0,1692.8947368421052,1380.907738095238,1762.137671765621,1456.675084175084,1637.4635009240271,1576.3401410652882
2025-12-26,1438.4375,900.0,2350.0,16.0,0,26,12,4,1254.3333333333333,1620.0,1620.625,1786.7526575058337,1430.737584175084,1624.4501080668845,1564.7296358150938
2025-12-27,1437.923076923077,800.0,2200.0,26.0,0,27,12,5,1438.4375,1487.0740740740741,1745.2651515151515,1811.367643246046,1423.7160131535131,1602.497102738879,1552.281483604328
2025-12-28,1483.3333333333333,1200.0,2000.0,6.0,0,28,12,6,1437.923076923077,1325.0,1869.905303030303,1835.9826289862588,1446.3350607725608,1574.8848191890954,1540.5265070825637
2025-12-29,1751.6,1400.0,2000.0,10.0,0,29,12,0,1483.3333333333333,1566.8181818181818,1994.5454545454545,1860.5976147264714,1472.7324633699634,1557.531572435849,1536.8932532583483
2025-12-30,1388.076923076923,900.0,2000.0,13.0,0,30,12,1,1751.6,1413.5,1883.75,1885.2126004666839,1469.1005952380951,1522.126352655629,1520.3220640120228
2025-12-31,1461.3333333333333,800.0,2300.0,12.0,0,31,12,2,1388.076923076923,1530.0,1920.7777777777778,1909.8275862068965,1459.2910714285715,1489.3088923381686,1505.372255582904
2026-01-01,1729.25,1200.0,2400.0,8.0,0,1,1,3,1461.3333333333333,1254.3333333333333,1692.8947368421052,2309.1666666666665,1527.1363095238096,1491.9056968494467,1486.0417000273485
2026-01-02,1399.4444444444443,800.0,1900.0,9.0,0,2,1,4,1729.25,1438.4375,1620.0,1429.5245901639344,1521.5658730158727,1476.1517285954785,1485.0390285033654
2026-01-03,926.0,500.0,2340.0,15.0,0,3,1,5,1399.4444444444443,1437.923076923077,1487.0740740740741,1074.2461363636364,1448.4340048840047,1436.0750090187591,1480.0974906245779
2026-01-04,973.5555555555555,575.0,1300.0,9.0,0,4,1,6,926.0,1483.3333333333333,1325.0,988.1563888888891,1375.608608058608,1410.9718344155845,1479.610796180133
2026-01-05,1024.842712842713,563.6363636363636,1545.4545454545455,0.0,1,5,1,0,973.5555555555555,1751.6,1566.8181818181818,1340.4435294117648,1271.78613846471,1372.2593009173365,1469.0907689611647
2026-01-06,1076.1298701298701,552.2727272727273,1790.909090909091,0.0,1,6,1,1,1024.842712842713,1388.076923076923,1413.5,1273.3090909090909,1227.222273757988,1348.1614344980414,1462.5181282685242
2026-01-07,1127.4170274170274,540.9090909090909,2036.3636363636365,0.0,1,7,1,2,1076.1298701298701,1461.3333333333333,1530.0,1296.3934426229507,1179.5199443413728,1319.4055078849722,1456.8855810949933
2026-01-08,1178.7041847041846,529.5454545454545,2281.818181818182,0.0,1,8,1,3,1127.4170274170274,1729.25,1254.3333333333333,1042.6364285714285,1100.8705421562565,1314.003425840033,1461.4211729660851
2026-01-09,1229.9913419913419,518.1818181818181,2527.272727272727,0.0,1,9,1,4,1178.7041847041846,1399.4444444444443,1438.4375,1141.1904761904761,1076.6629560915276,1299.1144145537003,1464.381201826114
2026-01-10,1281.2784992784993,506.8181818181818,2772.727272727273,0.0,1,10,1,5,1229.9913419913419,926.0,1437.923076923077,1380.907738095238,1127.4170274170274,1287.925516150516,1461.0602271988896
2026-01-11,1332.5656565656566,495.45454545454544,3018.181818181818,0.0,1,11,1,6,1281.2784992784993,973.5555555555555,1483.3333333333333,1620.625,1178.7041847041849,1277.1563963813965,1451.4582490844114
2026-01-12,1383.8528138528138,484.0909090909091,3263.636363636364,0.0,1,12,1,0,1332.5656565656566,1024.842712842713,1751.6,1745.2651515151515,1229.991341991342,1250.8887402280259,1439.4111711623334
2026-01-13,1435.1399711399713,472.72727272727275,3509.090909090909,0.0,1,13,1,1,1383.8528138528138,1076.1298701298701,1388.076923076923,1869.905303030303,1281.2784992784993,1254.2503865182437,1424.9189934326557
2026-01-14,1486.4271284271285,461.3636363636364,3754.5454545454545,0.0,1,14,1,2,1435.1399711399713,1127.4170274170274,1461.3333333333333,1994.5454545454545,1332.5656565656568,1256.042800453515,1407.981715895378
2026-01-15,1537.7142857142858,450.0,4000.0,7.0,0,15,1,3,1486.4271284271285,1178.7041847041846,1729.25,1883.75,1383.8528138528138,1242.3616780045352,1396.4471920858543
2026-01-16,1197.5,800.0,1550.0,20.0,0,16,1,4,1537.7142857142858,1229.9913419913419,1399.4444444444443,1920.7777777777778,1379.2111935683365,1227.9370748299318,1372.337932826595
2026-01-17,1305.7894736842106,800.0,2300.0,19.0,0,17,1,5,1197.5,1281.2784992784993,926.0,1692.8947368421052,1382.712761340581,1255.0648943788042,1359.4344240546654
2026-01-18,950.0,900.0,1000.0,2.0,0,18,1,6,1305.7894736842106,1332.5656565656566,973.5555555555555,1620.0,1328.0605246883445,1253.3823546962647,1337.101090721332
2026-01-19,1280.3846153846155,950.0,2100.0,13.0,0,19,1,0,950.0,1383.8528138528138,1024.842712842713,1487.0740740740741,1313.2793534786017,1271.6353477349717,1330.21144209835
2026-01-20,1320.0,950.0,2100.0,10.0,0,20,1,1,1280.3846153846155,1435.1399711399713,1076.1298701298701,1325.0,1296.8307861728915,1289.0546427256954,1330.0447754316835
2026-01-21,1425.111111111111,1100.0,1750.0,9.0,0,21,1,2,1320.0,1486.4271284271285,1127.4170274170274,1566.8181818181818,1288.071355127746,1310.3185058467013,1325.3212064081142
2026-01-22,1395.2941176470588,900.0,2100.0,17.0,0,22,1,3,1425.111111111111,1537.7142857142858,1178.7041847041846,1413.5,1267.725616832428,1325.7892153426208,1324.7143436630163
2026-01-23,1458.2857142857142,1050.0,2270.0,14.0,0,23,1,4,1395.2941176470588,1197.5,1229.9913419913419,1530.0,1304.9807188732443,1342.0959562207904,1322.32386747254
2026-01-24,1266.774193548387,600.0,2260.0,31.0,0,24,1,5,1458.2857142857142,1305.7894736842106,1281.2784992784993,1254.3333333333333,1299.4071074252695,1341.0599343829253,1322.7385628130419
2026-01-25,1212.5,700.0,1600.0,8.0,0,25,1,6,1266.774193548387,950.0,1332.5656565656566,1438.4375,1336.9071074252695,1332.483816056807,1315.2073128130419
2026-01-26,1393.3333333333333,1000.0,2310.0,6.0,0,26,1,0,1212.5,1280.3846153846155,1383.8528138528138,1437.923076923077,1353.0426385608007,1333.1609960197013,1313.7209880267174
2026-01-27,1270.3333333333333,800.0,1950.0,15.0,0,27,1,1,1393.3333333333333,1320.0,1435.1399711399713,1483.3333333333333,1345.9474004655624,1321.389093319227,1306.620988026717
2026-01-28,1263.4642857142858,700.0,2310.0,28.0,0,28,1,2,1270.3333333333333,1425.111111111111,1486.4271284271285,1751.6,1322.8549968374446,1305.4631759825952,1290.3497975505268
2026-01-29,1143.5294117647059,350.0,2310.0,17.0,0,29,1,3,1263.4642857142858,1395.2941176470588,1537.7142857142858,1388.076923076923,1286.8886102828226,1277.3071135576254,1282.1982138401195
2026-01-30,1193.8125,876.0,2300.0,16.0,0,30,1,4,1143.5294117647059,1458.2857142857142,1197.5,1461.3333333333333,1249.1067225277206,1277.0437207004827,1273.2808527290083
2026-01-31,1223.0,825.0,2033.0,16.0,0,31,1,5,1193.8125,1266.774193548387,1305.7894736842106,1729.25,1242.8532663065228,1271.130186865896,1256.4058527290083
2026-02-01,1273.6363636363637,900.0,2310.0,11.0,0,1,2,6,1223.0,1212.5,950.0,1399.4444444444443,1251.5870325402889,1294.247069982779,1252.2122500354055
2026-02-02,1119.5,750.0,1875.0,18.0,0,2,2,0,1273.6363636363637,1393.3333333333333,1280.3846153846155,926.0,1212.4679849212412,1282.755311741021,1258.6622500354056
2026-02-03,1061.0384615384614,600.0,2290.0,26.0,0,3,2,1,1119.5,1270.3333333333333,1320.0,973.5555555555555,1182.5687175219737,1264.2580589937681,1261.5783469015025
2026-02-04,950.2,600.0,1300.0,10.0,0,4,2,2,1061.0384615384614,1263.4642857142858,1425.111111111111,1024.842712842713,1137.8166767056473,1230.3358367715462,1259.090256473412
2026-02-05,974.6800000000001,615.0,1370.0,0.0,1,5,2,3,950.2,1143.5294117647059,1395.2941176470588,1076.1298701298701,1113.6953321678322,1200.2919712253274,1255.7085941357495
2026-02-06,999.1600000000001,630.0,1440.0,0.0,1,6,2,4,974.6800000000001,1193.8125,1458.2857142857142,1127.4170274170274,1085.8878321678324,1167.4972773477764,1251.4333598885155
2026-02-07,1023.6400000000001,645.0,1510.0,0.0,1,7,2,5,999.1600000000001,1223.0,1266.774193548387,1178.7041847041846,1057.4078321678323,1150.1305492371773,1246.2645537317092
2026-02-08,1048.1200000000001,660.0,1580.0,0.0,1,8,2,6,1023.6400000000001,1273.6363636363637,1212.5,1229.9913419913419,1025.191208791209,1138.3891206657488,1240.2021756653312
2026-02-09,1072.6000000000001,675.0,1650.0,0.0,1,9,2,0,1048.1200000000001,1119.5,1393.3333333333333,1281.2784992784993,1018.4912087912089,1115.479596856225,1233.2462256893812
2026-02-10,1097.08,690.0,1720.0,0.0,1,10,2,1,1072.6000000000001,1061.0384615384614,1270.3333333333333,1332.5656565656566,1023.6400000000001,1103.104358760987,1225.3967038038595
2026-02-11,1121.56,705.0,1790.0,0.0,1,11,2,2,1097.08,950.2,1263.4642857142858,1383.8528138528138,1048.1200000000001,1092.9683383528236,1216.6536100087656
2026-02-12,1146.04,720.0,1860.0,0.0,1,12,2,3,1121.56,974.6800000000001,1143.5294117647059,1435.1399711399713,1072.6,1093.1476660839162,1207.0169443041
2026-02-13,1170.52,735.0,1930.0,0.0,1,13,2,4,1146.04,999.1600000000001,1193.8125,1486.4271284271285,1097.0800000000002,1091.483916083916,1196.486706689862
2026-02-14,1195.0,750.0,2000.0,10.0,0,14,2,5,1170.52,1023.6400000000001,1223.0,1537.7142857142858,1121.56,1089.483916083916,1185.0628971660526
2026-02-15,1183.3333333333333,1000.0,1500.0,3.0,0,15,2,6,1195.0,1048.1200000000001,1273.6363636363637,1197.5,1140.8761904761905,1083.0336996336996,1184.5906749438304
2026-02-16,1168.090909090909,800.0,1850.0,11.0,0,16,2,0,1183.3333333333333,1072.6000000000001,1119.5,1305.7894736842106,1154.5177489177488,1086.5044788544787,1180.0007227907204
2026-02-17,1089.4444444444443,750.0,1600.0,9.0,0,17,2,1,1168.090909090909,1097.08,1061.0384615384614,950.0,1153.4269552669552,1088.5334776334778,1184.6488709388684
2026-02-18,1083.75,800.0,1600.0,8.0,0,18,2,2,1089.4444444444443,1121.56,950.2,1280.3846153846155,1148.0255266955267,1098.0727633477634,1178.0943837593813
2026-02-19,1117.6666666666667,800.0,1675.0,6.0,0,19,2,3,1083.75,1146.04,974.6800000000001,1320.0,1143.9721933621934,1108.2860966810965,1171.3499393149368
2026-02-20,1039.2857142857142,800.0,1500.0,7.0,0,20,2,4,1117.6666666666667,1170.52,999.1600000000001,1425.111111111111,1125.2244382601525,1111.1522191300762,1158.4890927540903
2026-02-21,1061.6666666666667,800.0,1500.0,15.0,0,21,2,5,1039.2857142857142,1195.0,1023.6400000000001,1395.2941176470588,1106.1768192125335,1113.8684096062668,1147.3681777214108
2026-02-22,1076.923076923077,700.0,1500.0,13.0,0,22,2,6,1061.6666666666667,1183.3333333333333,1048.1200000000001,1458.2857142857142,1090.9753540110682,1115.9257722436294,1134.6560898093228
2026-02-23,1106.7083333333333,700.0,2290.0,24.0,0,23,2,0,1076.923076923077,1168.090909090909,1072.6000000000001,1266.774193548387,1082.206414617129,1118.362081767439,1129.3205611354874
2026-02-24,1118.5384615384614,700.0,1500.0,13.0,0,24,2,1,1106.7083333333333,1089.4444444444443,1097.08,1212.5,1086.362702773417,1119.894829020186,1126.1885098534362
2026-02-25,1058.9692307692308,700.0,1500.5,0.0,1,25,2,2,1118.5384615384614,1083.75,1121.56,1393.3333333333333,1082.8225928833072,1115.424059789417,1115.0430397679663
2026-02-26,999.4,700.0,1501.0,10.0,0,26,2,3,1058.9692307692308,1117.6666666666667,1146.04,1270.3333333333333,1065.927354788069,1104.949774075131,1106.0119286568552
2026-02-27,898.2727272727273,500.0,1600.0,11.0,0,27,2,4,999.4,1039.2857142857142,1170.52,1263.4642857142858,1045.7826423576423,1085.5035403088975,1093.8388767088031
2026-02-28,1006.2692307692307,300.0,1867.0,26.0,0,28,2,5,898.2727272727273,1061.6666666666667,1195.0,1143.5294117647059,1037.868722943723,1072.0227710781282,1089.2635373422875
2026-03-01,1463.0,800.0,1875.0,15.0,0,1,3,6,1006.2692307692307,1076.923076923077,1183.3333333333333,1193.8125,1093.022569097569,1091.9989615543186,1098.236454008954
2026-03-02,1295.3333333333333,733.3333333333334,1700.0,0.0,1,2,3,0,1463.0,1106.7083333333333,1168.090909090909,1223.0,1119.9689976689976,1101.0877061430633,1100.647565120065
2026-03-03,1127.6666666666667,666.6666666666667,1525.0,0.0,1,3,3,1,1295.3333333333333,1118.5384615384614,1089.4444444444443,1273.6363636363637,1121.2730269730268,1103.817864873222,1095.7819085544086
2026-03-04,960.0,600.0,1350.0,23.0,0,4,3,2,1127.6666666666667,1058.9692307692308,1083.75,1119.5,1107.1345654345655,1094.9785791589363,1090.465241887742
2026-03-05,958.2167832167833,610.4545454545455,1336.3636363636363,0.0,1,5,3,3,960.0,999.4,1117.6666666666667,1061.0384615384614,1101.2512487512488,1083.589301769659,1087.0378526103527
2026-03-06,956.4335664335664,620.9090909090909,1322.7272727272727,0.0,1,6,3,4,958.2167832167833,898.2727272727273,1039.2857142857142,950.2,1109.5599400599401,1077.6712912087912,1087.2456381581383
2026-03-07,954.6503496503497,631.3636363636364,1309.090909090909,0.0,1,7,3,5,956.4335664335664,1006.2692307692307,1061.6666666666667,974.6800000000001,1102.1858141858143,1070.0272685647685,1086.5779831464831
2026-03-08,952.8671328671329,641.8181818181819,1295.4545454545455,0.0,1,8,3,6,954.6503496503497,1463.0,1076.923076923077,999.1600000000001,1029.3096903096903,1061.1661297036296,1085.0348875753875
2026-03-09,951.083916083916,652.2727272727273,1281.8181818181818,0.0,1,9,3,0,952.8671328671329,1295.3333333333333,1106.7083333333333,1023.6400000000001,980.1312021312021,1050.0500999001,1082.6163514448515
2026-03-10,949.3006993006993,662.7272727272727,1268.1818181818182,0.0,1,10,3,1,951.083916083916,1127.6666666666667,1118.5384615384614,1048.1200000000001,954.6503496503495,1037.9616883116882,1079.3223747548748
2026-03-11,947.5174825174824,673.1818181818182,1254.5454545454545,0.0,1,11,3,2,949.3006993006993,960.0,1058.9692307692308,1072.6000000000001,952.8671328671328,1030.0008491508493,1075.1529575054576
2026-03-12,945.7342657342657,683.6363636363636,1240.909090909091,0.0,1,12,3,3,947.5174825174824,958.2167832167833,999.4,1097.08,951.083916083916,1026.1675824175825,1070.1080996965998
2026-03-13,943.951048951049,694.0909090909091,1227.2727272727273,0.0,1,13,3,4,945.7342657342657,956.4335664335664,898.2727272727273,1121.56,949.3006993006992,1029.4303196803196,1064.1878013283012
2026-03-14,942.1678321678321,704.5454545454545,1213.6363636363635,0.0,1,14,3,5,943.951048951049,954.6503496503497,1006.2692307692307,1146.04,947.5174825174826,1024.8516483516482,1057.3920624005625
2026-03-15,940.3846153846154,715.0,1200.0,13.0,0,15,3,6,942.1678321678321,952.8671328671329,1463.0,1170.52,945.7342657342658,987.5219780219779,1049.7208829133829
2026-03-16,939.3435294117647,350.0,1514.0,34.0,0,16,3,0,940.3846153846154,951.083916083916,1295.3333333333333,1195.0,944.0570676382441,962.0941348847231,1041.1990005604416
2026-03-17,1027.3636363636363,650.0,1600.0,11.0,0,17,3,1,939.3435294117647,949.3006993006993,1127.6666666666667,1183.3333333333333,955.2089157900921,954.929632720221,1036.0000106614518
2026-03-18,1058.3333333333333,700.0,1600.0,9.0,0,18,3,2,1027.3636363636363,947.5174825174824,960.0,1168.090909090909,971.0397516209281,961.9534422440304,1032.341424802866
2026-03-19,1025.0435632183908,610.0,1594.4,0.0,1,19,3,3,1058.3333333333333,945.7342657342657,958.2167832167833,1089.4444444444443,982.3696512615173,966.7267836727167,1030.1947287619976
2026-03-20,991.7537931034483,520.0,1588.8,0.0,1,20,3,4,1025.0435632183908,943.951048951049,956.4335664335664,1083.75,989.1986147118603,969.2496570062797,1027.1281885321125
2026-03-21,958.4640229885057,430.0,1583.2,0.0,1,21,3,5,991.7537931034483,942.1678321678321,954.6503496503497,1117.6666666666667,991.5266419719563,969.5220622447193,1021.8214337428403
2026-03-22,925.1742528735632,340.0,1577.6,0.0,1,22,3,6,958.4640229885057,940.3846153846154,952.8671328671329,1039.2857142857142,989.353733041806,967.543999388036,1018.0177183624353
2026-03-23,891.8844827586207,250.0,1572.0,29.0,0,23,3,0,925.1742528735632,939.3435294117647,951.083916083916,1061.6666666666667,982.573869234214,963.315468436229,1012.3583122321671
2026-03-24,923.7916666666666,500.0,1400.0,24.0,0,24,3,1,891.8844827586207,1027.3636363636363,949.3006993006993,1076.923076923077,967.7778735632182,961.4933946766553,1007.2539318902869
2026-03-25,881.2222222222222,600.0,1200.0,27.0,0,25,3,2,923.7916666666666,1058.3333333333333,947.5174825174824,1106.7083333333333,942.476286261631,956.7580189412795,999.737728186583
2026-03-26,853.8235294117648,275.0,1175.0,17.0,0,26,3,3,881.2222222222222,1025.0435632183908,945.7342657342657,1118.5384615384614,918.016281432113,950.1929663468152,990.9138971156932
2026-03-27,980.0,650.0,1600.0,18.0,0,27,3,4,853.8235294117648,991.7537931034483,943.951048951049,1058.9692307692308,916.3371681316205,952.7678914217403,988.2815894233856
2026-03-28,1017.9411764705883,750.0,1550.0,17.0,0,28,3,5,980.0,958.4640229885057,942.1678321678321,999.4,924.8339043433465,958.1802731576515,988.8996286390718
2026-03-29,999.0909090909091,750.0,1400.0,11.0,0,29,3,6,1017.9411764705883,925.1742528735632,940.3846153846154,898.2727272727273,935.3934266601102,962.3735798509582,992.2602346996779
2026-03-30,1031.0625,675.0,2310.0,16.0,0,30,3,0,999.0909090909091,891.8844827586207,939.3435294117647,1006.2692307692307,955.2760005517358,968.924934892975,993.0866770073702
2026-03-31,1005.5555555555555,600.0,1600.0,9.0,0,31,3,1,1031.0625,923.7916666666666,1027.3636363636363,1463.0,966.9565561072914,967.3672148352549,977.838528859222
2026-04-01,1308.3333333333333,1000.0,1550.0,6.0,0,1,4,2,1005.5555555555555,881.2222222222222,1058.3333333333333,1295.3333333333333,1027.9724291231644,985.2243576923977,978.2718621925554
2026-04-02,1197.8181818181818,801.0,1725.0,11.0,0,2,4,3,1308.3333333333333,853.8235294117648,1025.0435632183908,1127.6666666666667,1077.1145223240812,997.5654018780971,980.6102460309393
2026-04-03,907.25,650.0,2000.0,16.0,0,3,4,4,1197.8181818181818,980.0,991.7537931034483,960.0,1066.721665181224,991.5294166564221,978.8519126976059
2026-04-04,1035.608695652174,600.0,1500.0,23.0,0,4,4,5,907.25,1017.9411764705883,958.4640229885057,958.2167832167833,1069.245596492879,997.0397504181128,981.4316431121189
2026-04-05,1013.7144927536233,620.0,1435.0,0.0,1,5,4,6,1035.608695652174,999.0909090909091,925.1742528735632,956.4335664335664,1071.3346798732669,1003.3640532666886,983.3410073227875
2026-04-06,991.8202898550725,640.0,1370.0,0.0,1,6,4,0,1013.7144927536233,1031.0625,891.8844827586207,954.6503496503497,1065.728649852563,1010.5023252021493,984.5800053296116
2026-04-07,969.9260869565218,660.0,1305.0,0.0,1,7,4,1,991.8202898550725,1005.5555555555555,923.7916666666666,952.8671328671329,1060.6387257669867,1013.7976409371391,985.1486371325911
2026-04-08,948.0318840579711,680.0,1240.0,0.0,1,8,4,2,969.9260869565218,1308.3333333333333,881.2222222222222,951.083916083916,1009.1670901562205,1018.5697596396925,985.0469027317264
2026-04-09,926.1376811594203,700.0,1175.0,0.0,1,9,4,3,948.0318840579711,1197.8181818181818,853.8235294117648,949.3006993006993,970.3555900621119,1023.7350561930965,984.274802127017
2026-04-10,904.2434782608696,720.0,1110.0,0.0,1,10,4,4,926.1376811594203,907.25,980.0,947.5174825174824,969.9260869565217,1018.3238760688729,982.8323353184634
2026-04-11,882.3492753623188,740.0,1045.0,0.0,1,11,4,5,904.2434782608696,1035.608695652174,1017.9411764705883,945.7342657342657,948.0318840579711,1008.6387402754251,980.7195023060651
2026-04-12,860.4550724637681,760.0,980.0,0.0,1,12,4,6,882.3492753623188,1013.7144927536233,999.0909090909091,943.951048951049,926.1376811594203,998.7361805163436,977.9363030898223
2026-04-13,838.5608695652173,780.0,915.0,0.0,1,13,4,0,860.4550724637681,991.8202898550725,1031.0625,942.1678321678321,904.2434782608697,984.9860640567164,974.4827376697352
2026-04-14,816.6666666666666,800.0,850.0,3.0,0,14,4,1,838.5608695652173,969.9260869565218,1005.5555555555555,940.3846153846154,882.3492753623187,971.4940005646528,970.3588060458037
2026-04-15,843.5,500.0,1400.0,22.0,0,15,4,2,816.6666666666666,948.0318840579711,1308.3333333333333,939.3435294117647,867.416149068323,938.2916196122717,967.1640217320781
2026-04-16,865.3,350.0,1300.0,20.0,0,16,4,3,843.5,926.1376811594203,1197.8181818181818,1027.3636363636363,858.7250517598343,914.540320910973,961.761900519957
2026-04-17,874.1666666666666,500.0,1780.0,24.0,0,17,4,4,865.3,904.2434782608696,907.25,1058.3333333333333,854.428364389234,912.177225672878,955.6230116310679
2026-04-18,848.3125,600.0,1160.0,16.0,0,18,4,5,874.1666666666666,882.3492753623188,1035.608695652174,1025.0435632183908,849.5659679089027,898.7989259834369,949.7319761904549
2026-04-19,970.0,700.0,1770.0,6.0,0,19,4,6,848.3125,860.4550724637681,1013.7144927536233,991.7537931034483,865.2152432712215,895.6764622153208,949.0068497536734
2026-04-20,835.6666666666666,400.0,1500.0,9.0,0,20,4,0,970.0,838.5608695652173,991.8202898550725,958.4640229885057,864.8017857142858,884.5226319875776,944.9136045429454
2026-04-21,893.7878787878788,454.54545454545456,1554.5454545454545,0.0,1,21,4,1,835.6666666666666,816.6666666666666,969.9260869565218,925.1742528735632,875.8191017316018,879.0841885469601,943.8673920734226
2026-04-22,951.9090909090909,509.0909090909091,1609.090909090909,0.0,1,22,4,2,893.7878787878788,843.5,948.0318840579711,891.8844827586207,891.3061147186147,879.3611318934688,945.8682123451049
2026-04-23,1010.030303030303,563.6363636363636,1663.6363636363637,0.0,1,23,4,3,951.9090909090909,865.3,926.1376811594203,923.7916666666666,911.9818722943722,885.3534620271032,948.742833557226
2026-04-24,1068.151515151515,618.1818181818182,1718.1818181818182,0.0,1,24,4,4,1010.030303030303,874.1666666666666,904.2434782608696,881.2222222222222,939.6939935064936,897.0611789478637,954.9738099882027
2026-04-25,1126.2727272727273,672.7272727272727,1772.7272727272727,0.0,1,25,4,5,1068.151515151515,848.3125,882.3492753623188,853.8235294117648,979.4025974025973,914.48428265575,964.0554499169014
2026-04-26,1184.3939393939395,727.2727272727273,1827.2727272727273,0.0,1,26,4,6,1126.2727272727273,970.0,860.4550724637681,980.0,1010.0303030303031,937.6227731507622,970.8685812300326
2026-04-27,1242.5151515151515,781.8181818181819,1881.818181818182,0.0,1,27,4,0,1184.3939393939395,835.6666666666666,838.5608695652173,1017.9411764705883,1068.1515151515152,966.4766504329003,978.3543803981847
2026-04-28,1300.6363636363635,836.3636363636364,1936.3636363636365,0.0,1,28,4,1,1242.5151515151515,893.7878787878788,816.6666666666666,999.0909090909091,1126.2727272727273,1001.0459145021645,988.4058955496998
2026-04-29,1358.7575757575758,890.909090909091,1990.909090909091,0.0,1,29,4,2,1300.6363636363635,951.9090909090909,843.5,1031.0625,1184.3939393939395,1037.850027056277,999.329064741619
2026-04-30,1416.878787878788,945.4545454545455,2045.4545454545455,0.0,1,30,4,3,1358.7575757575758,1010.030303030303,865.3,1005.5555555555555,1242.5151515151515,1077.248511904762,1013.0398391523935
2026-05-01,1475.0,1000.0,2100.0,9.0,0,1,5,4,1416.878787878788,1068.151515151515,874.1666666666666,1308.3333333333333,1300.6363636363637,1120.1651785714287,1018.595394707949
2026-05-02,1180.047619047619,850.0,2290.0,21.0,0,2,5,5,1475.0,1126.2727272727273,848.3125,1197.8181818181818,1308.3184910327768,1143.860544217687,1018.003042615597
2026-05-03,1035.0,650.0,1600.0,10.0,0,3,5,6,1180.047619047619,1184.3939393939395,970.0,907.25,1286.9764996907854,1148.503401360544,1022.2613759489303
2026-05-04,968.75,750.0,1300.0,8.0,0,4,5,0,1035.0,1242.5151515151515,835.6666666666666,1035.608695652174,1247.867192331478,1158.0093537414966,1020.0327527605244
2026-05-05,985.5803571428571,767.8571428571429,1310.7142857142858,0.0,1,5,5,1,968.75,1300.6363636363635,893.7878787878788,1013.7144927536233,1202.859191403834,1164.565959338281,1019.0949482401655
2026-05-06,1002.4107142857143,785.7142857142857,1321.4285714285713,0.0,1,6,5,2,985.5803571428571,1358.7575757575758,951.9090909090909,991.8202898550725,1151.952496907854,1168.1732181508967,1019.4479623878536
2026-05-07,1019.2410714285714,803.5714285714286,1332.142857142857,0.0,1,7,5,3,1002.4107142857143,1416.878787878788,1010.030303030303,969.9260869565218,1095.1471088435376,1168.8311301793444,1021.0917952035887
2026-05-08,1036.0714285714287,821.4285714285714,1342.857142857143,0.0,1,8,5,4,1019.2410714285714,1475.0,1068.151515151515,948.0318840579711,1032.4430272108843,1166.539695423624,1024.0264466873707
2026-05-09,1052.9017857142858,839.2857142857142,1353.5714285714287,0.0,1,9,5,5,1036.0714285714287,1180.047619047619,1126.2727272727273,926.1376811594203,1014.2793367346939,1161.2989138837352,1028.2519168391996
2026-05-10,1069.732142857143,857.1428571428571,1364.2857142857142,0.0,1,10,5,6,1052.9017857142858,1035.0,1184.3939393939395,904.2434782608696,1019.2410714285714,1153.1087855596784,1033.7682056590752
2026-05-11,1086.5625,875.0,1375.0,0.0,1,11,5,0,1069.732142857143,968.75,1242.5151515151515,882.3492753623188,1036.0714285714287,1141.9693104514533,1040.575313146998
2026-05-12,1103.392857142857,892.8571428571429,1385.7142857142858,0.0,1,12,5,1,1086.5625,985.5803571428571,1300.6363636363635,860.4550724637681,1052.9017857142858,1127.88048855906,1048.6732393029677
2026-05-13,1120.2232142857142,910.7142857142857,1396.4285714285713,0.0,1,13,5,2,1103.392857142857,1002.4107142857143,1358.7575757575758,838.5608695652173,1069.732142857143,1110.8423198824985,1058.061984126984
2026-05-14,1137.0535714285713,928.5714285714286,1407.142857142857,0.0,1,14,5,3,1120.2232142857142,1019.2410714285714,1416.878787878788,816.6666666666666,1086.5625,1090.8548044217687,1068.7415476190477
2026-05-15,1153.8839285714284,946.4285714285714,1417.857142857143,0.0,1,15,5,4,1137.0535714285713,1036.0714285714287,1475.0,843.5,1103.392857142857,1067.9179421768706,1079.0876785714286
2026-05-16,1170.7142857142858,964.2857142857142,1428.5714285714284,0.0,1,16,5,5,1153.8839285714284,1052.9017857142858,1180.047619047619,865.3,1120.2232142857142,1067.251275510204,1089.2681547619047
2026-05-17,1187.544642857143,982.1428571428571,1439.2857142857142,0.0,1,17,5,6,1170.7142857142858,1069.732142857143,1035.0,874.1666666666666,1137.0535714285713,1078.1473214285713,1099.7140873015874
2026-05-18,1204.375,1000.0,1450.0,0.0,1,18,5,0,1187.544642857143,1086.5625,968.75,848.3125,1153.8839285714287,1094.9776785714287,1111.5828373015872
2026-05-19,1221.205357142857,1017.8571428571429,1460.7142857142858,0.0,1,19,5,1,1204.375,1103.392857142857,985.5803571428571,970.0,1170.7142857142858,1111.8080357142858,1119.9563492063494
2026-05-20,1238.0357142857142,1035.7142857142858,1471.4285714285713,0.0,1,20,5,2,1221.205357142857,1120.2232142857142,1002.4107142857143,835.6666666666666,1187.544642857143,1128.638392857143,1133.3686507936509
2026-05-21,1254.8660714285716,1053.5714285714284,1482.142857142857,0.0,1,21,5,3,1238.0357142857142,1137.0535714285713,1019.2410714285714,893.7878787878788,1204.375,1145.46875,1145.4045905483404
2026-05-22,1271.6964285714284,1071.4285714285713,1492.857142857143,0.0,1,22,5,4,1254.8660714285716,1153.8839285714284,1036.0714285714287,951.9090909090909,1221.205357142857,1162.299107142857,1156.0641684704185
2026-05-23,1288.5267857142858,1089.2857142857142,1503.5714285714284,0.0,1,23,5,5,1271.6964285714284,1170.7142857142858,1052.9017857142858,1010.030303030303,1238.0357142857142,1179.1294642857142,1165.3473845598846
2026-05-24,1305.357142857143,1107.142857142857,1514.2857142857142,0.0,1,24,5,6,1288.5267857142858,1187.544642857143,1069.732142857143,1068.151515151515,1254.8660714285713,1195.9598214285713,1173.254238816739
2026-05-25,1322.1875,1125.0,1525.0,0.0,1,25,5,0,1305.357142857143,1204.375,1086.5625,1126.2727272727273,1271.6964285714287,1212.7901785714287,1179.7847312409815
2026-05-26,1339.017857142857,1142.857142857143,1535.7142857142858,0.0,1,26,5,1,1322.1875,1221.205357142857,1103.392857142857,1184.3939393939395,1288.5267857142858,1229.6205357142858,1184.9388618326118
2026-05-27,1355.8482142857142,1160.7142857142858,1546.4285714285713,0.0,1,27,5,2,1339.017857142857,1238.0357142857142,1120.2232142857142,1242.5151515151515,1305.357142857143,1246.450892857143,1188.7166305916305
2026-05-28,1372.6785714285716,1178.5714285714284,1557.142857142857,0.0,1,28,5,3,1355.8482142857142,1254.8660714285716,1137.0535714285713,1300.6363636363635,1322.1875,1263.28125,1191.1180375180375
2026-05-29,1389.5089285714284,1196.4285714285713,1567.857142857143,0.0,1,29,5,4,1372.6785714285716,1271.6964285714284,1153.8839285714284,1358.7575757575758,1339.017857142857,1280.111607142857,1192.1430826118328
2026-05-30,1406.3392857142858,1214.2857142857142,1578.5714285714284,0.0,1,30,5,5,1389.5089285714284,1288.5267857142858,1170.7142857142858,1416.878787878788,1355.8482142857142,1296.9419642857142,1191.7917658730157
2026-05-31,1423.169642857143,1232.142857142857,1589.2857142857142,0.0,1,31,5,6,1406.3392857142858,1305.357142857143,1187.544642857143,1475.0,1372.6785714285713,1313.7723214285713,1190.0640873015873
2026-06-01,1440.0,1250.0,1600.0,5.0,0,1,6,0,1423.169642857143,1322.1875,1204.375,1180.047619047619,1389.5089285714287,1330.6026785714287,1198.7291666666667
2026-06-02,1153.9285714285713,900.0,2320.0,14.0,0,2,6,1,1440.0,1339.017857142857,1221.205357142857,1035.0,1363.0676020408162,1325.797193877551,1202.6934523809525
2026-06-03,1051.3214285714284,700.0,1918.0,0.0,1,3,6,2,1153.9285714285713,1355.8482142857142,1238.0357142857142,968.75,1319.5637755102039,1312.4604591836735,1205.4458333333334
2026-06-04,948.7142857142857,500.0,1516.0,21.0,0,4,6,3,1051.3214285714284,1372.6785714285716,1254.8660714285716,985.5803571428571,1258.9974489795918,1290.592474489796,1204.2169642857143
2026-06-05,965.9443464628649,512.9629629629629,1537.6296296296296,0.0,1,5,6,4,948.7142857142857,1389.5089285714284,1271.6964285714284,1002.4107142857143,1198.4882229640828,1268.7530400534702,1203.0014186916192
2026-06-06,983.1744072114442,525.925925925926,1559.2592592592594,0.0,1,6,6,5,965.9443464628649,1406.3392857142858,1288.5267857142858,1019.2410714285714,1138.0360974636767,1246.9421558746956,1201.7991965510485
2026-06-07,1000.4044679600235,538.8888888888889,1580.888888888889,0.0,1,7,6,6,983.1744072114442,1423.169642857143,1305.357142857143,1036.0714285714287,1077.641072478374,1225.1598219534728,1200.6102978640015
2026-06-08,1017.6345287086027,551.8518518518518,1602.5185185185185,0.0,1,8,6,0,1000.4044679600235,1440.0,1322.1875,1052.9017857142858,1017.3031480081744,1203.4060382898017,1199.4347226304787
2026-06-09,1034.864589457182,564.8148148148148,1624.148148148148,0.0,1,9,6,1,1017.6345287086027,1153.9285714285713,1339.017857142857,1069.732142857143,1000.2940077265474,1181.6808048836817,1198.27247085048
2026-06-10,1052.0946502057614,577.7777777777778,1645.7777777777778,0.0,1,10,6,2,1034.864589457182,1051.3214285714284,1355.8482142857142,1086.5625,1000.4044679600235,1159.9841217351138,1197.1235425240054
2026-06-11,1069.3247109543406,590.7407407407408,1667.4074074074074,0.0,1,11,6,3,1052.0946502057614,948.7142857142857,1372.6785714285716,1103.392857142857,1017.6345287086027,1138.3159888440973,1195.9879376510548
2026-06-12,1086.5547717029199,603.7037037037037,1689.037037037037,0.0,1,12,6,4,1069.3247109543406,965.9443464628649,1389.5089285714284,1120.2232142857142,1034.864589457182,1116.6764062106324,1194.8656562316282
2026-06-13,1103.7848324514991,616.6666666666666,1710.6666666666667,0.0,1,13,6,5,1086.5547717029199,983.1744072114442,1406.3392857142858,1137.0535714285713,1052.0946502057614,1095.0653738347191,1193.756698265726
2026-06-14,1121.0148932000784,629.6296296296297,1732.2962962962963,0.0,1,14,6,6,1103.7848324514991,1000.4044679600235,1423.169642857143,1153.8839285714284,1069.3247109543406,1073.4828917163572,1192.6610637533477
2026-06-15,1138.2449539486577,642.5925925925926,1753.9259259259259,0.0,1,15,6,0,1121.0148932000784,1017.6345287086027,1440.0,1170.7142857142858,1086.5547717029199,1051.9289598555472,1191.5787526944935
2026-06-16,1155.475014697237,655.5555555555555,1775.5555555555557,0.0,1,16,6,1,1138.2449539486577,1034.864589457182,1153.9285714285713,1187.544642857143,1103.7848324514991,1052.0394200890235,1190.509765089163
2026-06-17,1172.7050754458162,668.5185185185185,1797.1851851851852,0.0,1,17,6,2,1155.475014697237,1052.0946502057614,1051.3214285714284,1204.375,1121.0148932000782,1060.7096805800509,1189.454100937357
2026-06-18,1189.9351361943955,681.4814814814815,1818.8148148148148,0.0,1,18,6,3,1172.7050754458162,1069.3247109543406,948.7142857142857,1221.205357142857,1138.2449539486577,1077.9397413286301,1188.4117602390752
2026-06-19,1207.1651969429747,694.4444444444445,1840.4444444444443,0.0,1,19,6,4,1189.9351361943955,1086.5547717029199,965.9443464628649,1238.0357142857142,1155.475014697237,1095.1698020772096,1187.382742994317
2026-06-20,1224.395257691554,707.4074074074074,1862.0740740740741,0.0,1,20,6,5,1207.1651969429747,1103.7848324514991,983.1744072114442,1254.8660714285716,1172.7050754458162,1112.3998628257887,1186.3670492030833
2026-06-21,1241.6253184401332,720.3703703703704,1883.7037037037037,0.0,1,21,6,6,1224.395257691554,1121.0148932000784,1000.4044679600235,1271.6964285714284,1189.9351361943955,1129.629923574368,1185.3646788653734
2026-06-22,1258.8553791887125,733.3333333333334,1905.3333333333333,0.0,1,22,6,0,1241.6253184401332,1138.2449539486577,1017.6345287086027,1288.5267857142858,1207.1651969429747,1146.8599843229474,1184.3756319811876
2026-06-23,1276.0854399372918,746.2962962962963,1926.962962962963,0.0,1,23,6,1,1258.8553791887125,1155.475014697237,1034.864589457182,1305.357142857143,1224.395257691554,1164.0900450715267,1183.3999085505259
2026-06-24,1293.315500685871,759.2592592592594,1948.5925925925926,0.0,1,24,6,2,1276.0854399372918,1172.7050754458162,1052.0946502057614,1322.1875,1241.6253184401335,1181.320105820106,1182.4375085733882
2026-06-25,1310.5455614344503,772.2222222222222,1970.2222222222222,0.0,1,25,6,3,1293.315500685871,1189.9351361943955,1069.3247109543406,1339.017857142857,1258.8553791887127,1198.550166568685,1181.4884320497745
2026-06-26,1327.7756221830296,785.1851851851852,1991.8518518518517,0.0,1,26,6,4,1310.5455614344503,1207.1651969429747,1086.5547717029199,1355.8482142857142,1276.0854399372918,1215.7802273172642,1180.5526789796852
2026-06-27,1345.0056829316088,798.1481481481482,2013.4814814814815,0.0,1,27,6,5,1327.7756221830296,1224.395257691554,1103.7848324514991,1372.6785714285716,1293.315500685871,1233.0102880658435,1179.63024936312
2026-06-28,1362.235743680188,811.1111111111111,2035.111111111111,0.0,1,28,6,6,1345.0056829316088,1241.6253184401332,1121.0148932000784,1389.5089285714284,1310.5455614344503,1250.2403488144228,1178.7211432000781
2026-06-29,1379.4658044287673,824.0740740740741,2056.740740740741,0.0,1,29,6,0,1362.235743680188,1258.8553791887125,1138.2449539486577,1406.3392857142858,1327.7756221830296,1267.4704095630022,1177.8253604905613
2026-06-30,1396.6958651773466,837.0370370370371,2078.3703703703704,0.0,1,30,6,1,1379.4658044287673,1276.0854399372918,1155.475014697237,1423.169642857143,1345.0056829316088,1284.7004703115815,1176.942901234568
2026-07-01,1413.9259259259259,850.0,2100.0,27.0,0,1,7,2,1396.6958651773466,1293.315500685871,1172.7050754458162,1440.0,1362.235743680188,1301.9305310601608,1176.0737654320988
2026-07-02,1111.6315789473683,350.0,1875.0,19.0,0,2,7,3,1413.9259259259259,1310.5455614344503,1189.9351361943955,1153.9285714285713,1333.8194604677478,1296.3374198282302,1174.6638656827251
2026-07-03,1086.4657894736843,575.0,1654.0,0.0,1,3,7,4,1111.6315789473683,1327.7756221830296,1207.1651969429747,1051.3214285714284,1299.3466272235557,1287.7160335804238,1175.835344379467
2026-07-04,1061.3,800.0,1433.0,10.0,0,4,7,5,1086.4657894736843,1345.0056829316088,1224.395257691554,948.7142857142857,1258.8172439476116,1276.0663723167413,1179.5882015223244
2026-07-05,1069.8675170068027,791.0714285714286,1448.7857142857142,0.0,1,5,7,6,1061.3,1362.235743680188,1241.6253184401332,965.9443464628649,1217.050354422842,1263.797957928646,1183.0523072071223
2026-07-06,1078.4350340136054,782.1428571428571,1464.5714285714287,0.0,1,6,7,0,1069.8675170068027,1379.4658044287673,1258.8553791887125,983.1744072114442,1174.0459586492475,1250.9107904161388,1186.2276614338612
2026-07-07,1087.0025510204082,773.2142857142857,1480.357142857143,0.0,1,7,7,1,1078.4350340136054,1396.6958651773466,1276.0854399372918,1000.4044679600235,1129.8040566268278,1237.4048697792184,1189.1142642025404
2026-07-08,1095.570068027211,764.2857142857143,1496.142857142857,0.0,1,8,7,2,1087.0025510204082,1413.9259259259259,1293.315500685871,1017.6345287086027,1084.324648355583,1223.2801960178856,1191.7121155131608
2026-07-09,1104.1375850340135,755.3571428571429,1511.9285714285713,0.0,1,9,7,3,1095.570068027211,1111.6315789473683,1310.5455614344503,1034.864589457182,1083.254077796532,1208.53676913214,1194.021215365722
2026-07-10,1112.7051020408162,746.4285714285714,1527.7142857142858,0.0,1,10,7,4,1104.1375850340135,1086.4657894736843,1327.7756221830296,1052.0946502057614,1087.0025510204082,1193.1745891219819,1196.0415637602237
2026-07-11,1121.272619047619,737.5,1543.5,0.0,1,11,7,5,1112.7051020408162,1061.3,1345.0056829316088,1069.3247109543406,1095.570068027211,1177.1936559874114,1197.7731606966663
2026-07-12,1129.8401360544217,728.5714285714286,1559.2857142857142,0.0,1,12,7,6,1121.272619047619,1069.8675170068027,1362.235743680188,1086.5547717029199,1104.1375850340135,1160.593969728428,1199.2160061750499
2026-07-13,1138.4076530612244,719.6428571428571,1575.0714285714284,0.0,1,13,7,0,1129.8401360544217,1078.4350340136054,1379.4658044287673,1103.7848324514991,1112.7051020408164,1143.3755303450318,1200.3701001953739
2026-07-14,1146.9751700680272,710.7142857142858,1590.857142857143,0.0,1,14,7,1,1138.4076530612244,1087.0025510204082,1396.6958651773466,1121.0148932000784,1121.272619047619,1125.5383378372233,1201.2354427576388
2026-07-15,1155.54268707483,701.7857142857143,1606.642857142857,0.0,1,15,7,2,1146.9751700680272,1095.570068027211,1413.9259259259259,1138.2449539486577,1129.8401360544217,1107.0823922050024,1201.8120338618444
2026-07-16,1164.1102040816327,692.8571428571429,1622.4285714285713,0.0,1,16,7,3,1155.54268707483,1104.1375850340135,1111.6315789473683,1155.475014697237,1138.4076530612244,1110.8308654288783,1202.099873507991
2026-07-17,1172.6777210884354,683.9285714285714,1638.2142857142858,0.0,1,17,7,4,1164.1102040816327,1112.7051020408162,1086.4657894736843,1172.7050754458162,1146.9751700680272,1116.9888605442177,1202.0989616960785
2026-07-18,1181.2452380952382,675.0,1654.0,0.0,1,18,7,5,1172.6777210884354,1121.272619047619,1061.3,1189.9351361943955,1155.54268707483,1125.5563775510204,1201.8092984261064
2026-07-19,1189.8127551020407,666.0714285714286,1669.7857142857142,0.0,1,19,7,6,1181.2452380952382,1129.8401360544217,1069.8675170068027,1207.1651969429747,1164.1102040816327,1134.1238945578232,1201.230883698075
2026-07-20,1198.3802721088434,657.1428571428571,1685.5714285714284,0.0,1,20,7,0,1189.8127551020407,1138.4076530612244,1078.4350340136054,1224.395257691554,1172.6777210884354,1142.6914115646257,1200.3637175119848
2026-07-21,1206.9477891156462,648.2142857142858,1701.357142857143,0.0,1,21,7,1,1198.3802721088434,1146.9751700680272,1087.0025510204082,1241.6253184401332,1181.2452380952382,1151.2589285714287,1199.2077998678353
2026-07-22,1215.515306122449,639.2857142857143,1717.142857142857,0.0,1,22,7,2,1206.9477891156462,1155.54268707483,1095.570068027211,1258.8553791887125,1189.8127551020407,1159.8264455782312,1197.7631307656266
2026-07-23,1224.0828231292517,630.3571428571429,1732.9285714285716,0.0,1,23,7,3,1215.515306122449,1164.1102040816327,1104.1375850340135,1276.0854399372918,1198.3802721088434,1168.393962585034,1196.0297102053585
2026-07-24,1232.6503401360544,621.4285714285714,1748.7142857142858,0.0,1,24,7,4,1224.0828231292517,1172.6777210884354,1112.7051020408162,1293.315500685871,1206.9477891156462,1176.9614795918367,1194.0075381870313
2026-07-25,1241.2178571428572,612.5,1764.5,0.0,1,25,7,5,1232.6503401360544,1181.2452380952382,1121.272619047619,1310.5455614344503,1215.515306122449,1185.5289965986394,1191.6966147106448
2026-07-26,1249.78537414966,603.5714285714286,1780.2857142857142,0.0,1,26,7,6,1241.2178571428572,1189.8127551020407,1129.8401360544217,1327.7756221830296,1224.082823129252,1194.0965136054422,1189.0969397761992
2026-07-27,1258.3528911564626,594.6428571428571,1796.0714285714284,0.0,1,27,7,0,1249.78537414966,1198.3802721088434,1138.4076530612244,1345.0056829316088,1232.6503401360546,1202.664030612245,1186.2085133836943
2026-07-28,1266.9204081632652,585.7142857142858,1811.857142857143,0.0,1,28,7,1,1258.3528911564626,1206.9477891156462,1146.9751700680272,1362.235743680188,1241.2178571428572,1211.2315476190477,1183.0313355331305
2026-07-29,1275.487925170068,576.7857142857143,1827.642857142857,0.0,1,29,7,2,1266.9204081632652,1215.515306122449,1155.54268707483,1379.4658044287673,1249.78537414966,1219.7990646258502,1179.565406224507
2026-07-30,1284.0554421768707,567.8571428571429,1843.4285714285713,0.0,1,30,7,3,1275.487925170068,1224.0828231292517,1164.1102040816327,1396.6958651773466,1258.3528911564624,1228.3665816326532,1175.8107254578244
2026-07-31,1292.6229591836734,558.9285714285714,1859.2142857142858,0.0,1,31,7,4,1284.0554421768707,1232.6503401360544,1172.6777210884354,1413.9259259259259,1266.9204081632652,1236.9340986394557,1171.7672932330825
2026-08-01,1301.1904761904761,550.0,1875.0,21.0,0,1,8,5,1292.6229591836734,1241.2178571428572,1181.2452380952382,1111.6315789473683,1275.487925170068,1245.5016156462584,1178.0859231411862
2026-08-02,1131.25,750.0,1600.0,8.0,0,2,8,6,1301.1904761904761,1249.78537414966,1189.8127551020407,1086.4657894736843,1258.5543002915451,1241.3185617103984,1179.5787301587302
2026-08-03,1013.820652173913,675.0,1405.5,0.0,1,3,8,0,1131.25,1258.3528911564626,1198.3802721088434,1061.3,1223.6211232940382,1228.1357317150462,1177.9960852311938
2026-08-04,896.3913043478261,600.0,1211.0,23.0,0,4,8,1,1013.820652173913,1266.9204081632652,1206.9477891156462,1069.8675170068027,1170.6883941775468,1205.953125660202,1172.2135448092279
2026-08-05,1017.7800661072972,692.1052631578947,1357.7894736842104,0.0,1,5,8,2,896.3913043478261,1275.487925170068,1215.515306122449,1078.4350340136054,1133.872985740008,1191.829179944834,1170.1917125456844
2026-08-06,1139.1688278667684,784.2105263157895,1504.578947368421,0.0,1,6,8,3,1017.7800661072972,1284.0554421768707,1224.0828231292517,1087.0025510204082,1113.174897981422,1185.763894568942,1171.930588440563
2026-08-07,1260.5575896262396,876.3157894736842,1651.3684210526317,0.0,1,7,8,4,1139.1688278667684,1292.6229591836734,1232.6503401360544,1095.570068027211,1108.5941309017885,1187.757269532527,1177.430172493864
2026-08-08,1381.9463513857106,968.421052631579,1798.157894736842,0.0,1,8,8,5,1260.5575896262396,1301.1904761904761,1241.2178571428572,1104.1375850340135,1120.130684501108,1197.809304835588,1186.6904647055874
2026-08-09,1503.3351131451818,1060.5263157894738,1944.9473684210525,0.0,1,9,8,6,1381.9463513857106,1131.25,1249.78537414966,1112.7051020408162,1173.2857006647052,1215.9200004781253,1199.7114650757326
2026-08-10,1624.723874904653,1152.6315789473683,2091.7368421052633,0.0,1,10,8,0,1503.3351131451818,1013.820652173913,1258.3528911564626,1121.272619047619,1260.5575896262396,1242.0893564601388,1216.4931736043004
2026-08-11,1746.1126366641242,1244.7368421052631,2238.5263157894733,0.0,1,11,8,1,1624.723874904653,896.3913043478261,1266.9204081632652,1129.8401360544217,1381.9463513857106,1276.3173727816286,1237.0355902912904
2026-08-12,1867.5013984235952,1336.842105263158,2385.315789473684,0.0,1,12,8,2,1746.1126366641242,1017.7800661072972,1275.487925170068,1138.4076530612244,1503.3351131451818,1318.6040494425947,1261.338715136703
2026-08-13,1988.8901601830662,1428.9473684210525,2532.1052631578946,0.0,1,13,8,3,1867.5013984235952,1139.1688278667684,1284.0554421768707,1146.9751700680272,1624.723874904653,1368.9493864430374,1289.4025481405376
2026-08-14,2110.2789219425376,1521.0526315789473,2678.894736842105,0.0,1,14,8,4,1988.8901601830662,1260.5575896262396,1292.6229591836734,1155.54268707483,1746.112636664124,1427.3533837829564,1321.2270893027949
2026-08-15,2231.6676837020086,1613.157894736842,2825.684210526316,0.0,1,15,8,5,2110.2789219425376,1381.9463513857106,1301.1904761904761,1164.1102040816327,1867.5013984235952,1493.8160414623514,1356.8123386234738
2026-08-16,2353.05644546148,1705.2631578947369,2972.4736842105262,0.0,1,16,8,6,2231.6676837020086,1503.3351131451818,1131.25,1172.6777210884354,1988.8901601830664,1581.0879304238858,1396.1582961025752
2026-08-17,2474.445207220951,1797.3684210526314,3119.2631578947367,0.0,1,17,8,0,2353.05644546148,1624.723874904653,1013.820652173913,1181.2452380952382,2110.278921942537,1685.4182557843885,1439.2649617400991
2026-08-18,2595.833968980422,1889.4736842105262,3266.052631578947,0.0,1,18,8,1,2474.445207220951,1746.1126366641242,896.3913043478261,1189.8127551020407,2231.6676837020086,1806.80701754386,1486.132335536045
2026-08-19,2717.2227307398934,1981.578947368421,3412.842105263158,0.0,1,19,8,2,2595.833968980422,1867.5013984235952,1017.7800661072972,1198.3802721088434,2353.0564454614796,1928.195779303331,1536.7604174904134
2026-08-20,2838.6114924993644,2073.684210526316,3559.6315789473683,0.0,1,20,8,3,2717.2227307398934,1988.8901601830662,1139.1688278667684,1206.9477891156462,2474.445207220951,2049.584541062802,1591.149207603204
2026-08-21,2960.0002542588354,2165.7894736842104,3706.4210526315787,0.0,1,21,8,4,2838.6114924993644,2110.2789219425376,1260.5575896262396,1215.515306122449,2595.8339689804225,2170.973302822273,1649.298705874417
2026-08-22,3081.3890160183064,2257.894736842105,3853.210526315789,0.0,1,22,8,5,2960.0002542588354,2231.6676837020086,1381.9463513857106,1224.0828231292517,2717.222730739893,2292.362064581744,1711.2089123040523
2026-08-23,3202.777777777778,2350.0,4000.0,18.0,0,23,8,6,3081.3890160183064,2353.05644546148,1503.3351131451818,1232.6503401360544,2838.611492499364,2413.7508263412155,1776.8798268921093
