date,avg_price,min_price,max_price,mandi_count,day,month,day_of_week,lag_1,lag_2,lag_3,lag_7,lag_14,lag_30,ma_7,ma_14,ma_30,std_7,std_14,change_1,change_7
2025-02-04,1297.9574468085107,886.0,2250.0,47,4,2,1,2103.793103448276,2064.464285714286,2306.873015873016,2155.796296296296,2184.5208333333335,2359.464285714286,1978.0054138673786,2073.582373599919,1914.2488195947788,317.0280569954047,237.63353943510697,-0.38303940407397463,-0.397922035102097
2025-02-05,988.4561818181818,600.0,1933.0,55,5,2,2,1297.9574468085107,2103.793103448276,2064.464285714286,2043.351851851852,2169.7894736842104,2000.56,1827.3060324339972,1989.2014241809168,1880.5120256553848,486.3137077845191,372.3797801949088,-0.23845255154654543,-0.5162574762039331
2025-02-06,1095.2484375,400.0,1750.0,64,6,2,3,988.4561818181818,1297.9574468085107,2103.793103448276,2047.5573770491803,2180.866666666667,2059.9056603773583,1691.2618982126858,1911.6572649547265,1848.3567848928062,544.1886554891188,436.8506287113363,0.10803944337257598,-0.465095117833324
2025-02-07,1351.4915254237287,900.0,1800.0,59,7,2,4,1095.2484375,988.4561818181818,1297.9574468085107,1982.0408163265306,2164.9795918367345,1353.28125,1601.183428083714,1853.5509744966546,1848.2971274069305,540.2068073307026,454.31646154902893,0.23395887101982638,-0.3181313349900874
2025-02-08,1236.2641509433963,450.0,1900.0,53,8,2,5,1351.4915254237287,1095.2484375,988.4561818181818,2306.873015873016,2158.074074074074,1071.1363636363637,1448.2393045223398,1787.7074085587487,1853.8013869838317,451.3618869800713,473.1935907254968,-0.08525941325766395,-0.464095274236175
2025-02-09,1243.7045454545455,500.0,2200.0,44,9,2,6,1236.2641509433963,1351.4915254237287,1095.2484375,2064.464285714286,2213.269230769231,1325.0935,1330.9879130566626,1718.4527881791284,1851.0884218323163,362.4526030454897,477.0540754927755,0.0060184504302509545,-0.3975654826965267
2025-02-10,1144.8076923076924,450.0,1600.0,26,10,2,0,1243.7045454545455,1236.2641509433963,1351.4915254237287,2103.793103448276,2141.34,1220.7358490566037,1193.9899971794366,1647.2719090582493,1848.5574832740194,125.3578519982566,483.4052877274601,-0.07951796389930266,-0.4558363698258797
2025-02-13,2395.4406779661017,1600.0,3155.0,59,13,2,3,1144.8076923076924,1243.7045454545455,1236.2641509433963,1297.9574468085107,2155.796296296296,1254.0,1350.773315916235,1664.389364891807,1886.6055058728894,475.20083313745636,506.489128964631,1.0924393625774784,0.8455463881779355
2025-02-14,2491.685185185185,1350.0,3150.0,54,14,2,4,2395.4406779661017,1144.8076923076924,1243.7045454545455,988.4561818181818,2043.351851851852,1837.16,1565.520316397236,1696.4131744156166,1908.4230120457287,605.8722719016815,545.0020859066411,0.040178205248147414,1.5207846650338515
2025-02-15,2475.1458333333335,1450.0,3100.0,48,15,2,5,2491.685185185185,2395.4406779661017,1144.8076923076924,1095.2484375,2047.5573770491803,1919.057142857143,1762.6485158019975,1726.9552070073419,1926.9593017282684,650.2222070353606,577.2226233510768,-0.00663781763048954,1.259894420833934
2025-02-16,2392.2916666666665,1350.0,3305.0,24,16,2,6,2475.1458333333335,2491.685185185185,2395.4406779661017,1351.4915254237287,1982.0408163265306,1943.4871794871794,1911.3342502652745,1756.2588391744944,1941.919451300918,659.4671844748729,601.0887260926255,-0.033474458575673216,0.7701122216927103
2025-02-17,2433.4603174603176,1086.0,3300.0,63,17,2,0,2392.2916666666665,2475.1458333333335,2491.685185185185,1236.2641509433963,2306.873015873016,1847.2372881355932,2082.362274053406,1765.300789287873,1961.4602189450754,608.4849629743384,610.8808779011537,0.01720887606109245,0.9683983520862736
2025-02-18,2381.6382978723404,1190.0,3500.0,47,18,2,1,2433.4603174603176,2392.2916666666665,2475.1458333333335,1243.7045454545455,2064.464285714286,1929.6940816326533,2244.9242386845194,1787.956075870591,1976.525026153065,486.95624500162086,628.4577135006897,-0.021295609061774745,0.9149550482682414
2025-02-19,2267.2,1350.0,3200.0,35,19,2,2,2381.6382978723404,2433.4603174603176,2392.2916666666665,1144.8076923076924,2103.793103448276,2086.2127659574467,2405.265996926278,1799.6279970528572,1982.5579339544836,74.19764726073228,636.2439486167932,-0.04805024254714718,0.9804199563245419
2025-02-20,2165.1396923076927,1201.0,3500.0,65,20,2,3,2267.2,2381.6382978723404,2433.4603174603176,2395.4406779661017,1297.9574468085107,2185.344827586207,2372.3658561179336,1861.5695860170847,1981.8844294451999,117.6285931614239,625.7729694083067,-0.04501601433146929,-0.09614138549820017
2025-02-21,2135.823684210526,951.0,3100.0,57,21,2,4,2165.1396923076927,2267.2,2381.6382978723404,2491.685185185185,988.4561818181818,2179.8846153846152,2321.5284988358394,1943.5244076165377,1980.415731739397,133.3185121606888,575.7636744736166,-0.01354000769618724,-0.14281960782626357
2025-02-22,2112.744680851064,1500.0,3000.0,47,22,2,5,2135.823684210526,2165.1396923076927,2267.2,2475.1458333333335,1095.2484375,2184.5208333333335,2269.756905624087,2016.202710713042,1978.0231933233213,134.08533741417628,522.1746682411841,-0.01080566880594025,-0.14641608086349234
2025-02-23,1948.2,1400.0,2800.0,25,23,2,6,2112.744680851064,2135.823684210526,2165.1396923076927,2392.2916666666665,1351.4915254237287,2169.7894736842104,2206.3152389574198,2058.8247446113473,1970.6368775338476,167.373547622031,486.9065203262706,-0.07788195248693341,-0.1856344160933553
2025-02-24,2056.7379032258063,1130.0,2600.0,62,24,2,0,1948.2,2112.744680851064,2135.823684210526,2433.4603174603176,1236.2641509433963,2180.866666666667,2152.497751209633,2117.4300126315197,1966.4992520858189,140.58666687942798,425.83201946909395,0.05571188955230788,-0.15480935174142385
2025-02-25,2033.549019607843,1080.0,2800.0,51,25,2,1,2056.7379032258063,1948.2,2112.744680851064,2381.6382978723404,1243.7045454545455,2164.9795918367345,2102.7707114575614,2173.8474750710407,1962.1182330115223,102.4057507116221,346.01096275541255,-0.011274593413965639,-0.1461553916795284
2025-02-26,2060.967741935484,1500.0,2600.0,31,26,2,2,2033.549019607843,2056.7379032258063,1948.2,2267.2,1144.8076923076924,2158.074074074074,2073.308960305488,2239.2874786158827,1958.8813552735694,72.52144572070821,186.10833595555314,0.013483187306164934,-0.09096341657750351
2025-02-27,2054.6153846153848,1191.0,2600.0,65,27,2,3,2060.967741935484,2033.549019607843,2056.7379032258063,2165.1396923076927,2395.4406779661017,2213.269230769231,2057.5197734923013,2214.9428148051175,1953.592893735108,60.17701392142832,186.40211882013756,-0.0030822206436542654,-0.051047194823030884
2025-02-28,2057.8823529411766,1301.0,2500.0,51,28,2,4,2054.6153846153848,2060.967741935484,2033.549019607843,2135.823684210526,2491.685185185185,2141.34,2046.38529759668,2183.9568982162596,1950.8109721664805,49.54531794696729,172.3892329873771,0.0015900632061136566,-0.03649239955785932
2025-03-01,2270.0440384615385,1525.0,3250.0,52,1,3,5,2057.8823529411766,2054.6153846153848,2060.967741935484,2112.744680851064,2475.1458333333335,2155.796296296296,2068.856634398176,2169.3067700111314,1954.6192302386553,97.30824644621535,153.40992136221985,0.10309709163749581,0.07445261087918609
2025-03-02,1974.7,1100.0,3020.0,60,2,3,6,2270.0440384615385,2057.8823529411766,2054.6153846153848,1948.2,2392.2916666666665,2043.351851851852,2072.6423486838908,2139.478793820655,1952.3308351769267,92.21396848900706,147.18995266392858,-0.13010498186709185,0.013602299558566955
2025-03-03,2029.8387096774193,1350.0,2836.0,62,3,3,0,1974.7,2270.0440384615385,2057.8823529411766,2056.7379032258063,2433.4603174603176,2047.5573770491803,2068.7996067484064,2110.6486789790197,1951.7402129312015,93.5381645593013,122.66364976327515,0.027922575417744122,-0.013078571414567808
2025-03-04,1267.8870967741937,837.0,2000.0,62,4,3,1,2029.8387096774193,1974.7,2270.0440384615385,2033.549019607843,2381.6382978723404,1982.0408163265306,1959.4193320578852,2031.0950217577235,1927.9350889461234,318.5818216917383,239.1992333829181,-0.3753754469606674,-0.3765151050950827
2025-03-05,993.6853703703704,275.0,1700.0,54,5,3,2,1267.8870967741937,2029.8387096774193,1974.7,2060.967741935484,2267.2,2306.873015873016,1806.9504218342975,1940.129691069893,1884.1621674293688,477.5927288302543,356.0940991543885,-0.21626667477053574,-0.5178549619426909
2025-03-06,1132.7868852459017,500.0,1700.0,61,6,3,3,993.6853703703704,1267.8870967741937,2029.8387096774193,2054.6153846153848,2165.1396923076927,2064.464285714286,1675.2606362100855,1866.3902048511934,1853.1062540804226,522.8658257782986,408.8903216448744,0.1399854712801949,-0.44866231717721006
2025-03-07,1331.605076923077,300.0,1900.0,65,7,3,4,1132.7868852459017,993.6853703703704,1267.8870967741937,2057.8823529411766,2135.823684210526,2103.793103448276,1571.5067396360714,1808.9460186163758,1827.3666531962492,506.0760315959636,424.32660557241724,0.1755124412779694,-0.35292458530493065
2025-03-08,1254.1379310344828,850.0,2000.0,29,8,3,5,1331.605076923077,1132.7868852459017,993.6853703703704,2270.0440384615385,2112.744680851064,1297.9574468085107,1426.3772957179208,1747.6169650580484,1825.906002670448,408.6580503946998,438.8403191350846,-0.0581757663973439,-0.4475270480283541
2025-03-09,1234.5294117647059,500.0,2250.0,51,9,3,6,1254.1379310344828,1331.605076923077,1132.7868852459017,1974.7,1948.2,988.4561818181818,1320.638640255736,1696.6404944698131,1834.1084436686656,331.635239544855,454.9045216618148,-0.0156350579825002,-0.3748268538184505
2025-03-10,1160.1308888888889,837.0,2100.0,45,10,3,0,1234.5294117647059,1254.1379310344828,1331.605076923077,2029.8387096774193,2056.7379032258063,1095.2484375,1196.3946658573743,1632.5971363028907,1836.2711920482952,111.52999313253152,463.3445551889672,-0.060264682369509104,-0.42846154063479447
2025-03-12,1271.1538461538462,550.0,2500.0,13,12,3,2,1160.1308888888889,1234.5294117647059,1254.1379310344828,1267.8870967741937,2033.549019607843,1351.4915254237287,1196.8613443401816,1578.1403381990333,1833.593269405966,111.88526790676775,457.3592711622,0.09569864773731629,0.0025765301878724056
2025-03-13,1427.4,1112.0,1800.0,5,13,3,3,1271.1538461538462,1160.1308888888889,1234.5294117647059,993.6853703703704,2060.967741935484,1236.2641509433963,1258.8205771444148,1532.885499489356,1839.9644643745196,100.08733577435126,436.7921420576276,0.12291679273827527,0.43647078095551906
2025-03-14,1456.851851851852,950.0,1900.0,27,14,3,4,1427.4,1271.1538461538462,1160.1308888888889,1132.7868852459017,2054.6153846153848,1243.7045454545455,1305.1155723738361,1490.1881042919608,1847.069374587763,106.79743823401132,410.28057721039465,0.020633215533033322,0.28607761162030343
2025-03-15,1508.2,1000.0,2600.0,45,15,3,5,1456.851851851852,1427.4,1271.1538461538462,1331.605076923077,2057.8823529411766,1144.8076923076924,1330.3434185276824,1450.925079081877,1859.1824515108399,131.98525057882563,376.7020300557665,0.03524596415406123,0.1326180908569219
2025-03-16,1597.7575757575758,1000.0,3500.0,33,16,3,6,1508.2,1456.851851851852,1427.4,1254.1379310344828,2270.0440384615385,2395.4406779661017,1379.4319392024097,1402.9046174601651,1832.5930147705558,159.87282099156113,299.111229505204,0.05938043744700683,0.27398871864090446
2025-03-17,1433.378787878788,1000.0,2666.0,66,17,3,0,1597.7575757575758,1508.2,1456.851851851852,1234.5294117647059,1974.7,2491.685185185185,1407.8389929329928,1364.2388165943644,1797.3161348603426,146.9811260352331,250.55721845917878,-0.10288093160869394,0.16107301634056292
2025-03-18,1438.6969696969697,1000.0,2600.0,66,18,3,1,1433.378787878788,1597.7575757575758,1508.2,1160.1308888888889,2029.8387096774193,2475.1458333333335,1447.6341473341472,1322.0144065957609,1762.767839405797,98.42767072633427,164.9443132326003,0.003710241747090448,0.24011607955277925
2025-03-19,1364.7083333333333,1000.0,1750.0,48,19,3,2,1438.6969696969697,1433.378787878788,1597.7575757575758,1271.1538461538462,1267.8870967741937,2392.2916666666665,1460.999074074074,1328.930209207128,1728.5150616280193,73.72141620466955,164.52952814994958,-0.051427533331929176,0.07359808371154797
2025-03-20,1348.0694444444443,877.0,2400.0,72,20,3,3,1364.7083333333333,1438.6969696969697,1433.378787878788,1427.4,993.6853703703704,2433.4603174603176,1449.6661375661374,1354.243357355276,1692.3353658608237,84.98454620668045,133.27709279270803,-0.012192267374998789,-0.0555769619977271
2025-03-21,1307.732142857143,850.0,2000.0,56,21,3,4,1348.0694444444443,1364.7083333333333,1438.6969696969697,1456.851851851852,1132.7868852459017,2381.6382978723404,1428.3633219954647,1366.7394471846505,1656.5384940269837,100.20910909137505,118.2729494410207,-0.029922272738645894,-0.10235749695836138
2025-03-22,1310.0576923076924,350.0,2300.0,52,22,3,5,1307.732142857143,1348.0694444444443,1364.7083333333333,1508.2,1331.605076923077,2267.2,1400.0572780394211,1365.2003482835514,1624.6337504372398,101.8699295337381,118.90384324819532,0.0017783071734158717,-0.13137667928146646
2025-03-23,1422.1875,850.0,2700.0,32,23,3,6,1310.0576923076924,1307.732142857143,1348.0694444444443,1597.7575757575758,1254.1379310344828,2165.1396923076927,1374.9758386454816,1377.2038889239454,1599.868677360317,56.66522162509525,115.25593470932314,0.08559150360377554,-0.10988530326594093
2025-03-24,1374.1846153846154,1000.0,2250.0,65,24,3,0,1422.1875,1310.0576923076924,1307.732142857143,1433.378787878788,1234.5294117647059,2135.823684210526,1366.5195282891711,1387.1792606110819,1574.4807083994533,50.58794538908063,107.75723903230468,-0.033752852289437585,-0.04129695025121183
2025-03-25,1456.0767692307693,900.0,2700.0,65,25,3,1,1374.1846153846154,1422.1875,1310.0576923076924,1438.6969696969697,1160.1308888888889,2112.744680851064,1369.0023567939995,1408.3182520640735,1552.59177801211,54.95847918707386,86.776015601376,0.059593269295358464,0.012080236422170376
2025-03-26,1400.0655737704917,1000.0,2350.0,61,26,3,2,1456.0767692307693,1374.1846153846154,1422.1875,1364.7083333333333,1271.1538461538462,1948.2,1374.053391142165,1417.5262326081197,1534.3206304711266,56.110754736918366,77.43881716851915,-0.03846719942511534,0.02590827620345637
2025-03-27,1387.095238095238,638.0,2000.0,63,27,3,3,1400.0655737704917,1456.0767692307693,1374.1846153846154,1348.0694444444443,1427.4,2056.7379032258063,1379.62850452085,1414.6473210434938,1511.9992083001075,55.02704160159305,77.79189969564676,-0.009264091567028121,0.028949394121811522
2025-03-28,1336.659574468085,800.0,2500.0,47,28,3,4,1387.095238095238,1400.0655737704917,1456.0767692307693,1307.732142857143,1456.851851851852,2033.549019607843,1383.7609947509845,1406.0621583732247,1488.7695601287824,49.54047443829213,79.39169279322293,-0.03636063497443143,0.022120303281481846
2025-03-29,1406.9354838709678,900.0,2600.0,31,29,3,5,1336.659574468085,1387.095238095238,1400.0655737704917,1310.0576923076924,1508.2,2060.967741935484,1397.600679260024,1398.8289786497226,1466.968484859965,37.615762939631054,73.78539101805235,0.05257577227982568,0.0739492559237016
2025-03-30,1328.75,875.0,1800.0,20,30,3,6,1406.9354838709678,1336.659574468085,1387.095238095238,1422.1875,1597.7575757575758,2054.6153846153848,1384.2524649743098,1379.6141518098957,1442.7729720394523,43.54758745198293,48.789369566012205,-0.05557147770262527,-0.06569984618765101
2025-03-31,1238.888888888889,950.0,1600.0,18,31,3,0,1328.75,1406.9354838709678,1336.659574468085,1374.1846153846154,1433.378787878788,2057.8823529411766,1364.9245040463486,1365.7220161677599,1415.4731899043759,70.46579711566955,58.93693960445497,-0.06762830563395006,-0.09845527666445242
2025-04-01,2311.9245283018868,1300.0,3500.0,53,1,4,1,1238.888888888889,1328.75,1406.9354838709678,1456.0767692307693,1438.6969696969697,2270.0440384615385,1487.188469627937,1428.095413210968,1416.8692062323876,368.2511690211064,260.27559328137227,0.8661274219477113,0.5877765356583866
2025-04-02,2034.6,1052.0,2900.0,55,2,4,2,2311.9245283018868,1238.888888888889,1328.75,1400.0655737704917,1364.7083333333333,1974.7,1577.836244803581,1475.9448179728731,1418.8658728990545,417.97196706320454,305.39255599579394,-0.11995397120752138,0.4532176478853449
2025-04-03,2076.46875,1300.0,2750.0,64,3,4,3,2034.6,2311.9245283018868,1238.888888888889,1387.095238095238,1348.0694444444443,2029.8387096774193,1676.3181750756899,1527.9733397982698,1420.4202075764736,445.82597519877055,341.8073360788274,0.020578369212621794,0.49699075663428194
2025-04-04,1217.4132142857143,800.0,2000.0,56,4,4,4,2076.46875,2034.6,2311.9245283018868,1336.659574468085,1307.732142857143,1267.8870967741937,1659.2829807639225,1521.5219877574534,1418.7377448268576,462.91813785410335,347.09542497362844,-0.41370983103612113,-0.08921221413449576
2025-04-05,1007.5,550.0,1550.0,30,5,4,5,1217.4132142857143,2076.46875,2034.6,1406.9354838709678,1310.0576923076924,993.6853703703704,1602.2207687823557,1499.91072402119,1419.1982324811786,520.2736998762643,369.9418711150413,-0.1724256085136019,-0.2839046199701938
2025-04-06,1162.232142857143,600.0,1750.0,56,6,4,6,1007.5,1217.4132142857143,2076.46875,1328.75,1422.1875,1132.7868852459017,1578.4325034762333,1481.3424842252716,1420.17974106822,538.3541113583831,380.5158295777665,0.1535802906770649,-0.12531917752990185
2025-04-07,1309.6433962264152,623.0,1850.0,53,7,4,0,1162.232142857143,1007.5,1217.4132142857143,1238.888888888889,1374.1846153846154,1331.605076923077,1588.540290238737,1476.7323971425428,1419.4476850449978,531.5376188937316,382.30073568761065,0.12683460380547373,0.05711126152804824
2025-04-08,1161.6091525423728,350.0,1800.0,59,8,4,1,1309.6433962264152,1162.232142857143,1007.5,2311.9245283018868,1456.0767692307693,1254.1379310344828,1424.209522273092,1455.6989959505142,1416.3633924285944,440.6712064473475,391.5140660993883,-0.11303400918951356,-0.49755749449330977
2025-04-09,1190.1698113207547,450.0,2200.0,53,9,4,2,1161.6091525423728,1309.6433962264152,1162.232142857143,2034.6,1400.0655737704917,1234.5294117647059,1303.576638176057,1440.706441489819,1414.8847390804626,352.4860931239119,397.77711462720487,0.024587150261232038,-0.4150349890294138
2025-04-10,1159.0,400.0,2000.0,45,10,4,3,1190.1698113207547,1161.6091525423728,1309.6433962264152,2076.46875,1387.095238095238,1160.1308888888889,1172.5096738903428,1424.4139244830164,1414.8470427841664,90.15636321752513,404.75199818734995,-0.02618938156914341,-0.4418408656523244
2025-04-11,1347.5,1000.0,1600.0,14,11,4,4,1159.0,1190.1698113207547,1161.6091525423728,1217.4132142857143,1336.659574468085,1271.1538461538462,1191.093500420955,1425.188240592439,1417.391914579038,111.77119113315692,404.5815380777067,0.16264020707506477,0.10685507943218009
2025-04-12,1178.1818181818182,500.0,1770.0,11,12,4,5,1347.5,1159.0,1190.1698113207547,1007.5,1406.9354838709678,1427.4,1215.4766173040719,1408.8486930432136,1409.0846418517654,78.79845432369775,409.95892388795113,-0.1256535672120087,0.16941123392736301
2025-04-14,1091.7586206896551,700.0,2000.0,29,14,4,0,1178.1818181818182,1347.5,1159.0,1162.232142857143,1328.75,1456.851851851852,1205.4089712801451,1391.920737378189,1396.9148674796922,90.3851431142833,418.32823737198424,-0.07335302256279275,-0.06063635617084295
2025-04-15,1032.564,650.0,1814.0,65,15,4,1,1091.7586206896551,1178.1818181818182,1347.5,1309.6433962264152,1238.888888888889,1508.2,1165.8262003906573,1377.1832453146974,1381.0603341463586,97.51909477008729,427.6643625564247,-0.05421951296547789,-0.21156858197031891
2025-04-16,1084.83453125,600.0,2000.0,64,16,4,2,1032.564,1091.7586206896551,1178.1818181818182,1161.6091525423728,2311.9245283018868,1597.7575757575758,1154.8583973488896,1289.533959810991,1363.9628993294396,102.27386528447165,337.6196578781324,0.05062207403124641,-0.06609333365214876
2025-04-17,1059.5626315789473,525.0,1800.0,57,17,4,3,1084.83453125,1032.564,1091.7586206896551,1190.1698113207547,2034.6,1433.378787878788,1136.2002288143458,1219.8884334952015,1351.5023607861115,106.58107818847019,264.8203819252339,-0.02329562614672054,-0.10973827305943007
2025-04-18,1022.2685714285714,650.0,1250.0,42,18,4,4,1059.5626315789473,1084.83453125,1032.564,1159.0,2076.46875,1438.6969696969697,1116.667167589856,1144.5884207400993,1337.621414177165,113.97877506349919,102.89289997418243,-0.03519759855517057,-0.11797362258104283
2025-04-19,1045.9918367346938,543.0,1740.0,49,19,4,5,1022.2685714285714,1059.5626315789473,1084.83453125,1347.5,1217.4132142857143,1364.7083333333333,1073.5945728376696,1132.344036629312,1326.9975309572103,52.71216483894553,103.75608300139514,0.023206489927564133,-0.22375373897239792
2025-04-20,1098.9032258064517,650.0,1600.0,31,20,4,6,1045.9918367346938,1022.2685714285714,1059.5626315789473,1178.1818181818182,1007.5,1348.0694444444443,1062.2690596411885,1138.8728384726303,1318.691990335944,30.209267933093138,98.01284165265129,0.050584896758786524,-0.06728892871365988
2025-04-21,1047.9707272727273,543.0,1866.0,55,21,4,0,1098.9032258064517,1045.9918367346938,1022.2685714285714,1091.7586206896551,1162.232142857143,1307.732142857143,1056.013646295913,1130.711308788029,1310.0332764831298,27.49695722307736,100.64014776914313,-0.046348483958945974,-0.040107669027854675
2025-04-22,1081.9639655172414,700.0,1866.0,58,22,4,1,1047.9707272727273,1098.9032258064517,1045.9918367346938,1032.564,1309.6433962264152,1310.0576923076924,1063.0707842269476,1114.4484923088023,1302.4301522567816,26.806114740883118,86.96887782071074,0.032437202070499715,0.0478420374109898
2025-04-23,1156.1503508771932,600.0,7800.0,57,23,4,2,1081.9639655172414,1047.9707272727273,1098.9032258064517,1084.83453125,1161.6091525423728,1422.1875,1073.2587584594037,1114.0585779041467,1293.5622472860216,44.300090360318066,86.7531435436242,0.06856641045756673,0.06573889157549173
2025-04-24,1035.803484848485,527.0,1650.0,66,24,4,3,1156.1503508771932,1081.9639655172414,1047.9707272727273,1059.5626315789473,1190.1698113207547,1374.1846153846154,1069.8645946407662,1103.032411727556,1282.2828762681502,46.38544892015002,86.14311609637164,-0.10409274705266391,-0.02242354158437687
2025-04-25,1050.7,675.0,1800.0,50,25,4,4,1035.803484848485,1156.1503508771932,1081.9639655172414,1022.2685714285714,1159.0,1456.0767692307693,1073.9262272938274,1095.2966974418416,1268.7703172937915,42.614710825827245,85.59151934236795,0.014381603624064043,0.02781209299205689
2025-04-26,1034.994423076923,500.0,1750.0,52,26,4,5,1050.7,1035.803484848485,1156.1503508771932,1045.9918367346938,1347.5,1400.0655737704917,1072.3551681998601,1072.9748705187646,1256.601278937339,43.99651328902717,46.65006344716695,-0.014947727156254809,-0.010513861840549033
2025-04-27,999.0384615384615,700.0,1400.0,26,27,4,6,1034.994423076923,1050.7,1035.803484848485,1098.9032258064517,1178.1818181818182,1387.095238095238,1058.088773304433,1060.178916472811,1243.6660530521133,49.76610131296554,39.61036192346351,-0.03474024664941522,-0.0908767595933686
2025-04-28,1026.931052631579,350.0,1900.0,57,28,4,0,999.0384615384615,1034.994423076923,1050.7,1047.9707272727273,1091.7586206896551,1336.659574468085,1055.0831054985547,1055.5483758972339,1233.3417689908963,51.09660697911186,39.42344683002137,0.027919436705334144,-0.02007658619998165
2025-04-29,1016.9038888888889,627.0,1733.0,54,29,4,1,1026.931052631579,999.0384615384615,1034.994423076923,1081.9639655172414,1032.564,1406.9354838709678,1045.7888088373616,1054.4297965321546,1220.3407158248272,51.30880977192032,40.33733129027943,-0.009764203465261634,-0.060131463433026666
2025-04-30,1026.9130303030304,600.0,1400.0,33,30,4,2,1016.9038888888889,1026.931052631579,999.0384615384615,1156.1503508771932,1084.83453125,1328.75,1027.326334469624,1050.2925464645139,1210.279483501595,16.259090260931284,39.947458415175014,0.009842760484550794,-0.11178245154370103
2025-05-01,2372.8214285714284,1500.0,3200.0,28,1,5,3,1026.9130303030304,1016.9038888888889,1026.931052631579,1035.803484848485,1059.5626315789473,1238.888888888889,1218.3288978586158,1144.0967462496913,1248.077234824346,509.3292124160292,355.89031495305824,1.3106352325388606,1.290802708506546
2025-05-02,2063.76,1072.0,3125.0,50,2,5,4,2372.8214285714284,1026.9130303030304,1016.9038888888889,1050.7,1022.2685714285714,2311.9245283018868,1363.051755001473,1218.48899114765,1239.8050838809497,591.1202420173008,429.6700363974287,-0.13025060581887127,0.9641762634434188
2025-05-03,2025.6043055555556,1250.0,2750.0,72,3,5,5,2063.76,2372.8214285714284,1026.9130303030304,1034.994423076923,1045.9918367346938,2034.6,1504.5674524984206,1288.4613103491406,1239.5052273994684,617.4822890692881,476.61841925252565,-0.018488435886171217,0.9571161548229987
2025-05-04,1267.8749019607844,877.0,2000.0,51,4,5,6,2025.6043055555556,2063.76,2372.8214285714284,999.0384615384615,1098.9032258064517,2076.46875,1542.9726582730382,1300.5307157887357,1212.5520991314945,588.4790208453157,473.5787379540221,-0.3740757271874732,0.26909518579327796
2025-05-05,964.0524193548387,450.0,1733.0,62,5,5,0,1267.8749019607844,2025.6043055555556,2063.76,1026.931052631579,1047.9707272727273,1217.4132142857143,1533.9899963763608,1294.536550937458,1204.1067393004655,598.0705413554504,477.53588262661697,-0.23963127760955005,-0.06122965423589988
2025-05-06,1167.3030303030303,350.0,1800.0,66,6,5,1,964.0524193548387,1267.8749019607844,2025.6043055555556,1016.9038888888889,1081.9639655172414,1007.5,1555.4755880069526,1300.632198422157,1209.433506977233,578.7889812100076,475.1524303917117,0.2108294184710522,0.14789907193537588
2025-05-07,1339.7777777777778,500.0,1900.0,54,7,5,2,1167.3030303030303,964.0524193548387,1267.8749019607844,1026.9130303030304,1156.1503508771932,1162.232142857143,1600.1705519319164,1313.74844320077,1215.3516948079207,542.086062962651,473.3884961088629,0.14775490425136084,0.30466528152089434
2025-05-08,1183.6666666666667,700.0,1850.0,66,8,5,3,1339.7777777777778,1167.3030303030303,964.0524193548387,2372.8214285714284,1035.803484848485,1309.6433962264152,1430.2913002312364,1324.3100990449261,1211.1524704892627,435.4341102299796,468.3327938961264,-0.11652015259578696,-0.5011564492742715
2025-05-09,1243.5185185185185,800.0,2000.0,27,9,5,4,1183.6666666666667,1339.7777777777778,1167.3030303030303,2063.76,1050.7,1161.6091525423728,1313.1139457338818,1338.0828503676773,1213.8827826884674,335.43626758388126,462.46596777740353,0.05056478613223181,-0.3974500336674234
2025-05-10,1299.4615384615386,800.0,2750.0,26,10,5,5,1243.5185185185185,1183.6666666666667,1339.7777777777778,2025.6043055555556,1034.994423076923,1190.1698113207547,1209.3792647204505,1356.9733586094355,1217.525840259827,124.0447666062771,454.465461185124,0.044987685434446645,-0.3584820416813146
2025-05-12,1383.3333333333333,600.0,2500.0,15,12,5,0,1299.4615384615386,1243.5185185185185,1183.6666666666667,1267.8749019607844,999.0384615384615,1159.0,1225.8733263451006,1384.4229923090693,1225.0036180376046,139.7954008918707,442.63492724257503,0.06454349927978043,0.09106452946894916
2025-05-13,1076.6451612903227,500.0,2500.0,31,13,5,1,1383.3333333333333,1299.4615384615386,1243.5185185185185,964.0524193548387,1026.931052631579,1347.5,1241.9580037644555,1387.9740000704082,1215.9751234139487,107.36570265354207,439.73628423461423,-0.22170229304314015,0.11679109939979515
2025-05-15,1032.8870967741937,325.0,1800.0,62,15,5,3,1076.6451612903227,1383.3333333333333,1299.4615384615386,1167.3030303030303,1016.9038888888889,1178.1818181818182,1222.7557275460501,1389.1156577765014,1211.1319660336947,132.11141247772773,438.7183633011949,-0.040642976989453516,-0.11515084775710926
2025-05-16,1051.52125,650.0,4000.0,64,16,5,4,1032.8870967741937,1076.6451612903227,1383.3333333333333,1339.7777777777778,1026.9130303030304,1091.7586206896551,1181.5762235777963,1390.8733877548564,1209.7907203440395,134.4602649308792,437.2022429456889,0.018040842299223758,-0.21515249212141319
2025-05-17,1018.5416666666666,675.0,1750.0,48,17,5,5,1051.52125,1032.8870967741937,1076.6451612903227,1183.6666666666667,2372.8214285714284,1032.564,1157.9869378635105,1294.1391190473735,1209.3233092329283,147.85020181646823,342.8723814336107,-0.03136368697573477,-0.13950295691354553
2025-05-18,1049.0625,700.0,1500.0,32,18,5,6,1018.5416666666666,1051.52125,1032.8870967741937,1243.5185185185185,2063.76,1084.83453125,1130.207506646579,1221.6607261902304,1208.1309081912616,147.36864057322728,266.38631781084297,0.029965228062998506,-0.1563756515264333
2025-05-19,964.1081666666666,350.0,1675.0,60,19,5,0,1049.0625,1018.5416666666666,1051.52125,1299.4615384615386,2025.6043055555556,1059.5626315789473,1082.2998821044546,1145.8395734124529,1204.9490926941858,137.34456510158742,141.9712580102973,-0.08098119352596567,-0.25807102547406235
2025-05-20,998.2321666666667,500.0,1750.0,60,20,5,1,964.1081666666666,1049.0625,1018.5416666666666,1383.3333333333333,1267.8749019607844,1022.2685714285714,1027.2854297235024,1126.5793780343015,1204.147879202122,37.50842039327439,142.43158915547323,0.03539436878538349,-0.27838638554216866
2025-05-21,997.6613559322035,500.0,1666.0,59,21,5,2,998.2321666666667,964.1081666666666,1049.0625,1076.6451612903227,964.0524193548387,1045.9918367346938,1016.0020289580568,1128.980016361256,1202.5368631753724,31.5998056961318,139.73932046312333,-0.0005718216197833081,-0.07336103685587536
2025-05-22,1016.55875,350.0,1750.0,64,22,5,3,997.6613559322035,998.2321666666667,964.1081666666666,1032.8870967741937,1167.3030303030303,1098.9032258064517,1013.6694079903149,1118.2125677681827,1199.7920473151573,30.73652251884459,142.34269761315343,0.018941691943293648,-0.015808452661659422
2025-05-23,1059.9103703703704,500.0,3500.0,54,23,5,4,1016.55875,997.6613559322035,998.2321666666667,1051.52125,1339.7777777777778,1047.9707272727273,1014.8678537575106,1098.2220386676534,1200.1900354184122,32.567401011384156,127.73532512793638,0.04264546478043729,0.007978079730077248
2025-05-24,1020.7918867924528,350.0,1400.0,53,24,5,5,1059.9103703703704,1016.55875,997.6613559322035,1018.5416666666666,1183.6666666666667,1081.9639655172414,1015.1893137754802,1086.5881258194952,1198.150966127586,32.62076936074973,126.76806370549393,-0.03690735053780836,0.00220925682220785
2025-05-25,1128.5714285714287,600.0,1700.0,28,25,5,6,1020.7918867924528,1059.9103703703704,1016.55875,1049.0625,1243.5185185185185,1156.1503508771932,1026.547732142827,1078.377619394703,1197.2316687173939,53.525232520233395,119.32615981808051,0.10558424608726291,0.07579045916847527
2025-05-26,1114.4338181818182,450.0,1700.0,55,26,5,0,1128.5714285714287,1020.7918867924528,1059.9103703703704,964.1081666666666,1299.4615384615386,1035.803484848485,1048.0228252164202,1065.1613536604375,1199.852679828505,54.44677909487286,101.93515891588736,-0.01252699654775613,0.15592197713135403
2025-05-27,1181.4083018867925,600.0,1700.0,53,27,5,1,1114.4338181818182,1128.5714285714287,1020.7918867924528,998.2321666666667,1383.3333333333333,1050.7,1074.190844533581,1050.7381371285414,1204.209623224731,68.68518712905122,58.47263131842202,0.060097318128987,0.18350053358007323
2025-05-28,1158.6842105263158,640.0,1733.0,57,28,5,2,1181.4083018867925,1114.4338181818182,1128.5714285714287,997.6613559322035,1076.6451612903227,1034.994423076923,1097.1941094755969,1056.5980692168268,1208.3326161397113,65.68135766837068,65.01364920411811,-0.019234748328909368,0.16140031247742814
2025-05-29,1223.3529411764705,500.0,2000.0,68,29,5,3,1158.6842105263158,1181.4083018867925,1114.4338181818182,1016.55875,1032.8870967741937,999.0384615384615,1126.7361367865212,1070.202772388418,1215.809765460978,69.74849394533854,78.25098446544753,0.05581221359768063,0.20342571560814404
2025-05-30,1199.732142857143,700.0,1650.0,56,30,5,4,1223.3529411764705,1158.6842105263158,1181.4083018867925,1059.9103703703704,1051.52125,1026.931052631579,1146.710675713203,1080.789264735357,1221.5698018018302,67.40298318531511,85.24247788147667,-0.0193082450078651,0.13191848706783937
2025-05-31,1131.7358490566037,350.0,1800.0,53,31,5,5,1199.732142857143,1223.3529411764705,1158.6842105263158,1020.7918867924528,1018.5416666666666,1016.9038888888889,1162.5598131795102,1088.8745634774953,1225.3975338074206,40.55718344680075,84.24653504312785,-0.05667622911111403,0.10868421242331827
2025-06-01,1890.8048780487804,600.0,3500.0,82,1,6,6,1131.7358490566037,1199.732142857143,1223.3529411764705,1128.5714285714287,1049.0625,1026.9130303030304,1271.4503059619892,1148.9990190524081,1254.193928732279,275.69759975503587,229.24040949381546,0.6707121892665362,0.6753967273849952
2025-06-02,2043.245283018868,1085.0,3105.0,53,2,6,0,1890.8048780487804,1131.7358490566037,1199.732142857143,1114.4338181818182,964.1081666666666,2372.8214285714284,1404.1376580815675,1226.0802416489937,1243.20805721386,388.12085195893985,324.0934925091195,0.08062196514290698,0.8334379751256933
2025-06-03,1998.5692307692307,1300.0,3000.0,65,3,6,1,2043.245283018868,1890.8048780487804,1131.7358490566037,1181.4083018867925,998.2321666666667,2063.76,1520.8749336362018,1297.5328890848912,1241.0350315728347,430.53729267849326,376.0956768622679,-0.021865241839016503,0.6916837536839502
2025-06-04,1266.6666666666667,850.0,2000.0,27,4,6,2,1998.5692307692307,2043.245283018868,1890.8048780487804,1158.6842105263158,997.6613559322035,2025.6043055555556,1536.3009987991088,1316.747554137353,1215.7371102765385,417.122711961656,366.3420423967269,-0.3662132653872898,0.09319403437050489
2025-06-05,1015.6470689655172,530.0,2000.0,58,5,6,3,1266.6666666666667,1998.5692307692307,2043.245283018868,1223.3529411764705,1016.55875,1267.8749019607844,1506.6287313404014,1316.6824340634612,1207.3295158433627,449.24549055311854,366.3995844208293,-0.1981733666061707,-0.16978409518614257
2025-06-06,1224.9282352941177,600.0,1866.0,51,6,6,4,1015.6470689655172,1266.6666666666667,1998.5692307692307,1199.732142857143,1059.9103703703704,964.0524193548387,1510.228173117112,1328.4694244151576,1216.025376374672,446.4691154447687,360.10408723309166,0.20605697857402672,0.02100143151701417
2025-06-07,1308.04,800.0,1900.0,25,7,6,5,1224.9282352941177,1015.6470689655172,1266.6666666666667,1131.7358490566037,1020.7918867924528,1167.3030303030303,1535.41448039474,1348.9871467871253,1220.7166086979043,426.0655649333668,349.24452691393697,0.0678503134397308,0.1557820679537194
2025-06-08,1219.6785714285713,800.0,1850.0,56,8,6,6,1308.04,1224.9282352941177,1015.6470689655172,1890.8048780487804,1128.5714285714287,1339.7777777777778,1439.53929373471,1355.4947998483494,1216.7133018195975,407.8875791355302,345.65181899609496,-0.06755254317255488,-0.35494212777406153
2025-06-09,1375.0,850.0,2400.0,29,9,6,0,1219.6785714285713,1308.04,1224.9282352941177,2043.245283018868,1114.4338181818182,1183.6666666666667,1344.0756818748719,1374.1066699782198,1223.0910795973753,309.3393373764996,338.61684401896207,0.12734619776873313,-0.32705093635725635
2025-06-10,1119.8163265306123,775.0,2000.0,49,10,6,1,1375.0,1219.6785714285713,1308.04,1998.5692307692307,1181.4083018867925,1243.5185185185185,1218.5395526979264,1369.707243167064,1218.9676731977781,119.55484704043194,341.6991164090663,-0.18558812615955467,-0.43969100029644437
2025-06-12,1192.2,850.0,2200.0,15,12,6,3,1119.8163265306123,1375.0,1219.6785714285713,1266.6666666666667,1158.6842105263158,1299.4615384615386,1207.9014574598314,1372.1012281294702,1215.3922885823938,117.85975999075463,340.22114807729736,0.06463888028284526,-0.0587894736842105
2025-06-13,1372.2856,900.0,1800.0,50,13,6,4,1192.2,1119.8163265306123,1375.0,1015.6470689655172,1223.3529411764705,1383.3333333333333,1258.8498190361859,1382.7392751882937,1215.0240308046161,95.94771644200188,337.5300799445448,0.1510531789968126,0.35114415423630896
2025-06-14,1334.4371186440678,200.0,1800.0,59,14,6,5,1372.2856,1192.2,1119.8163265306123,1224.9282352941177,1199.732142857143,1076.6451612903227,1274.493945229036,1392.3610591730742,1223.6170960497407,98.39154856209761,333.8113929635987,-0.027580615402458597,0.08940024418953474
2025-06-15,1355.1724137931035,900.0,2000.0,29,15,6,6,1334.4371186440678,1372.2856,1192.2,1308.04,1131.7358490566037,1032.8870967741937,1281.2271471994793,1408.3208137971098,1234.3599399503714,102.59280872167157,325.6333593510896,0.0155386078964177,0.036032853577186774
2025-06-16,1369.05,650.0,2000.0,60,16,6,0,1355.1724137931035,1334.4371186440678,1372.2856,1219.6785714285713,1890.8048780487804,1051.52125,1302.5659227096835,1371.0526082221968,1244.9442316170378,103.18989721308276,294.5385645240087,0.010240458015267073,0.12246786331293369
2025-06-17,1343.1587301587301,650.0,2100.0,63,17,6,1,1369.05,1355.1724137931035,1334.4371186440678,1375.0,2043.245283018868,1018.5416666666666,1298.0171698752163,1321.046425875044,1255.7648004001064,100.1209033438504,222.17716050593305,-0.018911851167795035,-0.023157287157287154
2025-06-18,1366.3829090909092,700.0,1850.0,55,18,6,2,1343.1587301587301,1369.05,1355.1724137931035,1119.8163265306123,1998.5692307692307,1049.0625,1333.2409673838301,1275.8902600408783,1266.3421473698036,63.74231204835234,109.6098373024578,0.0172907180742774,0.22018484345928724
2025-06-19,1316.3039682539682,650.0,1900.0,63,19,6,3,1366.3829090909092,1343.1587301587301,1369.05,1192.2,1266.6666666666667,964.1081666666666,1350.9701057058257,1279.4357815828282,1278.0820074227136,20.706460791632125,110.09028345647968,-0.03665073714238698,0.10409660145442712
2025-06-20,1349.4265454545452,700.0,1850.0,55,20,6,4,1316.3039682539682,1366.3829090909092,1343.1587301587301,1372.2856,1015.6470689655172,998.2321666666667,1347.7045264850462,1303.2771727606162,1289.7884867156429,18.465866433352257,80.8202048742102,0.025163319415129504,-0.016657650962346837
2025-06-21,1329.2501886792454,600.0,1900.0,53,21,6,5,1349.4265454545452,1316.3039682539682,1366.3829090909092,1334.4371186440678,1224.9282352941177,997.6613559322035,1346.9635364900716,1310.7287408595537,1300.8414478072111,19.17734926343062,77.79334118267738,-0.014951800706205609,-0.0038869796803111534
2025-06-22,1362.344827586207,592.0,1905.0,29,22,6,6,1329.2501886792454,1349.4265454545452,1316.3039682539682,1355.1724137931035,1308.04,1016.55875,1347.9881670319435,1314.6076571157114,1312.367650393418,19.868206275379126,78.99357243754295,0.02489722340370304,0.005292620865140041
2025-06-23,1383.4107142857142,600.0,2000.0,56,23,6,0,1362.344827586207,1329.2501886792454,1349.4265454545452,1369.05,1219.6785714285713,1059.9103703703704,1350.0396976441884,1326.302810176936,1323.150995190596,22.91349065727643,75.91860784296229,0.015462962293350868,0.010489546974700836
2025-06-24,1360.65609375,600.0,1905.0,64,24,6,1,1383.4107142857142,1362.344827586207,1329.2501886792454,1343.1587301587301,1375.0,1020.7918867924528,1352.53932101437,1325.2782454447931,1334.4798020891808,22.991997370088143,75.30516927485958,-0.016448203198616174,0.013027025919119861
2025-06-25,1361.5264705882355,900.0,1800.0,51,25,6,2,1360.65609375,1383.4107142857142,1362.344827586207,1366.3829090909092,1119.8163265306123,1128.5714285714287,1351.8455440854163,1342.5432557346232,1342.2449701564078,22.574123460417137,46.94308856439456,0.000639674376378796,-0.0035542295430969206
2025-06-26,1331.0837704918033,400.0,1905.0,61,26,6,3,1361.5264705882355,1360.65609375,1383.4107142857142,1316.3039682539682,1192.2,1114.4338181818182,1353.9569444051072,1352.4635250554663,1349.4666352334073,19.123231295280966,19.211289111255233,-0.022359242184457617,0.011228259273152519
2025-06-27,1359.6923076923076,750.0,2000.0,52,27,6,4,1331.0837704918033,1361.5264705882355,1360.65609375,1349.4265454545452,1372.2856,1181.4083018867925,1355.4234818676448,1351.5640041763454,1355.4094354269246,19.111526205925323,18.493179397670207,0.02149266472532685,0.0076074998467623445
2025-06-28,1332.6666666666667,600.0,1800.0,54,28,6,5,1359.6923076923076,1331.0837704918033,1361.5264705882355,1329.2501886792454,1334.4371186440678,1158.6842105263158,1355.911550151562,1351.4375433208168,1361.208850631603,18.36058500672847,18.6248906224865,-0.0198762917703853,0.00257022945455887
2025-06-29,1353.9032258064517,850.0,1855.0,31,29,6,6,1332.6666666666667,1359.6923076923076,1331.0837704918033,1362.344827586207,1355.1724137931035,1223.3529411764705,1354.7056070401686,1351.346887036056,1365.5605267859355,18.143560415679325,18.608394366939898,0.015935387048362948,-0.006196376724028174
2025-06-30,1428.5555555555557,450.0,6500.0,54,30,6,0,1353.9032258064517,1332.6666666666667,1359.6923076923076,1383.4107142857142,1369.05,1199.732142857143,1361.1548700787173,1355.597283861453,1373.1879738758826,32.439208439039696,27.59096353381408,0.0551386009916901,0.03263299958837651
2025-07-01,2327.649827586207,1250.0,3300.0,58,1,7,1,1428.5555555555557,1353.9032258064517,1332.6666666666667,1360.65609375,1343.1587301587301,1131.7358490566037,1499.296832055318,1425.918076534844,1413.0517731602026,366.70688930063176,260.9741561454769,0.6293729834546054,0.7106819557696973
2025-07-02,2066.725490196078,1125.0,2800.0,51,2,7,2,2327.649827586207,1428.5555555555557,1353.9032258064517,1361.5264705882355,1366.3829090909092,1890.8048780487804,1600.0395491421527,1475.9425466137848,1418.9157935651126,416.09185689013077,311.00990227039017,-0.11209776242877112,0.5179473442798124
2025-07-03,1940.0358064516129,1200.0,2650.0,62,3,7,3,2066.725490196078,2327.649827586207,1428.5555555555557,1331.0837704918033,1316.3039682539682,2043.245283018868,1687.0326971364113,1520.4948207707591,1415.4754776795376,414.1417208619594,330.4498655450259,-0.06129971510267951,0.4574858844044176
2025-07-04,1250.0166666666667,812.0,3000.0,60,4,7,4,1940.0358064516129,2066.725490196078,2327.649827586207,1359.6923076923076,1349.4265454545452,1998.5692307692307,1671.3647484184626,1513.3941151430536,1390.5237255427855,430.3473553921196,335.4389402244317,-0.35567340432082706,-0.0806621030399034
2025-07-05,1025.2421428571429,575.0,1700.0,56,5,7,5,1250.0166666666667,1940.0358064516129,2066.725490196078,1332.6666666666667,1329.2501886792454,1266.6666666666667,1627.4469593028164,1491.6792547271891,1382.476241415801,483.1234664809307,357.39791917072756,-0.17981722148466595,-0.2306837347245051
2025-07-06,1218.3926470588235,500.0,1725.0,34,6,7,6,1025.2421428571429,1250.0166666666667,1940.0358064516129,1353.9032258064517,1362.344827586207,1015.6470689655172,1608.0883051960122,1481.3969561180904,1389.2344273522447,498.3850012784282,363.4250066265646,0.18839501043471474,-0.10008882183356305
2025-07-07,1289.6872413793103,450.0,2066.0,58,7,7,0,1218.3926470588235,1025.2421428571429,1250.0166666666667,1428.5555555555557,1383.4107142857142,1224.9282352941177,1588.249974599406,1474.7024223390617,1391.393060888418,509.36528652757573,366.2212904915942,0.058515286096473496,-0.0972089000222609
2025-07-08,1185.4603174603174,400.0,1800.0,63,8,7,1,1289.6872413793103,1218.3926470588235,1025.2421428571429,2327.649827586207,1360.65609375,1308.04,1425.0800445814216,1462.18843831837,1387.3070714704286,405.35464998416705,373.34212706581286,-0.0808156586921982,-0.49070504359770906
2025-07-09,1269.1666666666667,700.0,2000.0,18,9,7,2,1185.4603174603174,1289.6872413793103,1218.3926470588235,2066.725490196078,1361.5264705882355,1219.6785714285713,1311.1430697915057,1455.5913094668292,1388.9566746450316,290.86165598887135,376.0637970634788,0.07061084034063536,-0.38590457577108805
2025-07-10,1153.6545454545455,800.0,2000.0,55,10,7,3,1269.1666666666667,1185.4603174603174,1289.6872413793103,1940.0358064516129,1331.0837704918033,1375.0,1198.8028896490675,1442.9177933927392,1381.57849282685,89.96051550585639,383.4987476730617,-0.09101414671999042,-0.4053436840608543
2025-07-12,1025.0,700.0,1350.0,4,12,7,5,1153.6545454545455,1269.1666666666667,1185.4603174603174,1250.0166666666667,1359.6923076923076,1119.8163265306123,1166.6576515538295,1419.011199986146,1378.4179486091627,107.16711658980499,399.19671367503815,-0.11151912499409,-0.18001093318755745
2025-07-13,1300.0344827586207,850.0,1700.0,29,13,7,6,1025.0,1153.6545454545455,1269.1666666666667,1025.2421428571429,1332.6666666666667,1192.2,1205.9137001111833,1416.680329707,1382.0124313677834,96.5336874127065,399.83441093078864,0.2683263246425567,0.2680267698864651
2025-07-14,1413.2459016393443,375.0,11000.0,61,14,7,0,1300.0344827586207,1025.0,1153.6545454545455,1218.3926470588235,1353.9032258064517,1372.2856,1233.7498793369723,1420.9190922664925,1383.3777747557617,124.71264597019639,399.4320507484375,0.08708339692689804,0.15992648597387116
2025-07-15,1258.8002985074627,700.0,1900.0,67,15,7,1,1413.2459016393443,1300.0344827586207,1025.0,1289.6872413793103,1428.5555555555557,1334.4371186440678,1229.3374589267082,1408.7937167630569,1380.856547417875,122.93745919541672,401.75225456542796,-0.10928430993695226,-0.023949173009430003
2025-07-16,1290.4514035087718,800.0,1800.0,57,16,7,2,1258.8002985074627,1413.2459016393443,1300.0344827586207,1185.4603174603174,2327.649827586207,1355.1724137931035,1244.336185505059,1334.7081150432405,1378.6991804083968,123.09663637894526,302.6968836702643,0.025143865185635272,0.08856566896594487
2025-07-17,1284.439393939394,450.0,1800.0,66,17,7,3,1290.4514035087718,1258.8002985074627,1413.2459016393443,1269.1666666666667,2066.725490196078,1369.05,1246.518003686877,1278.8305367391913,1375.8788268730434,123.74374296964326,217.343311939708,-0.0046588422880792235,0.012033665612129152
2025-07-18,1267.4819298245613,750.0,1900.0,57,18,7,4,1284.439393939394,1290.4514035087718,1258.8002985074627,1153.6545454545455,1940.0358064516129,1343.1587301587301,1262.7790585968792,1230.7909741229735,1373.3562668619047,116.79040665622506,105.51073087911874,-0.013202229855955983,0.09866678445337129
2025-07-19,1234.58,450.0,1800.0,50,19,7,5,1267.4819298245613,1284.439393939394,1290.4514035087718,1025.0,1250.0166666666667,1366.3829090909092,1292.7190585968794,1229.6883550753544,1368.9628365588744,57.476771424189046,105.37493315957707,-0.02595850011772205,0.20446829268292666
2025-07-20,1266.304347826087,775.0,1875.0,23,20,7,6,1234.58,1267.4819298245613,1284.439393939394,1300.0344827586207,1025.2421428571429,1316.3039682539682,1287.9004678922315,1246.9070840017073,1367.2961825446114,58.17096257280033,87.59262678489314,0.025696469913725428,-0.02594556942901982
2025-07-21,1221.1818181818182,450.0,1900.0,55,21,7,0,1266.304347826087,1234.58,1267.4819298245613,1413.2459016393443,1218.3926470588235,1349.4265454545452,1260.4627416840137,1247.106310510493,1363.0213583021873,25.077426906369354,87.52592933723984,-0.03563324229418652,-0.1359028058986299
2025-07-22,1247.27868852459,805.0,1900.0,61,22,7,1,1221.1818181818182,1266.304347826087,1234.58,1258.8002985074627,1289.6872413793103,1329.2501886792454,1258.816797400746,1244.077128163727,1360.2889749636988,25.577840845074206,86.66854579079414,0.021370175967430294,-0.009152849738384705
2025-07-23,1256.9454545454546,700.0,2000.0,55,23,7,2,1247.27868852459,1221.1818181818182,1266.304347826087,1290.4514035087718,1185.4603174603174,1362.344827586207,1254.0302332631293,1249.1832093840942,1356.775662529007,21.477627509197966,85.03996037800495,0.007750285569538162,-0.025964518208290266
2025-07-24,1210.967213114754,400.0,1900.0,61,24,7,3,1256.9454545454546,1247.27868852459,1221.1818181818182,1284.439393939394,1269.1666666666667,1383.4107142857142,1243.5342074310379,1245.0261055589576,1351.0275458233084,22.084201155019183,85.40965349380623,-0.036579345002148544,-0.057201749783849065
2025-07-25,1230.0344827586207,800.0,1750.0,29,25,7,4,1210.967213114754,1256.9454545454546,1247.27868852459,1267.4819298245613,1153.6545454545455,1360.65609375,1238.1845721359036,1250.4818153663914,1346.6734921235955,19.726000683485637,81.47288166781404,0.015745487935072466,-0.0295447581419358
2025-07-26,1184.8125,937.0,1600.0,16,26,7,5,1230.0344827586207,1210.967213114754,1256.9454545454546,1234.58,1025.0,1361.5264705882355,1231.0749292787607,1261.89699393782,1340.783026437321,28.332686102490403,54.0213045642253,-0.03676480894844547,-0.04031127994945649
2025-07-27,1277.7931034482758,800.0,1650.0,29,27,7,6,1184.8125,1230.0344827586207,1210.967213114754,1266.304347826087,1300.0344827586207,1331.0837704918033,1232.7161800819304,1260.308323987081,1339.0066708692034,30.927513500257433,53.13321541306746,0.0784770615167174,0.009072665384046052
2025-07-28,1187.979649122807,450.0,1800.0,57,28,7,0,1277.7931034482758,1184.8125,1230.0344827586207,1221.1818181818182,1413.2459016393443,1359.6923076923076,1227.9730130735004,1244.2178773787568,1333.2829155835536,35.23705155272513,33.87499813501369,-0.07028794730782051,-0.027188555024873384
2025-07-29,1183.8648648648648,700.0,1600.0,37,29,7,1,1187.979649122807,1277.7931034482758,1184.8125,1247.27868852459,1258.8002985074627,1332.6666666666667,1218.913895407825,1238.8653464042857,1328.3228555234934,37.523870527938016,37.15502488667516,-0.003463682446900873,-0.05084174390467433
2025-07-30,1228.7540983606557,777.0,1800.0,61,30,7,2,1183.8648648648648,1187.979649122807,1277.7931034482758,1256.9454545454546,1290.4514035087718,1353.9032258064517,1214.8865588099968,1234.4583960365633,1324.151217941967,34.12022660044221,34.09902486095601,0.03791753166094258,-0.02242846424469047
2025-07-31,1200.90625,400.0,1800.0,64,31,7,3,1228.7540983606557,1183.8648648648648,1187.979649122807,1210.967213114754,1284.439393939394,1428.5555555555557,1213.449278365032,1228.491742898035,1316.562907756782,34.5223756371498,31.91924728113364,-0.022663483603276635,-0.008308204388850493
2025-08-01,2253.345185185185,1000.0,3600.0,54,1,8,4,1200.90625,1228.7540983606557,1183.8648648648648,1230.0344827586207,1267.4819298245613,2327.649827586207,1359.636521568827,1298.910546852365,1314.0860863434143,395.5300713400624,276.32560652762305,0.8763706036047236,0.8319365975265725
2025-08-02,2100.5641025641025,1380.0,2800.0,39,2,8,5,2253.345185185185,1200.90625,1228.7540983606557,1184.8125,1234.58,2066.725490196078,1490.4581790779844,1360.7665541783722,1315.2140400890153,472.10068192663454,348.35543473603354,-0.06780189898358902,0.7729084581434638
2025-08-03,1771.6666666666667,1200.0,2500.0,48,3,8,6,2100.5641025641025,2253.345185185185,1200.90625,1277.7931034482758,1266.304347826087,1940.0358064516129,1561.0115452520402,1396.8638626669854,1309.601735429517,471.9254284318396,363.6612107150899,-0.15657576719318367,0.3865051093839955
2025-08-04,1194.8884057971015,750.0,2000.0,69,4,8,0,1771.6666666666667,2100.5641025641025,2253.345185185185,1187.979649122807,1221.1818181818182,1250.0166666666667,1561.9985104912253,1394.9857617823625,1307.7641267338647,471.0216199948324,364.70469751527384,-0.3255568734917583,0.005815551368574257
2025-08-05,995.7012903225807,240.0,2000.0,62,5,8,1,1194.8884057971015,1771.6666666666667,2100.5641025641025,1183.8648648648648,1247.27868852459,1025.2421428571429,1535.1179998423274,1377.0159476250763,1306.7794316493794,500.6358879235772,378.4801207697879,-0.16669934573651213,-0.15894007848924763
2025-08-06,1227.1666666666667,500.0,1750.0,30,6,8,2,995.7012903225807,1194.8884057971015,1771.6666666666667,1228.7540983606557,1256.9454545454546,1218.3926470588235,1534.8912238860432,1374.88889134802,1307.0718989696406,500.79812585252785,379.28963625040717,0.23246467448997432,-0.0012919034785778827
2025-08-07,1342.988,800.0,2000.0,60,7,8,3,1227.1666666666667,995.7012903225807,1194.8884057971015,1200.90625,1210.967213114754,1289.6872413793103,1555.1886167431862,1384.3189475541092,1308.8485909236638,487.7139825422002,376.53179996503803,0.09438109466250166,0.11831210804340486
2025-08-08,1180.2068965517242,750.0,1900.0,29,8,8,4,1342.988,1227.1666666666667,995.7012903225807,2253.345185185185,1230.0344827586207,1185.4603174603174,1401.883146938406,1380.7598342536166,1308.6734768933775,390.6960241068988,378.33351630398784,-0.12120815930468165,-0.4762422977575306
2025-08-09,1188.764705882353,700.0,2200.0,51,9,8,5,1180.2068965517242,1342.988,1227.1666666666667,2100.5641025641025,1184.8125,1269.1666666666667,1271.6260902695847,1381.0421346737846,1305.9934115339004,243.0213934333025,378.17750208416436,0.007251109407708567,-0.4340735879322799
2025-08-10,1146.5849056603774,700.0,2200.0,53,10,8,6,1188.764705882353,1180.2068965517242,1342.988,1771.6666666666667,1277.7931034482758,1153.6545454545455,1182.3286958401147,1371.6701205460777,1305.7577568740946,103.38676030588995,382.5337636961792,-0.03548204284099077,-0.3528213138323364
2025-08-12,1558.9166666666667,900.0,2400.0,12,12,8,1,1146.5849056603774,1188.764705882353,1180.2068965517242,1194.8884057971015,1187.979649122807,1025.0,1234.3327331071957,1398.1656217992106,1323.5549790963169,176.47603588580634,381.67726623696063,0.3596172939053355,0.3046546096718752
2025-08-13,1373.2,450.0,2000.0,65,13,8,2,1558.9166666666667,1146.5849056603774,1188.764705882353,995.7012903225807,1183.8648648648648,1300.0344827586207,1288.2611202039698,1411.6895600231485,1325.9938296710295,146.54009874240603,376.8233490933994,-0.11913187576842899,0.3791284729129154
2025-08-14,1377.2973684210526,600.0,2000.0,57,14,8,3,1373.2,1558.9166666666667,1146.5849056603774,1227.1666666666667,1228.7540983606557,1413.2459016393443,1309.7083633117393,1422.2997935988913,1324.7955452304197,147.09352740217744,373.3514774623997,0.0029838103852699582,0.12233929247946707
2025-08-15,1494.5833333333333,900.0,1900.0,12,15,8,4,1377.2973684210526,1373.2,1558.9166666666667,1342.988,1200.90625,1258.8002985074627,1331.3648395022153,1443.2767281227007,1332.6549797246155,163.09876068257591,368.16975583226645,0.0851566027797892,0.11287914213182337
2025-08-16,1379.9,700.0,2000.0,50,16,8,5,1494.5833333333333,1377.2973684210526,1373.2,1180.2068965517242,2253.345185185185,1290.4514035087718,1359.8924257091119,1380.8877863237592,1335.6365996076565,149.11819153562482,284.93575283150517,-0.0767326456649009,0.16920177642727752
2025-08-17,1412.857142857143,800.0,1900.0,28,17,8,6,1379.9,1494.5833333333333,1377.2973684210526,1188.764705882353,2100.5641025641025,1284.439393939394,1391.9056309912246,1331.7658606304049,1339.917191238248,128.94705493829264,197.04656450226585,0.023883718281862976,0.18850865597364685
2025-08-18,1407.5208333333333,600.0,2000.0,48,18,8,0,1412.857142857143,1379.9,1494.5833333333333,1146.5849056603774,1771.6666666666667,1267.4819298245613,1429.1821920873613,1305.7554439637381,1344.5851546885403,70.82706648451165,153.80058103654605,-0.0037769632625548333,0.22757662898297903
2025-08-19,1762.4406779661017,875.0,25000.0,59,19,8,1,1407.5208333333333,1412.857142857143,1379.9,1558.9166666666667,1194.8884057971015,1234.58,1458.2570508444235,1346.2948919758096,1362.180510620744,140.4822602765376,192.30818423832793,0.25215956753708335,0.13055477284402728
2025-08-20,1374.2631578947369,850.0,2000.0,57,20,8,2,1762.4406779661017,1407.5208333333333,1412.857142857143,1373.2,995.7012903225807,1266.304347826087,1458.4089305436717,1373.3350253738208,1365.7791376230323,140.37551032665942,163.70744952866238,-0.22024997772936727,0.0007742192650281865
2025-08-21,1354.392857142857,550.0,2000.0,56,21,8,3,1374.2631578947369,1762.4406779661017,1407.5208333333333,1377.2973684210526,1227.1666666666667,1221.1818181818182,1455.1368575039291,1382.422610407834,1370.2195055884001,142.826827649623,158.4150136705132,-0.01445887611679808,-0.01663004068936358
2025-08-22,1356.1538461538462,900.0,1700.0,26,22,8,4,1354.392857142857,1374.2631578947369,1762.4406779661017,1494.5833333333333,1342.988,1247.27868852459,1435.3612164782883,1383.3630279902518,1373.8486775093754,146.00290888282345,158.20184121149182,0.0013002054770903104,-0.09262078874568414
2025-08-23,1314.4473684210527,500.0,2200.0,38,23,8,5,1356.1538461538462,1354.392857142857,1374.2631578947369,1379.9,1180.2068965517242,1256.9454545454546,1426.0108405384385,1392.9516331237753,1375.7654079718952,152.11470552443708,148.7257333354759,-0.030753500313460913,-0.047432880338392214
2025-08-24,1307.421052631579,850.0,1866.0,19,24,8,6,1314.4473684210527,1356.1538461538462,1354.392857142857,1412.857142857143,1188.764705882353,1210.967213114754,1410.9485419347868,1401.4270864630055,1378.9805359557895,158.71132598696352,139.27531711382596,-0.005345452361408709,-0.0746261508168804
2025-08-25,1288.8360655737704,450.0,2400.0,61,25,8,0,1307.421052631579,1314.4473684210527,1356.1538461538462,1407.5208333333333,1146.5849056603774,1230.0344827586207,1393.993575111992,1411.5878835996766,1380.9405887162945,165.33961078956543,123.55496974512486,-0.01421499754834199,-0.08432185510070922
2025-08-26,1279.795918367347,800.0,2800.0,49,26,8,1,1288.8360655737704,1307.421052631579,1314.4473684210527,1762.4406779661017,1558.9166666666667,1184.8125,1325.0443237407412,1391.6506872925822,1384.1067026618728,36.58998890420441,120.43327669483631,-0.007014194782327787,-0.27385021557476663
2025-08-27,1234.0740740740741,850.0,2100.0,27,27,8,2,1279.795918367347,1288.8360655737704,1307.421052631579,1374.2631578947369,1373.2,1277.7931034482758,1305.017311766361,1381.7131211550163,1382.6494016827326,42.96992738462961,127.59962980487116,-0.035725886945788043,-0.10201036316466594
2025-08-28,1244.2622950819673,450.0,2400.0,61,28,8,3,1234.0740740740741,1279.795918367347,1288.8360655737704,1354.392857142857,1377.2973684210526,1187.979649122807,1289.284374329091,1372.21061591651,1384.5254898813714,42.02982727560093,132.80138903266496,0.008255761320921762,-0.08131360223887651
2025-08-29,1209.4772727272727,482.0,2500.0,44,29,8,4,1244.2622950819673,1234.0740740740741,1279.795918367347,1356.1538461538462,1494.5833333333333,1183.8648648648648,1268.3305781252948,1351.8458973017914,1385.379236810118,39.630069520947046,134.44234406072255,-0.027956342076895457,-0.10815629350796685
2025-08-30,1289.6129032258063,750.0,2000.0,31,30,8,5,1209.4772727272727,1244.2622950819673,1234.0740740740741,1314.4473684210527,1379.9,1228.7540983606557,1264.7827973831168,1345.3968189607774,1387.4078636389565,35.73356554312654,135.15669388022363,0.06625641697080775,-0.01889346488256749
2025-08-31,1241.4285714285713,800.0,1800.0,21,31,8,6,1289.6129032258063,1209.4772727272727,1244.2622950819673,1307.421052631579,1412.857142857143,1200.90625,1255.3553000684012,1333.151921001594,1388.7586076865757,31.00156275232927,136.33518946910726,-0.037363407016716366,-0.05047530867747452
2025-09-01,2062.630769230769,1000.0,3300.0,65,1,9,0,1241.4285714285713,1289.6129032258063,1209.4772727272727,1288.8360655737704,1407.5208333333333,2253.345185185185,1365.8974005908296,1379.945487851411,1382.401460488095,308.4375709106683,238.19649529997292,0.6614977427635655,0.6003825655767299
2025-09-02,2035.7142857142858,1200.0,2800.0,14,2,9,1,2062.630769230769,1241.4285714285713,1289.6129032258063,1279.795918367347,1762.4406779661017,2100.5641025641025,1473.8857387832497,1399.4650312619954,1380.2397999264347,393.78785256195306,279.557945636666,-0.013049588863896178,0.5906553978631797
2025-09-03,1739.2857142857142,1050.0,2650.0,28,3,9,2,2035.7142857142858,2062.630769230769,1241.4285714285713,1234.0740740740741,1374.2631578947369,1771.6666666666667,1546.0588302420551,1425.538071004208,1379.1604348470694,388.77544150473335,293.69137374535154,-0.1456140350877193,0.4093851826444863
2025-09-04,1208.3494545454546,831.0,2000.0,55,4,9,3,1739.2857142857142,2035.7142857142858,2062.630769230769,1244.2622950819673,1354.392857142857,1194.8884057971015,1540.928424451125,1415.106399390108,1379.6091364720148,393.62848174746756,298.9592043185569,-0.3052610938958372,-0.028862757216433166
2025-09-05,1010.9950943396227,240.0,1750.0,53,5,9,4,1208.3494545454546,1739.2857142857142,2035.7142857142858,1209.4772727272727,1356.1538461538462,995.7012903225807,1512.5738275386034,1390.452202831949,1380.1189299392493,427.2005532296659,317.83120915084356,-0.163325567337696,-0.1641057528432005
2025-09-06,1280.4289999999999,700.0,1766.0,60,6,9,5,1010.9950943396227,1208.3494545454546,1739.2857142857142,1289.6129032258063,1314.4473684210527,1227.1666666666667,1511.2618413634882,1388.0223193733023,1381.8943410503605,428.01274788391544,318.5861213441702,0.2665036726378678,-0.007121441792986127
2025-09-07,1301.3476923076923,800.0,1800.0,52,7,9,6,1280.4289999999999,1010.9950943396227,1208.3494545454546,1241.4285714285713,1307.421052631579,1342.988,1519.8217157747913,1387.5885079215964,1380.50633079395,422.2776595178677,318.70842828201785,0.016337252832989924,0.04826626538018952
2025-09-08,1165.4545454545455,850.0,1450.0,11,8,9,0,1301.3476923076923,1280.4289999999999,1010.9950943396227,2062.630769230769,1288.8360655737704,1180.2068965517242,1391.6536838067593,1378.7755421987947,1380.0145857573775,361.90598280134,323.32169080177454,-0.10442493397914754,-0.43496695441560473
2025-09-09,1248.909090909091,800.0,2500.0,44,9,9,1,1165.4545454545455,1301.3476923076923,1280.4289999999999,2035.7142857142858,1279.795918367347,1188.764705882353,1279.2529416917314,1376.5693402374905,1382.019398591602,224.71467627504697,324.1533458714334,0.07160686427457108,-0.3865007974481659
2025-09-10,1131.906976744186,750.0,2000.0,43,10,9,2,1248.909090909091,1165.4545454545455,1301.3476923076923,1739.2857142857142,1234.0740740740741,1146.5849056603774,1192.4845506143704,1369.2716904282129,1381.5301342943958,100.29915261783415,328.7258950329975,-0.09368345143499446,-0.3492115944797287
2025-09-12,1457.2222222222222,1160.0,2200.0,9,12,9,4,1131.906976744186,1248.909090909091,1165.4545454545455,1208.3494545454546,1244.2622950819673,1558.9166666666667,1228.0378031396228,1384.4831137953738,1378.140319479581,142.21206191861702,327.42090135272895,0.28740457666739716,0.20596092193411564
2025-09-13,1125.0,900.0,1500.0,10,13,9,5,1457.2222222222222,1131.906976744186,1248.909090909091,1010.9950943396227,1209.4772727272727,1373.2,1244.3242182339625,1378.449022886283,1369.8669861462477,117.61387641139513,331.645374174542,-0.2279832253145253,0.11276504337030913
2025-09-14,1650.0,600.0,9500.0,15,14,9,6,1125.0,1457.2222222222222,1131.906976744186,1280.4289999999999,1289.6129032258063,1377.2973684210526,1297.1200753768196,1404.190958370154,1378.957073865546,194.40319376322822,338.14238243316976,0.46666666666666656,0.2886306073979894
2025-09-15,1029.15,350.0,1840.0,40,15,9,0,1650.0,1125.0,1457.2222222222222,1301.3476923076923,1241.4285714285713,1494.5833333333333,1258.234690761435,1389.0282032681132,1363.4426294211014,219.0742595056901,350.5346376200919,-0.3762727272727272,-0.20916600069040847
2025-09-16,1174.2608695652175,750.0,2000.0,46,16,9,1,1029.15,1650.0,1125.0,1165.4545454545455,2062.630769230769,1379.9,1259.4927370629593,1325.5732104348594,1356.587991739942,218.47713670902652,295.26806638748513,0.1410006991840036,0.007556128332089962
2025-09-17,1112.6875,700.0,2000.0,48,17,9,2,1174.2608695652175,1029.15,1650.0,1248.909090909091,2035.7142857142858,1412.857142857143,1240.0325097902326,1259.6427257409819,1346.5823369780373,225.52990065329325,217.24611688260438,-0.05243585234004744,-0.10907246324064646
2025-09-18,1095.8775510204082,300.0,1850.0,49,18,9,3,1112.6875,1174.2608695652175,1029.15,1131.906976744186,1739.2857142857142,1407.5208333333333,1234.8854489725495,1213.68499979346,1336.1942275676063,228.79630392123818,171.1361219027354,-0.015107520287225173,-0.03183073031974126
2025-09-19,1070.7659574468084,750.0,1760.0,47,19,9,4,1095.8775510204082,1112.6875,1174.2608695652175,1457.2222222222222,1208.3494545454546,1762.4406779661017,1179.6774111474904,1203.8576071435566,1313.1384035502965,212.23122877507004,175.36417852634503,-0.022914598031703037,-0.2652006391901429
2025-09-20,1075.425,450.0,2000.0,40,20,9,5,1070.7659574468084,1095.8775510204082,1112.6875,1125.0,1010.9950943396227,1374.2631578947369,1172.5952682903478,1208.4597432621551,1303.177131620472,215.16676304376392,170.6968088047306,0.004351130628303501,-0.0440666666666667
2025-09-21,1111.388888888889,805.0,1700.0,18,21,9,6,1075.425,1070.7659574468084,1095.8775510204082,1650.0,1280.4289999999999,1354.392857142857,1095.6508238459032,1196.3854496113615,1295.0769993453398,45.03373886507705,171.19227693817152,0.03344155928018133,-0.3264309764309764
2025-09-22,1052.3783783783783,650.0,1900.0,37,22,9,0,1111.388888888889,1075.425,1070.7659574468084,1029.15,1301.3476923076923,1356.1538461538462,1098.9691636142431,1178.601927187839,1284.951150419491,39.87750228269231,172.37743843956298,-0.053096185413106234,0.022570449767651102
2025-09-23,1108.8478260869565,500.0,1900.0,46,23,9,1,1052.3783783783783,1111.388888888889,1075.425,1174.2608695652175,1165.4545454545455,1314.4473684210527,1089.6244431173486,1174.558590090154,1278.0978323416878,23.65999263497685,173.37058077210992,0.05365888245974104,-0.05570571682464465
2025-09-24,1131.595238095238,750.0,2000.0,42,24,9,2,1108.8478260869565,1052.3783783783783,1111.388888888889,1112.6875,1248.909090909091,1307.421052631579,1092.3255485595255,1166.179029174879,1272.2369718571429,27.49952348968461,172.3325210772913,0.02051445786619399,0.016992855671730034
2025-09-25,1208.9642857142858,700.0,1725.0,28,25,9,3,1131.595238095238,1108.8478260869565,1052.3783783783783,1095.8775510204082,1131.906976744186,1288.8360655737704,1108.4807963729365,1171.6831226727431,1269.5745791951601,52.12545253703563,172.38426343429143,0.06837166242346471,0.10319285634474284
2025-09-26,1073.2903225806451,800.0,1500.0,31,26,9,4,1208.9642857142858,1131.595238095238,1108.8478260869565,1070.7659574468084,1457.2222222222222,1279.795918367347,1108.8414199634847,1144.2594155554875,1262.6910593356035,51.82892827695789,152.90320603543083,-0.11222330116516321,0.002357532116407546
2025-09-27,1083.7619047619048,450.0,1825.0,42,27,9,5,1073.2903225806451,1208.9642857142858,1131.595238095238,1075.425,1125.0,1234.0740740740741,1110.0324063580424,1141.313837324195,1257.6806536918643,51.02258104253845,153.6979127769599,0.00975652343168587,0.007752195422186414
2025-09-28,1264.4,724.0,1790.0,10,28,9,6,1083.7619047619048,1073.2903225806451,1208.9642857142858,1111.388888888889,1650.0,1244.2622950819673,1131.8911365167728,1113.770980181338,1258.3519105224655,77.57008442943867,63.77104161104789,0.16667691902104664,0.1376755811047239
2025-09-29,1314.0,350.0,11000.0,54,29,9,0,1264.4,1083.7619047619048,1073.2903225806451,1052.3783783783783,1029.15,1209.4772727272727,1169.2656538912902,1134.1174087527666,1261.8360014315563,94.1329605751647,78.44790757526015,0.03922809237583036,0.2486003390004623
2025-09-30,1367.3863636363637,700.0,12000.0,44,30,9,1,1314.0,1264.4,1083.7619047619048,1108.8478260869565,1174.2608695652175,1289.6129032258063,1206.1997306840626,1147.9120869007056,1264.4284501119084,114.90481938937563,100.05451147779688,0.04062889165628891,0.23315961980262978
2025-10-01,1704.8776315789473,600.0,3300.0,76,1,10,2,1367.3863636363637,1314.0,1264.4,1131.595238095238,1112.6875,1241.4285714285713,1288.0972154674496,1190.2113820134875,1279.876752116921,214.23590484284998,178.46835310274082,0.2468148556382228,0.5066143566039469
2025-10-02,2100.0,1800.0,2400.0,2,2,10,3,1704.8776315789473,1367.3863636363637,1314.0,1208.9642857142858,1095.8775510204082,2062.630769230769,1415.3880317939802,1261.9344140834583,1281.122393142562,368.52986877046965,298.8259257761048,0.23175995807694183,0.7370240170157454
2025-10-03,1516.5901639344263,800.0,2500.0,61,3,10,4,2100.0,1704.8776315789473,1367.3863636363637,1073.2903225806451,1070.7659574468084,2035.7142857142858,1478.716580558806,1293.7790002611453,1263.8182557499,336.6558773030275,300.6361493263431,-0.2778142076502732,0.41302882549793263
2025-10-04,1168.3773333333334,776.0,2000.0,30,4,10,5,1516.5901639344263,2100.0,1704.8776315789473,1083.7619047619048,1075.425,1739.2857142857142,1490.8044989261527,1300.4184526420977,1244.7879763848207,321.2790859407324,296.4400551298943,-0.2296024587801222,0.07807566237532404
2025-10-05,988.7252173913043,300.0,1500.0,46,5,10,6,1168.3773333333334,1516.5901639344263,2100.0,1264.4,1111.388888888889,1208.3494545454546,1451.4223871249105,1291.6567618208414,1237.4671684796822,367.26227210731,304.1688470208747,-0.1537620688253929,-0.21802814189235664
2025-10-06,1349.2965625,687.0,1979.67,64,6,10,0,988.7252173913043,1168.3773333333334,1516.5901639344263,1314.0,1052.3783783783783,1010.9950943396227,1456.4647531963394,1312.8652035438147,1248.7438840850284,365.2981094174009,296.455207060043,0.36468306741487067,0.026861919710806648
2025-10-07,1276.51828125,400.0,1900.0,64,7,10,1,1349.2965625,988.7252173913043,1168.3773333333334,1367.3863636363637,1108.8478260869565,1280.4289999999999,1443.4835985697157,1324.8416646268893,1248.6135267933614,370.5676845766096,290.9141926204339,-0.05393794312731004,-0.0664538456743955
2025-10-08,1245.7777777777778,800.0,1600.0,27,8,10,2,1276.51828125,1349.2965625,988.7252173913043,1704.8776315789473,1131.595238095238,1301.3476923076923,1377.8979051695485,1332.9975603184994,1246.761196309031,356.97171268545793,286.64901253529393,-0.024081522312489168,-0.2692861031767898
2025-10-09,1175.0409302325581,800.0,2200.0,43,9,10,3,1245.7777777777778,1276.51828125,1349.2965625,2100.0,1208.9642857142858,1165.4545454545455,1245.7608952027715,1330.574463498376,1247.0807424682978,164.35277760905683,287.9187087785551,-0.05678127255681209,-0.44045669988925806
2025-10-10,1202.5,1000.0,1790.0,6,10,10,4,1175.0409302325581,1245.7777777777778,1276.51828125,1516.5901639344263,1073.2903225806451,1248.909090909091,1200.8908717835677,1339.8037261711868,1245.5337727713281,112.91648262278851,281.02543085321895,0.023368607050996415,-0.20710286233137332
2025-10-12,1596.8181818181818,1000.0,2700.0,11,12,10,6,1202.5,1175.0409302325581,1245.7777777777778,1168.3773333333334,1083.7619047619048,1131.906976744186,1262.0967072814033,1376.450603103778,1261.0308129404616,185.28312427345236,278.5092060455026,0.32791532791532796,0.36669732993066884
2025-10-13,1080.9756097560976,500.0,2250.0,41,13,10,0,1596.8181818181818,1202.5,1175.0409302325581,988.7252173913043,1264.4,1457.2222222222222,1275.2753347620878,1363.3488609434994,1248.4892591915907,164.74028234937254,288.32712018553076,-0.3230440246332438,0.09330235614723237
2025-10-14,1044.2978723404256,500.0,2000.0,47,14,10,1,1080.9756097560976,1596.8181818181818,1202.5,1349.2965625,1314.0,1125.0,1231.70409331072,1344.0844232535296,1245.7991882696049,181.39204236080033,300.6256847703427,-0.03393021737460633,-0.22604273859148316
2025-10-15,1051.404255319149,500.0,2000.0,47,15,10,2,1044.2978723404256,1080.9756097560976,1596.8181818181818,1276.51828125,1367.3863636363637,1650.0,1199.54494674917,1321.514272659443,1225.8459967802432,191.78055314042876,310.442905313586,0.006804938674055627,-0.17635002117667564
2025-10-16,1072.9791666666667,550.0,2000.0,48,16,10,3,1051.404255319149,1044.2978723404256,1080.9756097560976,1245.7777777777778,1704.8776315789473,1029.15,1174.8594308761542,1276.3786680228516,1227.3069690024652,195.91430207391147,296.0189029359268,0.020520091333441348,-0.13870741170174805
2025-10-17,1108.2,650.0,2290.0,25,17,10,4,1072.9791666666667,1051.404255319149,1044.2978723404256,1175.0409302325581,2100.0,1174.2608695652175,1165.3107265572173,1205.5358108799944,1225.1049400169582,197.52623667341422,179.49148293826462,0.032825272314234155,-0.05688391656223357
2025-10-18,1068.5555555555557,600.0,2000.0,27,18,10,5,1108.2,1072.9791666666667,1051.404255319149,1202.5,1516.5901639344263,1112.6875,1146.1758059222966,1173.5333388529323,1223.6338752021434,199.79789362778385,158.47690115324036,-0.035773727165172686,-0.11138831138831129
2025-10-19,1128.3333333333333,650.0,1770.0,6,19,10,6,1068.5555555555557,1108.2,1072.9791666666667,1596.8181818181818,1168.3773333333334,1095.8775510204082,1079.2493989958896,1170.6730531386463,1224.7157346125744,30.00273613922888,158.93781691971225,0.05594260164292386,-0.2933864693044881
2025-10-20,1358.3333333333333,1000.0,1875.0,3,20,10,0,1128.3333333333333,1068.5555555555557,1108.2,1080.9756097560976,988.7252173913043,1070.7659574468084,1118.8719309354947,1197.0736328487912,1234.3013138087917,109.76963180192739,157.07653272230928,0.20384047267355987,0.2565809265944643
2025-10-21,1000.0,850.0,1200.0,3,21,10,1,1358.3333333333333,1128.3333333333333,1068.5555555555557,1044.2978723404256,1349.2965625,1075.425,1112.5436634582911,1172.1238783845056,1231.787147142125,115.89157961915322,158.76950290856905,-0.263803680981595,-0.04241880933947273
2025-10-22,1150.0,1150.0,1150.0,2,22,10,2,1000.0,1358.3333333333333,1128.3333333333333,1051.404255319149,1276.51828125,1111.388888888889,1126.62876984127,1163.08685829522,1233.0741841791619,113.18227756331646,155.94593296190197,0.1499999999999999,0.09377529545086616
2025-10-23,1233.3333333333333,900.0,1500.0,3,23,10,3,1150.0,1000.0,1358.3333333333333,1072.9791666666667,1245.7777777777778,1052.3783783783783,1149.5365079365079,1162.197969406331,1239.1060160109942,116.68733180546855,155.47308930082963,0.0724637681159419,0.14944760499388376
2025-10-24,1445.0,800.0,1800.0,6,24,10,4,1233.3333333333333,1150.0,1000.0,1108.2,1175.0409302325581,1108.8478260869565,1197.6507936507935,1181.4807601040054,1250.311088474762,158.68242774415523,172.94751139791683,0.17162162162162176,0.3039162606027792
2025-10-26,1343.75,900.0,1700.0,8,26,10,6,1445.0,1233.3333333333333,1150.0,1068.5555555555557,1202.5,1131.595238095238,1236.9642857142858,1191.5700458182912,1257.3829138715876,155.42480509777747,178.30512487716524,-0.07006920415224915,0.257538733492773
2025-10-27,1292.3333333333333,800.0,1800.0,24,27,10,0,1343.75,1445.0,1233.3333333333333,1128.3333333333333,1596.8181818181818,1208.9642857142858,1260.392857142857,1169.8211280693733,1260.1618821255556,148.528326222562,139.397136241681,-0.03826356589147295,0.14534711964549474
2025-10-28,1349.2105263157894,900.0,1780.0,19,28,10,1,1292.3333333333333,1343.75,1445.0,1358.3333333333333,1080.9756097560976,1073.2903225806451,1259.0895989974938,1188.9807649664942,1269.3592222500604,147.5626049349878,144.58376522742452,0.044011240378480254,-0.00671617694543114
2025-10-29,1370.9130434782608,850.0,1800.0,23,29,10,2,1349.2105263157894,1292.3333333333333,1343.75,1000.0,1044.2978723404256,1083.7619047619048,1312.0771766372452,1212.3104200477683,1278.930926873939,96.92919493901759,145.78816097187237,0.01608534527353056,0.3709130434782608
2025-10-30,1316.857142857143,550.0,1825.0,28,30,10,3,1370.9130434782608,1349.2105263157894,1292.3333333333333,1150.0,1051.404255319149,1264.4,1335.9139113311228,1231.2713405861962,1280.6794983025104,66.01530180376757,140.41434145728806,-0.03943058305431835,0.14509316770186342
2025-10-31,1339.375,900.0,1800.0,16,31,10,4,1316.857142857143,1370.9130434782608,1349.2105263157894,1233.3333333333333,1072.9791666666667,1314.0,1351.0627208549322,1250.2996143957203,1281.5253316358437,48.35790107098642,135.26935258262517,0.017099696246474227,0.08597972972972978
2025-11-01,1699.1917808219177,400.0,3000.0,73,1,11,5,1339.375,1316.857142857143,1370.9130434782608,1445.0,1108.2,1367.3863636363637,1387.3758324009207,1292.513313025857,1292.5855122086955,139.74384605723378,174.14302222476684,0.26864528666125453,0.17591126700478732
2025-11-02,1516.8607142857145,900.0,2300.0,14,2,11,6,1699.1917808219177,1339.375,1316.857142857143,1343.75,1068.5555555555557,1704.8776315789473,1412.105934441737,1324.5351100780115,1286.3182816322546,145.91785978225838,170.9823294907578,-0.10730458362269601,0.12882657807308995
2025-11-03,1437.065934065934,650.0,3000.0,91,3,11,0,1516.8607142857145,1699.1917808219177,1339.375,1292.3333333333333,1128.3333333333333,2100.0,1432.7820202606797,1346.5874387017684,1264.2204794344523,136.03746588840286,163.4752903832469,-0.05260521250783112,0.11199324276445766
2025-11-04,1109.9625,700.0,2000.0,56,4,11,1,1437.065934065934,1516.8607142857145,1699.1917808219177,1349.2105263157894,1358.3333333333333,1516.5901639344263,1398.6037307869958,1328.8466648922447,1250.6662239699715,182.61449034955018,175.16175428979022,-0.22761894657153992,-0.17732445874780556
2025-11-05,1047.2916666666667,625.0,1450.0,24,5,11,2,1109.9625,1437.065934065934,1516.8607142857145,1370.9130434782608,1000.0,1168.3773333333334,1352.3721055281965,1332.2246410827208,1246.6300350810825,226.4877342256901,168.66777998079405,-0.05646211771418708,-0.2360626579133761
2025-11-06,1366.8357627118644,825.0,2401.0,59,6,11,3,1047.2916666666667,1109.9625,1437.065934065934,1316.857142857143,1150.0,988.7252173913043,1359.5119083645855,1347.712909847854,1259.233719925101,225.96873302956607,160.40054656519476,0.3051147127545153,0.03795295497754947
2025-11-07,1315.7241379310344,875.0,1850.0,58,7,11,4,1366.8357627118644,1047.2916666666667,1109.9625,1339.375,1233.3333333333333,1349.2965625,1356.1332137833047,1353.5979673191184,1258.1146391061354,226.4962010584528,157.3638798317982,-0.03739412310914525,-0.01765813313595188
2025-11-08,1231.0471186440677,700.0,1750.0,59,8,11,5,1315.7241379310344,1366.8357627118644,1047.2916666666667,1699.1917808219177,1445.0,1276.51828125,1289.2554049007545,1338.3156186508375,1256.598933685938,170.51492412471558,158.1914018828576,-0.06435773035229153,-0.27551019694280965
2025-11-09,1107.9056603773586,350.0,2200.0,53,9,11,6,1231.0471186440677,1315.7241379310344,1366.8357627118644,1516.8607142857145,1343.75,1245.7777777777778,1230.833254342418,1321.4695943920776,1252.0031964392574,148.1235719160388,169.70674527412828,-0.10002984971228623,-0.2696062005277339
2025-11-10,954.4285714285714,550.0,1450.0,14,10,11,0,1107.9056603773586,1231.0471186440677,1315.7241379310344,1437.065934065934,1292.3333333333333,1175.0409302325581,1161.8850596799377,1297.3335399703087,1244.6494511457909,148.45549897935166,196.13955690879052,-0.13852902321711402,-0.3358491431717556
2025-11-12,1442.142857142857,750.0,3200.0,21,12,11,2,954.4285714285714,1107.9056603773586,1231.0471186440677,1109.9625,1349.2105263157894,1202.5,1209.3393964146314,1303.9715636008136,1252.6375463838863,179.0341184308139,199.57282550035166,0.5110013471037269,0.2992716935417701
2025-12-01,1909.8275862068965,1150.0,3000.0,29,1,12,0,1442.142857142857,954.4285714285714,1107.9056603773586,1047.2916666666667,1370.9130434782608,1596.8181818181818,1332.558813491807,1342.465459510002,1263.0711931968435,302.8922683842929,257.14654650078677,0.3242984748339055,0.8235871123519201
2025-12-02,2309.1666666666665,1600.0,2700.0,24,2,12,1,1909.8275862068965,1442.142857142857,954.4285714285714,1366.8357627118644,1316.857142857143,1080.9756097560976,1467.177514056779,1413.3447112106821,1304.0108950938625,478.9215289453758,364.0728777887473,0.20909692756763265,0.689425115776291
2025-12-03,1429.5245901639344,875.0,2500.0,61,3,12,2,2309.1666666666665,1909.8275862068965,1442.142857142857,1315.7241379310344,1339.375,1044.2978723404256,1483.434721518622,1419.7839676509632,1316.8517856879794,474.8376082586641,363.46066959113176,-0.38093485810295147,0.08649263850388134
2025-12-04,1074.2461363636364,662.0,1700.0,44,4,12,3,1429.5245901639344,2309.1666666666665,1909.8275862068965,1231.0471186440677,1699.1917808219177,1051.404255319149,1461.0345811928457,1375.1449930468002,1317.6131817227956,492.11244606473923,364.8791467419839,-0.24852909578810078,-0.12737203954722642
2025-12-05,988.1563888888891,350.0,1606.0,36,5,12,4,1074.2461363636364,1429.5245901639344,2309.1666666666665,1107.9056603773586,1516.8607142857145,1072.9791666666667,1443.9275424087787,1337.3803983755984,1314.7857557968698,508.2507832490366,376.26594747755377,-0.0801396854599491,-0.10808616272226845
2025-12-06,1340.4435294117648,700.0,2025.0,68,6,12,5,988.1563888888891,1074.2461363636364,1429.5245901639344,954.4285714285714,1437.065934065934,1108.2,1499.072536406378,1330.4787980431577,1322.5272067772617,465.4256220303221,375.1814073557924,0.35650950040306606,0.40444614666701884
2025-12-07,1273.3090909090909,550.0,1933.0,55,7,12,6,1340.4435294117648,988.1563888888891,1074.2461363636364,1442.142857142857,1109.9625,1068.5555555555557,1474.953426944411,1342.1464116795212,1329.3523246223797,473.17757109196754,370.30436777693075,-0.050083749915324605,-0.11707145751722281
2025-12-08,1296.3934426229507,670.0,1900.0,61,8,12,0,1273.3090909090909,1340.4435294117648,988.1563888888891,1909.8275862068965,1047.2916666666667,1128.3333333333333,1387.3199778609905,1359.939395676399,1334.954328265367,434.43312997625503,360.9124091413161,0.018129417184462815,-0.3211987029689344
2025-12-09,1042.6364285714285,700.0,1800.0,42,9,12,1,1296.3934426229507,1273.3090909090909,1340.4435294117648,2309.1666666666665,1366.8357627118644,1358.3333333333333,1206.3870867045277,1336.7823003806534,1324.431098106637,169.43106774290197,370.7038077576507,-0.19574074174434564,-0.5484793524771872
2025-12-10,1141.1904761904761,600.0,1900.0,21,10,12,2,1042.6364285714285,1296.3934426229507,1273.3090909090909,1429.5245901639344,1315.7241379310344,1000.0,1165.1964989940338,1324.3156102563278,1329.137447312986,138.33830589047005,374.3829722177113,0.09452388667647238,-0.20169930336098152
2025-12-12,1620.625,1300.0,2030.0,16,12,12,4,1141.1904761904761,1042.6364285714285,1296.3934426229507,1074.2461363636364,1231.0471186440677,1150.0,1243.250622370657,1352.1426017817516,1344.824947312986,212.65031902678507,381.33100814475495,0.42011788024201957,0.5086160844719223
2025-12-15,1994.5454545454545,650.0,2500.0,11,15,12,0,1620.625,1141.1904761904761,1042.6364285714285,988.1563888888891,1107.9056603773586,1233.3333333333333,1387.0204888930236,1415.4740156509013,1370.1986846867233,323.0075810129577,410.1829780232319,0.2307260807067979,1.0184512056721888
2025-12-16,1883.75,800.0,2400.0,8,16,12,1,1994.5454545454545,1620.625,1141.1904761904761,1340.4435294117648,954.4285714285714,1445.0,1464.6356989770572,1481.8541176917176,1384.8236846867233,371.57442783969753,404.99591884009794,-0.05554922515952598,0.4053184327926578
2025-12-17,1920.7777777777778,1300.0,2500.0,27,17,12,2,1883.75,1994.5454545454545,1620.625,1273.3090909090909,1442.142857142857,1343.75,1557.1312256725837,1516.0423263084976,1404.0579439459827,395.80658164341287,421.2614162117774,0.019656418196564163,0.5084929429086387
2025-12-18,1692.8947368421052,800.0,2200.0,19,18,12,3,1920.7777777777778,1883.75,1994.5454545454545,1296.3934426229507,1909.8275862068965,1292.3333333333333,1613.7742677038918,1500.5471227824412,1417.4099907296081,380.3431784618943,409.4878485845913,-0.11864102322097836,0.30584950616297957
2025-12-19,1620.0,1200.0,2200.0,15,19,12,4,1692.8947368421052,1920.7777777777778,1883.75,1042.6364285714285,2309.1666666666665,1349.2105263157894,1696.2547779079734,1451.3209323062506,1426.4363065190819,286.99148852768644,340.398211298804,-0.04305922586662514,0.5537534998845648
2025-12-20,1487.0740740740741,550.0,2300.0,27,20,12,5,1620.0,1692.8947368421052,1920.7777777777778,1141.1904761904761,1429.5245901639344,1370.9130434782608,1745.6667204627731,1455.4316097284034,1430.3083408722757,188.30564439675575,340.46222975558106,-0.08205304069501596,0.3030901546236411
2025-12-21,1325.0,1250.0,1400.0,2,21,12,6,1487.0740740740741,1620.0,1692.8947368421052,1620.625,1074.2461363636364,1316.857142857143,1703.4345776056302,1473.3425999881438,1430.5797694437047,245.49075844334607,325.11627248803507,-0.10898856815521407,-0.1824141920555341
2025-12-22,1566.8181818181818,1150.0,2400.0,11,22,12,0,1325.0,1487.0740740740741,1620.0,1994.5454545454545,988.1563888888891,1339.375,1642.3306815017343,1514.675585197379,1438.1612088376437,211.88714330128832,293.98088424302017,0.18250428816466546,-0.21444849589790338
2025-12-23,1413.5,700.0,2310.0,10,23,12,1,1566.8181818181818,1325.0,1487.0740740740741,1883.75,1340.4435294117648,1699.1917808219177,1575.1521100731627,1519.89390452511,1428.638149476913,196.5818062183352,291.28631720594996,-0.09785320568610378,-0.24963503649635033
2025-12-24,1530.0,900.0,2100.0,17,24,12,2,1413.5,1566.8181818181818,1325.0,1920.7777777777778,1273.3090909090909,1516.8607142857145,1519.326713247766,1538.228969460175,1429.0761256673893,124.25291785251606,282.5177952273432,0.08241952599929259,-0.2034476774454793
2025-12-25,1254.3333333333333,550.0,1800.0,15,25,12,3,1530.0,1413.5,1566.8181818181818,1692.8947368421052,1296.3934426229507,1437.065934065934,1456.6750841750843,1535.2246759394877,1422.9850389763026,132.44607190286115,285.49523899020363,-0.18017429193899792,-0.2590600549251256
2025-12-26,1438.4375,900.0,2350.0,16,26,12,4,1254.3333333333333,1530.0,1413.5,1620.0,1042.6364285714285,1109.9625,1430.737584175084,1563.4961810415286,1433.9342056429693,111.20557223640989,250.40468680946097,0.14677451501461602,-0.11207561728395066
2025-12-27,1437.923076923077,800.0,2200.0,26,27,12,5,1438.4375,1254.3333333333333,1530.0,1487.0740740740741,1141.1904761904761,1047.2916666666667,1423.7160131535131,1584.6913668081431,1446.9552526515165,108.5762326456853,222.96425840212717,-0.00035762629723090633,-0.03305215120612004
2025-12-28,1483.3333333333333,1200.0,2000.0,6,28,12,6,1437.923076923077,1438.4375,1254.3333333333333,1325.0,1620.625,1366.8357627118644,1446.3350607725608,1574.8848191890954,1450.8385050055654,100.797498463776,224.27758461870164,0.03158044900943313,0.11949685534591192
2025-12-29,1751.6,1400.0,2000.0,10,29,12,0,1483.3333333333333,1437.923076923077,1438.4375,1566.8181818181818,1994.5454545454545,1315.7241379310344,1472.7324633699632,1557.5315724358486,1465.3677004078643,149.86302345627863,197.05582347536517,0.18085393258426974,0.1179344357412242
2025-12-30,1388.076923076923,900.0,2000.0,13,30,12,1,1751.6,1483.3333333333333,1437.923076923077,1413.5,1883.75,1231.0471186440677,1469.1005952380951,1522.1263526556288,1470.6020272222927,151.83285619351534,177.49322193592337,-0.20753772375147117,-0.017985905145438186
2025-12-31,1461.3333333333333,800.0,2300.0,12,31,12,2,1388.076923076923,1751.6,1483.3333333333333,1530.0,1920.7777777777778,1107.9056603773586,1459.2910714285715,1489.3088923381686,1482.3829496541584,149.44190781863458,135.65935915834896,0.052775468735568376,-0.04488017429193902
2026-01-01,1729.25,1200.0,2400.0,8,1,1,3,1461.3333333333333,1388.076923076923,1751.6,1254.3333333333333,1692.8947368421052,954.4285714285714,1527.1363095238096,1491.9056968494467,1508.2103306065394,148.68681697882138,140.1304705256249,0.1833371350364965,0.37862078129152277
2026-01-02,1399.4444444444443,800.0,1900.0,9,2,1,4,1729.25,1461.3333333333333,1388.076923076923,1438.4375,1620.0,1442.142857142857,1521.5658730158727,1476.1517285954785,1506.787050183259,153.2248579245788,136.98440154960548,-0.19072173228599432,-0.027107924783353887
2026-01-03,926.0,500.0,2340.0,15,3,1,5,1399.4444444444443,1729.25,1461.3333333333333,1437.923076923077,1487.0740740740741,1909.8275862068965,1448.4340048840047,1436.075009018759,1473.9927973096958,274.20547141507546,200.7683433520316,-0.338308852719333,-0.356015620820628
2026-01-04,973.5555555555555,575.0,1300.0,9,4,1,6,926.0,1399.4444444444443,1729.25,1483.3333333333333,1325.0,2309.1666666666665,1375.608608058608,1410.9718344155842,1429.4724269393255,326.16423594939727,234.8104433451551,0.05135589152867759,-0.3436704119850187
2026-01-15,1537.7142857142858,450.0,4000.0,7,15,1,3,973.5555555555555,926.0,1399.4444444444443,1751.6,1566.8181818181818,1429.5245901639344,1345.0535060177917,1408.8929846938775,1433.0787501243371,293.4484841114457,233.4494407933537,0.5794828317083511,-0.12210876586304753
2026-01-16,1197.5,800.0,1550.0,20,16,1,4,1537.7142857142858,973.5555555555555,926.0,1388.076923076923,1413.5,1074.2461363636364,1317.8282312925169,1393.4644132653061,1437.1872122455493,297.60280873435534,240.16269105092192,-0.2212467484206615,-0.13729564976447772
2026-01-17,1305.7894736842106,800.0,2300.0,19,17,1,5,1197.5,1537.7142857142858,973.5555555555555,1461.3333333333333,1530.0,988.1563888888891,1295.6076799140708,1377.4493756713211,1447.7749817387266,290.83200696379544,237.82180220045075,0.0904296231183388,-0.10643968497887046
2026-01-18,950.0,900.0,1000.0,2,18,1,6,1305.7894736842106,1197.5,1537.7142857142858,1729.25,1254.3333333333333,1340.4435294117648,1184.2862513426423,1355.711280433226,1434.7601974250013,242.26408492914206,262.5627407396065,-0.27247077791213226,-0.4506288853549226
2026-01-19,1280.3846153846155,950.0,2100.0,13,19,1,0,950.0,1305.7894736842106,1197.5,1399.4444444444443,1438.4375,1273.3090909090909,1167.2777043340955,1344.4217886749843,1434.9960482408521,228.42509125628203,262.1296873754732,0.3477732793522268,-0.08507649555684482
2026-01-20,1320.0,950.0,2100.0,10,20,1,1,1280.3846153846155,950.0,1305.7894736842106,926.0,1437.923076923077,1296.3934426229507,1223.5634186198097,1335.9987117519072,1435.7829334867536,206.55940689012715,260.78525010738485,0.03094022228897564,0.4254859611231101
2026-01-21,1425.111111111111,1100.0,1750.0,9,21,1,2,1320.0,1280.3846153846155,950.0,973.5555555555555,1483.3333333333333,1042.6364285714285,1288.071355127746,1331.839981593177,1448.5320895714096,184.83747595109818,258.7109621607711,0.07962962962962972,0.4638210454234193
2026-01-22,1395.2941176470588,900.0,2100.0,17,22,1,3,1425.111111111111,1320.0,1280.3846153846155,1537.7142857142858,1751.6,1141.1904761904761,1267.725616832428,1306.3895614251098,1457.0022109532958,158.78016229932643,230.19515552664745,-0.020922574549857353,-0.09261809517564001
2026-01-23,1458.2857142857142,1050.0,2270.0,14,23,1,4,1395.2941176470588,1425.111111111111,1320.0,1197.5,1388.076923076923,1620.625,1304.9807188732443,1311.4044750828805,1451.5909014294862,169.77080369536083,232.86097706860266,0.04514574801252702,0.21777512675216215
2026-01-24,1266.774193548387,600.0,2260.0,31,24,1,5,1458.2857142857142,1395.2941176470588,1425.111111111111,1305.7894736842106,1461.3333333333333,1994.5454545454545,1299.4071074252695,1297.5073936696701,1427.3318593962506,170.379176742766,228.99856325141562,-0.1313264738598442,-0.029878690954479925
2026-01-25,1212.5,700.0,1600.0,8,25,1,6,1266.774193548387,1458.2857142857142,1395.2941176470588,950.0,1729.25,1883.75,1336.9071074252695,1260.596679383956,1404.9568593962506,91.1026452296071,192.8481692293037,-0.042844410491469254,0.2763157894736843
2026-01-26,1393.3333333333333,1000.0,2310.0,6,26,1,0,1212.5,1266.774193548387,1458.2857142857142,1280.3846153846155,1399.4444444444443,1920.7777777777778,1353.0426385608007,1260.160171447448,1387.3753779147692,89.40990914094498,192.51634551325114,0.1491408934707903,0.08821467908280756
2026-01-27,1270.3333333333333,800.0,1950.0,15,27,1,1,1393.3333333333333,1212.5,1266.774193548387,1320.0,926.0,1692.8947368421052,1345.9474004655626,1284.755409542686,1373.2899977978102,94.30571518409864,166.82200912963316,-0.08827751196172251,-0.037626262626262674
2026-01-28,1263.4642857142858,700.0,2310.0,28,28,1,2,1270.3333333333333,1393.3333333333333,1212.5,1425.111111111111,973.5555555555555,1620.0,1322.8549968374446,1305.4631759825954,1361.4054739882863,91.43774284263824,141.25513633952306,-0.005407279679124244,-0.11342752444810755
2026-01-29,1143.5294117647059,350.0,2310.0,17,29,1,3,1263.4642857142858,1270.3333333333333,1393.3333333333333,1395.2941176470588,1537.7142857142858,1487.0740740740741,1286.8886102828226,1277.3071135576254,1349.9539852446405,106.4740480135679,130.25786500811304,-0.09492541681285127,-0.1804384485666104
2026-01-30,1193.8125,876.0,2300.0,16,30,1,4,1143.5294117647059,1263.4642857142858,1270.3333333333333,1458.2857142857142,1197.5,1325.0,1249.1067225277206,1277.0437207004827,1345.5810685779738,78.86088505590243,130.43526305050574,0.04397183641975322,-0.18135898315047017
2026-01-31,1223.0,825.0,2033.0,16,31,1,5,1193.8125,1143.5294117647059,1263.4642857142858,1266.774193548387,1305.7894736842106,1566.8181818181818,1242.8532663065228,1271.1301868658961,1334.120462517368,78.96192814335878,130.90762423893867,0.024448981728705244,-0.03455564043799342
2026-02-01,1273.6363636363637,900.0,2310.0,11,1,2,6,1223.0,1193.8125,1143.5294117647059,1212.5,950.0,1413.5,1251.5870325402886,1294.2470699827793,1329.458341305247,78.42432039240445,92.89311438645966,0.04140340444510526,0.050421743205248504
2026-02-02,1119.5,750.0,1875.0,18,2,2,0,1273.6363636363637,1223.0,1193.8125,1393.3333333333333,1280.3846153846155,1530.0,1212.4679849212412,1282.755311741021,1315.7750079719137,62.643322794613425,104.02448780517165,-0.12102069950035699,-0.1965311004784689
2026-02-03,1061.0384615384614,600.0,2290.0,26,3,2,1,1119.5,1273.6363636363637,1223.0,1270.3333333333333,1320.0,1254.3333333333333,1182.568717521974,1264.2580589937681,1309.3318455787512,78.38989519541991,118.85846161010244,-0.05222111519565753,-0.16475586863936387
2026-02-04,950.2,600.0,1300.0,10,4,2,2,1061.0384615384614,1119.5,1273.6363636363637,1263.4642857142858,1425.111111111111,1438.4375,1137.8166767056473,1230.335836771546,1293.0572622454176,108.24491199864018,135.95928701940275,-0.10446224671040694,-0.24794075246629166
2026-02-14,1195.0,750.0,2000.0,10,14,2,5,950.2,1061.0384615384614,1119.5,1143.5294117647059,1395.2941176470588,1437.923076923077,1145.169617882118,1216.0291140824704,1284.9598263479818,110.42388234667894,127.54362601515761,0.25762997263733944,0.04501028806584362
2026-02-15,1183.3333333333333,1000.0,1500.0,3,15,2,6,1195.0,950.2,1061.0384615384614,1193.8125,1458.2857142857142,1483.3333333333333,1143.6725940725942,1196.3896583001574,1274.959826347982,109.72332962910423,106.86322444027071,-0.009762900976290179,-0.008777899935430988
2026-02-16,1168.090909090909,800.0,1850.0,11,16,2,0,1183.3333333333333,1195.0,950.2,1223.0,1266.774193548387,1751.6,1135.8284382284382,1189.3408522674804,1255.5095233176787,104.96662620423118,105.10360114774736,-0.012880921895006447,-0.044897048985356514
2026-02-17,1089.4444444444443,750.0,1600.0,9,17,2,1,1168.090909090909,1183.3333333333333,1195.0,1273.6363636363637,1212.5,1388.076923076923,1109.5153069153068,1180.551169727798,1245.5551073632628,86.04431040438335,108.12005349079958,-0.06732906149203144,-0.14461892299151413
2026-02-18,1083.75,800.0,1600.0,8,18,2,2,1089.4444444444443,1168.090909090909,1183.3333333333333,1119.5,1393.3333333333333,1461.3333333333333,1104.408164058164,1158.4380744897028,1232.9689962521518,86.41307453649284,91.65892845300208,-0.005226925038245733,-0.03193389906208133
2026-02-19,1117.6666666666667,800.0,1675.0,6,19,2,3,1083.75,1089.4444444444443,1168.090909090909,1061.0384615384614,1270.3333333333333,1729.25,1112.4979076479076,1147.5333125849406,1212.5828851410408,84.30111292309493,86.24412320686795,0.03129565551710889,0.053370548930051775
2026-02-20,1039.2857142857142,800.0,1500.0,7,20,2,4,1117.6666666666667,1083.75,1089.4444444444443,950.2,1263.4642857142858,1399.4444444444443,1125.2244382601525,1131.5205574829,1200.5775941357497,58.4889280127417,83.84164087676092,-0.07012909547952806,0.09375469825901295
2026-02-21,1061.6666666666667,800.0,1500.0,15,21,2,5,1039.2857142857142,1117.6666666666667,1083.75,1195.0,1143.5294117647059,926.0,1106.1768192125335,1125.6732185473256,1205.099816357972,53.47430375830671,85.77212383269286,0.02153493699885467,-0.11157601115760107
2026-02-22,1076.923076923077,700.0,1500.0,13,22,2,6,1061.6666666666667,1039.2857142857142,1117.6666666666667,1183.3333333333333,1193.8125,973.5555555555555,1090.9753540110682,1117.323974041831,1208.545400403556,41.717440260597535,84.30568016548344,0.014370245139475823,-0.08992416034669548
2026-02-23,1106.7083333333333,700.0,2290.0,24,23,2,0,1076.923076923077,1061.6666666666667,1039.2857142857142,1168.090909090909,1223.0,1537.7142857142858,1082.206414617129,1109.0174264227835,1194.1785353241908,26.471766871517726,78.63063960677516,0.027657738095238082,-0.052549485044231736
2026-02-24,1118.5384615384614,700.0,1500.0,13,24,2,1,1106.7083333333333,1076.923076923077,1061.6666666666667,1089.4444444444443,1273.6363636363637,1197.5,1086.362702773417,1097.939004844362,1191.5464840421396,29.864226333095182,63.03181307854537,0.01068947241907603,0.02670537010159646
2026-02-26,999.4,700.0,1501.0,10,26,2,3,1118.5384615384614,1106.7083333333333,1076.923076923077,1083.75,1119.5,1305.7894736842106,1074.312702773417,1089.3604334157906,1181.3335015859993,44.51685082587906,67.85952431005876,-0.10651261948971869,-0.07783160322952709
2026-02-27,898.2727272727273,500.0,1600.0,11,27,2,4,999.4,1118.5384615384614,1106.7083333333333,1117.6666666666667,1061.0384615384614,950.0,1042.9707114314256,1077.7343095396666,1179.6092591617569,75.41525473975996,84.89085221772555,-0.10118798551858388,-0.19629639671393329
2026-02-28,1006.2692307692307,300.0,1867.0,26,28,2,5,898.2727272727273,999.4,1118.5384615384614,1039.2857142857142,950.2,1280.3846153846155,1038.2540709290708,1081.7392545946118,1170.4720796745773,76.70555877315509,79.56692464096535,0.1202268534016333,-0.031768437747819234
2026-03-01,1463.0,800.0,1875.0,15,1,3,6,1006.2692307692307,898.2727272727273,999.4,1061.6666666666667,1195.0,1320.0,1095.587404262404,1100.882111737469,1175.238746341244,178.95699358858488,127.00790868218125,0.4538852578068264,0.378021978021978
2026-03-04,960.0,600.0,1350.0,23,4,3,2,1463.0,1006.2692307692307,898.2727272727273,1076.923076923077,1183.3333333333333,1425.111111111111,1078.8841075591076,1084.929730785088,1159.7350426375403,186.29556246274686,129.8490195259142,-0.3438140806561859,-0.10857142857142854
2026-03-15,940.3846153846154,715.0,1200.0,13,15,3,6,960.0,1463.0,1006.2692307692307,1106.7083333333333,1168.090909090909,1395.2941176470588,1055.1235764235764,1068.6649955203527,1144.5713925621253,192.65348922942215,132.85732907539233,-0.02043269230769229,-0.15028685782798956
2026-03-16,939.3435294117647,350.0,1514.0,34,16,3,0,940.3846153846154,960.0,1463.0,1118.5384615384614,1089.4444444444443,1458.2857142857142,1029.5243004054769,1057.943501589447,1127.273319732994,194.71710786719694,137.04206502074499,-0.0011070852881028825,-0.16020453322653583
2026-03-17,1027.3636363636363,650.0,1600.0,11,17,3,1,939.3435294117647,940.3846153846154,960.0,999.4,1083.75,1266.774193548387,1033.519105600282,1053.9159041868495,1119.2929678268354,194.28243971572454,137.0538663985364,0.09370385188791519,0.027980424618407218
2026-03-18,1058.3333333333333,700.0,1600.0,9,18,3,2,1027.3636363636363,939.3435294117647,940.3846153846154,898.2727272727273,1117.6666666666667,1212.5,1056.3849064660828,1049.6778089487543,1114.1540789379467,184.90459134104424,135.84289666836804,0.03014482494174553,0.17818709307425018
2026-03-23,891.8844827586207,250.0,1572.0,29,23,3,0,1058.3333333333333,1027.3636363636363,939.3435294117647,1006.2692307692307,1039.2857142857142,1393.3333333333333,1040.044228178853,1039.149149553962,1097.439117252123,194.85803869961615,142.2704910956661,-0.15727450448004332,-0.11367211131276456
2026-03-24,923.7916666666666,500.0,1400.0,24,24,3,1,891.8844827586207,1058.3333333333333,1027.3636363636363,1463.0,1061.6666666666667,1270.3333333333333,963.014466274091,1029.3009352682477,1085.887728363234,59.028121945897176,145.33094646684975,0.03577501854203824,-0.36856345408976987
2026-03-25,881.2222222222222,600.0,1200.0,27,25,3,2,923.7916666666666,891.8844827586207,1058.3333333333333,960.0,1076.923076923077,1263.4642857142858,951.7604980201229,1015.3223027896153,1073.146326246832,66.7086159510795,149.74283046155935,-0.04608121720565905,-0.08206018518518521
2026-03-26,853.8235294117648,275.0,1175.0,17,26,3,3,881.2222222222222,923.7916666666666,891.8844827586207,940.3846153846154,1106.7083333333333,1143.5294117647059,939.3946285954297,997.2591025095031,1063.4894635017338,76.47665513160358,153.08630972636897,-0.031091695283585574,-0.09204859858053649
2026-03-27,980.0,650.0,1600.0,18,27,3,4,853.8235294117648,881.2222222222222,923.7916666666666,939.3435294117647,1118.5384615384614,1193.8125,945.2026958223205,987.3634981138987,1056.3623801684005,78.00078070346622,149.06857193852582,0.14777816052359616,0.04328179128853438
2026-03-28,1017.9411764705883,750.0,1550.0,17,28,3,5,980.0,853.8235294117648,881.2222222222222,1027.3636363636363,999.4,1223.0,943.8566301233137,988.6878678617979,1049.5270860507533,76.41172892999244,149.2659656400954,0.038715486194477844,-0.009171494453900308
2026-03-29,999.0909090909091,750.0,1400.0,11,29,3,6,1017.9411764705883,980.0,853.8235294117648,1058.3333333333333,898.2727272727273,1273.6363636363637,935.3934266601102,995.8891665630965,1040.3755708992383,63.87102005036136,146.9828808078292,-0.018518032097922354,-0.05597709377236926
2026-03-30,1031.0625,675.0,2310.0,16,30,3,0,999.0909090909091,1017.9411764705883,980.0,891.8844827586207,1006.2692307692307,1119.5,955.2760005517359,997.6601143652944,1037.4276542325717,69.4854533889897,147.2666561884042,0.03200068243858056,0.1560493762722479
2026-03-31,1005.5555555555555,600.0,1600.0,9,31,3,1,1031.0625,999.0909090909091,1017.9411764705883,923.7916666666666,1463.0,1061.0384615384614,966.9565561072914,964.9855111906912,1035.5782240331414,70.17964106566275,62.333715692413875,-0.024738504643942005,0.08850901327560035
2026-04-01,1308.3333333333333,1000.0,1550.0,6,1,4,2,1005.5555555555555,1031.0625,999.0909090909091,881.2222222222222,960.0,950.2,1027.9724291231646,989.8664635716435,1047.516001810919,137.03908373400284,110.83855342350378,0.30110497237569045,0.48468036817551385
2026-04-02,1197.8181818181818,801.0,1725.0,11,2,4,3,1308.3333333333333,1005.5555555555555,1031.0625,853.8235294117648,940.3846153846154,1195.0,1077.1145223240812,1008.2545754597555,1047.6099412048586,125.36173392267904,122.71579129264558,-0.08447017950202662,0.40288729527448086
2026-04-03,907.25,650.0,2000.0,16,3,4,4,1197.8181818181818,1308.3333333333333,1005.5555555555555,980.0,939.3435294117647,1183.3333333333333,1066.721665181224,1005.9621805017723,1038.4071634270808,137.21031978536595,124.39044347874697,-0.24258120825743767,-0.074234693877551
2026-04-04,1035.608695652174,600.0,1500.0,23,4,4,5,907.25,1197.8181818181818,1308.3333333333333,1017.9411764705883,1027.3636363636363,1168.090909090909,1069.245596492879,1006.5511133080963,1033.9910896457895,136.32309679753453,124.51901595170796,0.1414810643727462,0.01735612979410317
2026-04-14,816.6666666666666,800.0,850.0,3,14,4,1,1035.608695652174,907.25,1197.8181818181818,999.0909090909091,1058.3333333333333,1089.4444444444443,1043.184990432273,989.2892085461916,1024.8984970531972,166.14465064755248,133.23428962603788,-0.21141385728480078,-0.18259023354564763
2026-04-15,843.5,500.0,1400.0,22,15,4,2,816.6666666666666,1035.608695652174,907.25,1031.0625,891.8844827586207,1083.75,1016.3903475751301,985.8331740634329,1016.8901637198636,182.72280466211964,136.54176070118706,0.03285714285714292,-0.1819118627629266
2026-04-16,865.3,350.0,1300.0,20,16,4,3,843.5,816.6666666666666,1035.608695652174,1005.5555555555555,923.7916666666666,1117.6666666666667,996.3538396386223,981.6551978729568,1008.4779414976415,191.58392804972996,139.4500743356977,0.025844694724362682,-0.13948066298342543
2026-04-17,874.1666666666666,500.0,1780.0,24,17,4,4,865.3,843.5,816.6666666666666,1308.3333333333333,881.2222222222222,1039.2857142857142,934.3300301148128,981.1512296189885,1002.9739732436733,135.95111807786753,139.85312295014845,0.010246927847759935,-0.3318471337579618
2026-04-18,848.3125,600.0,1160.0,16,18,4,5,874.1666666666666,865.3,843.5,1197.8181818181818,853.8235294117648,1061.6666666666667,884.4006469979296,980.7575846610054,995.8621676881177,72.36325650229405,140.2462843175989,-0.029575786463298392,-0.2917852534911961
2026-04-19,970.0,700.0,1770.0,6,19,4,6,848.3125,874.1666666666666,865.3,907.25,980.0,1076.923076923077,893.3649327122154,980.0432989467197,992.2980651240151,79.22677653723866,140.2759018395488,0.14344654829440806,0.06916505924497107
2026-04-20,835.6666666666666,400.0,1500.0,9,20,4,0,970.0,848.3125,874.1666666666666,1035.608695652174,1017.9411764705883,1106.7083333333333,864.8017857142858,967.0236911035823,983.2633429017928,50.07680928210085,144.8714264097522,-0.13848797250859113,-0.19306715927061036
2026-05-01,1475.0,1000.0,2100.0,9,1,5,4,835.6666666666666,970.0,848.3125,816.6666666666666,999.0909090909091,1118.5384615384614,958.8494047619048,1001.017197597089,995.1453941838441,232.0762480519854,198.7797965334424,0.7650578380534505,0.806122448979592
2026-05-02,1180.047619047619,850.0,2290.0,21,2,5,5,1475.0,835.6666666666666,970.0,843.5,1031.0625,999.4,1006.9276360544218,1011.658991814776,1001.1669814854314,238.95566534891856,204.42000509100188,-0.19996771589991935,0.3989894713071951
2026-05-03,1035.0,650.0,1600.0,10,3,5,6,1180.047619047619,1475.0,835.6666666666666,865.3,1005.5555555555555,898.2727272727273,1031.1704931972788,1013.7621664179505,1005.7245572430071,230.6564969386486,204.5038318579198,-0.12291675073645125,0.196116953657691
2026-05-04,968.75,750.0,1300.0,8,4,5,0,1035.0,1180.047619047619,1475.0,874.1666666666666,1308.3333333333333,1006.2692307692307,1044.6823979591838,989.5062140369982,1004.4739162173661,222.55435025843553,186.19688292947578,-0.06400966183574874,0.10819828408007637
2026-06-01,1440.0,1250.0,1600.0,5,1,6,0,968.75,1035.0,1180.047619047619,848.3125,1197.8181818181818,1463.0,1129.2091836734694,1006.8049153356995,1003.7072495506994,246.604967525733,215.9170022346897,0.4864516129032259,0.6974876593236572
2026-06-02,1153.9285714285713,900.0,2320.0,14,2,6,1,1440.0,968.75,1035.0,970.0,907.25,960.0,1155.484693877551,1024.424813294883,1010.1715352649851,236.40175089588075,217.22900214706823,-0.1986607142857143,0.18961708394698085
2026-06-04,948.7142857142857,500.0,1516.0,21,4,6,3,1153.9285714285713,1440.0,968.75,835.6666666666666,1035.608695652174,940.3846153846154,1171.6343537414964,1018.2180697278911,1010.4491909426409,213.68180297142834,218.12441497415105,-0.17783967811822965,0.13527836343951227
2026-07-01,1413.9259259259259,850.0,2100.0,27,1,7,2,948.7142857142857,1153.9285714285713,1440.0,1475.0,816.6666666666666,939.3435294117647,1162.909486016629,1060.8794453892667,1026.2686041597797,200.04212261869995,233.53458367774795,0.49036010864048807,-0.04140615191462649
2026-07-02,1111.6315789473683,350.0,1875.0,19,2,7,3,1413.9259259259259,948.7142857142857,1153.9285714285713,1180.047619047619,843.5,1027.3636363636363,1153.1357660023073,1080.0317010283645,1029.0775355792373,200.73537051715505,225.18126959510911,-0.21379786694313319,-0.057977355316785606
2026-07-04,1061.3,800.0,1433.0,10,4,7,5,1111.6315789473683,1413.9259259259259,948.7142857142857,1035.0,865.3,1058.3333333333333,1156.89290885945,1094.0317010283645,1029.1764244681262,198.38811696230403,216.73859254711024,-0.04527721225320769,0.02541062801932359
2026-08-01,1301.1904761904761,550.0,1875.0,21,1,8,5,1061.3,1111.6315789473683,1413.9259259259259,968.75,874.1666666666666,891.8844827586207,1204.3844054580895,1124.5334017086366,1042.8199575825213,185.19494582304353,213.43927254901442,0.22603455779749004,0.3431643625192011
2026-08-02,1131.25,750.0,1600.0,8,2,8,6,1301.1904761904761,1061.3,1111.6315789473683,1440.0,848.3125,923.7916666666666,1160.2772626009466,1144.7432231372081,1049.7352353602992,153.83912607202532,198.11830375244753,-0.13060384263494962,-0.2144097222222222
2026-08-04,896.3913043478261,600.0,1211.0,23,4,8,1,1131.25,1301.1904761904761,1061.3,1153.9285714285713,970.0,881.2222222222222,1123.4862244465546,1139.4854591620528,1050.2408714311528,183.53895586852326,204.00182390746508,-0.207609896709104,-0.22318302315880123
2026-08-23,3202.777777777778,2350.0,4000.0,18,23,8,6,896.3913043478261,1131.25,1301.1904761904761,948.7142857142857,835.6666666666666,853.8235294117648,1445.4952947413392,1308.564824241418,1128.5393463766864,792.5905346446135,575.5036164889892,2.572968370223063,2.37591393531764
