date,avg_price,min_price,max_price,mandi_count,arrival_quantity,days_since_previous,day,month,day_of_week,day_of_year,lag_1,lag_2,lag_3,lag_7,lag_14,ma_3,ma_7,ma_14,std_7,change_1,change_3
2025-01-19,2850.0,2500.0,3500.0,14,0.0,1.0,19,1,6,19,2896.6101694915255,2917.9032258064517,2936.866666666667,2682.92,2936.8030303030305,2888.1711317659924,2932.7930439122697,2807.7640615537466,52.93576963259264,-0.016091281451141026,-0.029578008308174253
2025-01-20,2966.921568627451,2000.0,4000.0,51,0.0,1.0,20,1,0,20,2850.0,2896.6101694915255,2917.9032258064517,2957.6071428571427,2884.5,2904.5105793729927,2934.123676165171,2813.6513164557073,53.77390454023067,0.04102511179910562,0.016799166739826177
2025-01-21,2996.25,2100.0,4500.0,48,0.0,1.0,21,1,1,21,2966.921568627451,2850.0,2896.6101694915255,3019.0833333333335,2737.6,2937.72385620915,2930.861771403266,2832.126316455707,48.160934143382384,0.009885138752123046,0.03439877121123458
2025-01-22,2958.8852459016393,2100.0,4500.0,61,0.0,1.0,22,1,2,22,2996.25,2966.921568627451,2850.0,2951.480769230769,2696.0185185185187,2974.0189381763635,2931.9195537848195,2850.9025112687877,48.76678034612396,-0.012470506165493722,0.03820534943917164
2025-01-23,2897.156862745098,2000.0,4500.0,51,0.0,1.0,23,1,3,23,2958.8852459016393,2996.25,2966.921568627451,2936.866666666667,2560.2,2950.7640362155794,2926.2467246531664,2874.9708586077236,50.37839653052613,-0.020862040270754556,-0.023514172609095163
2025-01-24,2906.390625,2100.0,4500.0,64,0.0,1.0,24,1,4,24,2897.156862745098,2958.8852459016393,2996.25,2917.9032258064517,2573.561797752809,2920.8109112155794,2924.602067395102,2898.744346268237,50.88158386534596,0.0031871806368650724,-0.029990613266583255
2025-01-25,2916.88,2000.0,4500.0,50,0.0,1.0,25,1,5,25,2906.390625,2897.156862745098,2958.8852459016393,2896.6101694915255,2644.345238095238,2906.809162581699,2927.497757467741,2918.2111149757193,49.583267153194164,0.003609072679279013,-0.0141963078696008
2025-01-26,2968.75,2500.0,3600.0,8,0.0,1.0,26,1,6,26,2916.88,2906.390625,2897.156862745098,2850.0,2682.92,2930.6735416666666,2944.4620431820267,2938.627543547148,37.48852816162569,0.017782699322563822,0.024711515684748386
2025-01-27,2925.4927536231885,2000.0,4500.0,69,0.0,1.0,27,1,0,27,2968.75,2916.88,2906.390625,2966.921568627451,2957.6071428571427,2937.040917874396,2938.5436410385605,2936.333658601866,36.61181443641975,-0.014570861937452273,0.006572457418103861
2025-01-28,2899.6428571428573,2154.0,4500.0,56,0.0,1.0,28,1,1,28,2925.4927536231885,2968.75,2916.88,2996.25,3019.0833333333335,2931.2952035886824,2924.7426206303976,2927.802196016832,28.555559035352967,-0.008836082895203323,-0.00590944531730575
2025-01-29,2967.59649122807,2222.0,4500.0,57,0.0,1.0,29,1,2,29,2899.6428571428573,2925.4927536231885,2968.75,2958.8852459016393,2951.480769230769,2930.910700664705,2925.9870842484593,2928.9533190166394,30.42042693060598,0.023435173720728564,-0.0003885503231764176
2025-01-30,2893.203125,1900.0,4500.0,64,0.0,1.0,30,1,3,30,2967.59649122807,2899.6428571428573,2925.4927536231885,2897.156862745098,2936.866666666667,2920.1474911236423,2925.422264570588,2925.8344946118773,31.07460756264461,-0.025068558494380833,-0.011037329893638703
2025-01-31,2905.6615384615384,2050.0,4500.0,65,0.0,1.0,31,1,4,31,2893.203125,2967.59649122807,2899.6428571428573,2906.390625,2917.9032258064517,2922.1537182298694,2925.318109350808,2924.960088372955,31.150159080593443,0.004306097056886893,0.0020756629747884503
2025-02-01,2913.3382352941176,2300.0,4400.0,68,0.0,1.0,1,2,5,32,2905.6615384615384,2893.203125,2967.59649122807,2916.88,2896.6101694915255,2904.0676329185517,2924.812142964253,2926.1549502159974,31.338257087212604,0.002641979023009,-0.018283569243438214
2025-02-02,2775.1,2400.0,3200.0,10,0.0,1.0,2,2,6,33,2913.3382352941176,2905.6615384615384,2893.203125,2968.75,2850.0,2864.6999245852185,2897.1478572499677,2920.804950215997,59.18687873319793,-0.04745011534170929,-0.04082088947695306
2025-02-03,2877.8888888888887,2600.0,3500.0,9,0.0,1.0,3,2,0,34,2775.1,2913.3382352941176,2905.6615384615384,2925.4927536231885,2966.921568627451,2855.4423747276687,2890.3473051450674,2914.4454730918146,58.112336376013936,0.037039706276850826,-0.009558115838692816
2025-02-04,2632.551282051282,2000.0,4500.0,78,0.0,1.0,4,2,1,35,2877.8888888888887,2775.1,2913.3382352941176,2899.6428571428573,2996.25,2761.8467236467236,2852.1913658462704,2888.4669932383345,112.87420294594065,-0.08524915877913819,-0.09637979889914439
2025-02-05,2659.8333333333335,2000.0,4500.0,102,0.0,1.0,5,2,2,36,2632.551282051282,2877.8888888888887,2775.1,2967.59649122807,2958.8852459016393,2723.424501424501,2808.2252004327374,2867.106142340598,120.13576898919902,0.010363350362084134,-0.04153604074327644
2025-02-06,2608.237623762376,2100.0,4200.0,101,0.0,1.0,6,2,3,37,2659.8333333333335,2632.551282051282,2877.8888888888887,2893.203125,2897.156862745098,2633.5407463823303,2767.5158431130767,2846.469053841832,134.02029615498748,-0.019398098717071433,-0.09369759415229573
2025-02-07,2562.0106382978724,2000.0,4200.0,94,0.0,1.0,7,2,4,38,2608.237623762376,2659.8333333333335,2632.551282051282,2905.6615384615384,2906.390625,2610.0271984645274,2718.4228573754103,2821.870483363109,137.86826200591025,-0.017723456269226556,-0.026795544016314343
2025-02-08,2665.109375,2100.0,4150.0,64,0.0,1.0,8,2,5,39,2562.0106382978724,2608.237623762376,2659.8333333333335,2913.3382352941176,2916.88,2611.785879020083,2682.9615916191074,2803.8868672916806,108.08465762363414,0.04024133825245291,0.00198359859640318
2025-02-09,2695.972972972973,2100.0,4800.0,74,0.0,1.0,9,2,6,40,2665.109375,2562.0106382978724,2608.237623762376,2775.1,2968.75,2641.030995423615,2671.6577306152467,2784.4027939326074,100.7299426786948,0.011580612136405488,0.03363778990506194
2025-02-10,2704.15,2200.0,4800.0,20,0.0,1.0,10,2,0,41,2695.972972972973,2665.109375,2562.0106382978724,2877.8888888888887,2925.4927536231885,2688.410782657658,2646.8378893454055,2768.5925972452364,50.15212423979299,0.0030330523002275456,0.05547961416606806
2025-02-13,2877.7066666666665,2000.0,4500.0,75,0.0,3.0,13,2,3,44,2704.15,2695.972972972973,2665.109375,2632.551282051282,2899.6428571428573,2759.276546546547,2681.8600871476033,2767.0257264969373,99.66762949602789,0.0641815974212474,0.07977056914096314
2025-02-14,2841.894117647059,2125.0,4500.0,85,0.0,1.0,14,2,4,45,2877.7066666666665,2704.15,2695.972972972973,2659.8333333333335,2967.59649122807,2807.9169281045747,2707.8687706209926,2758.0469855268643,115.46454718391426,-0.012444822620190976,0.0541255962641094
2025-02-15,2874.507042253521,2000.0,4500.0,71,0.0,1.0,15,2,5,46,2841.894117647059,2877.7066666666665,2704.15,2608.237623762376,2893.203125,2864.7026088557486,2745.9072589768703,2756.711551044973,120.90342696537397,0.011475770474328462,0.06299837000666408
2025-02-16,2873.8333333333335,2600.0,3300.0,12,0.0,1.0,16,2,6,47,2874.507042253521,2841.894117647059,2877.7066666666665,2562.0106382978724,2905.6615384615384,2863.4114977446375,2790.453358267651,2754.43810782153,96.9213259820909,-0.00023437372401047263,-0.0013459792056637054
2025-02-17,2854.0235294117647,1750.0,4500.0,85,0.0,1.0,17,2,0,48,2873.8333333333335,2874.507042253521,2841.894117647059,2665.109375,2913.3382352941176,2867.45463499954,2817.4410946121884,2750.201343115648,81.23438076294525,-0.006893163807308089,0.004268073074709777
2025-02-18,2846.073529411765,2047.0,4500.0,68,0.0,1.0,18,2,1,49,2854.0235294117647,2873.8333333333335,2874.507042253521,2695.972972972973,2775.1,2857.9767973856215,2838.884031246301,2755.2708809307737,61.15671499675446,-0.0027855411555203213,-0.00989161356149093
2025-02-19,2912.5714285714284,2100.0,3500.0,14,0.0,1.0,19,2,2,50,2846.073529411765,2854.0235294117647,2873.8333333333335,2704.15,2877.8888888888887,2870.8894957983193,2868.65852104222,2757.7482051938123,24.19295484773259,0.023364786071921273,0.013479590061391322
2025-02-20,2884.8115942028985,1800.0,4500.0,69,0.0,1.0,20,2,3,51,2912.5714285714284,2846.073529411765,2854.0235294117647,2877.7066666666665,2632.551282051282,2881.1521840620303,2869.673510690253,2775.766798918928,24.777798499800525,-0.009531039855783296,0.010787600198054248
2025-02-21,2893.534090909091,2100.0,4500.0,88,0.0,1.0,21,2,4,52,2884.8115942028985,2912.5714285714284,2846.073529411765,2841.894117647059,2659.8333333333335,2896.972371227806,2877.050649727686,2792.4597101743393,22.731450822110865,0.00302359319538259,0.01667580299906568
2025-02-22,2873.6285714285714,1900.0,4500.0,70,0.0,1.0,22,2,5,53,2893.534090909091,2884.8115942028985,2912.5714285714284,2874.507042253521,2608.237623762376,2883.991418846854,2876.92515389555,2811.4162064362104,22.75025119034853,-0.006879310509269154,-0.013370610162840912
2025-02-23,2812.6666666666665,2650.0,3000.0,12,0.0,1.0,23,2,6,54,2873.6285714285714,2893.534090909091,2884.8115942028985,2873.8333333333335,2562.0106382978724,2859.9431096681096,2868.187058657455,2829.3202084625527,33.39300636153549,-0.02121426038424956,-0.025008540481884167
2025-02-24,2868.674157303371,1999.0,4500.0,89,0.0,1.0,24,2,0,55,2812.6666666666665,2873.6285714285714,2893.534090909091,2854.0235294117647,2665.109375,2851.6564651328695,2870.2800054991135,2843.8605500556505,32.81139528220993,0.019912594443009413,-0.008591546815993945
2025-02-25,2841.757575757576,1900.0,4500.0,66,0.0,1.0,25,2,1,56,2868.674157303371,2812.6666666666665,2873.6285714285714,2846.073529411765,2695.972972972973,2841.032799909204,2869.663440691372,2854.2737359688363,33.37773811702224,-0.009382934439336021,-0.011090854255792482
2025-02-26,2831.090909090909,2400.0,3500.0,11,0.0,1.0,26,2,2,57,2841.757575757576,2868.674157303371,2812.6666666666665,2912.5714285714284,2704.15,2847.174214050619,2858.023366479869,2863.340943761044,29.952033563292893,-0.0037535456077119056,0.006550453575814963
2025-02-27,2812.0266666666666,1900.0,4500.0,75,0.0,1.0,27,2,3,58,2831.090909090909,2841.757575757576,2868.674157303371,2884.8115942028985,2877.7066666666665,2828.2917171717177,2847.625519688979,2858.6495151896156,31.686029022838397,-0.006733885642112414,-0.019746924024983903
2025-02-28,2784.3763440860216,2000.0,4500.0,93,0.0,1.0,28,2,4,59,2812.0266666666666,2831.090909090909,2841.757575757576,2893.534090909091,2841.894117647059,2809.1646399478655,2832.031555857112,2854.5411027923988,32.18355159205688,-0.009832880643845798,-0.020192162822424198
2025-03-01,2903.957142857143,2050.0,4500.0,70,0.0,1.0,1,3,5,60,2784.3763440860216,2812.0266666666666,2831.090909090909,2873.6285714285714,2874.507042253521,2833.45338453661,2836.3642089183368,2856.644681406943,39.84608124076889,0.04294706749147226,0.025737864344890227
2025-03-02,2925.5797101449275,2000.0,4500.0,69,0.0,1.0,2,3,6,61,2903.957142857143,2784.3763440860216,2812.0266666666666,2812.6666666666665,2873.8333333333335,2871.304399029364,2852.4946437009453,2860.3408511792,50.17096904234202,0.007445897519861688,0.04038121146726703
2025-03-03,2697.846153846154,1800.0,4500.0,91,0.0,1.0,3,3,0,62,2925.5797101449275,2903.957142857143,2784.3763440860216,2868.674157303371,2854.0235294117647,2842.4610022827414,2828.0906432070565,2849.185324353085,75.92567514912479,-0.0778421984227845,-0.03107704546609036
2025-03-04,2654.0,1961.0,4800.0,86,0.0,1.0,4,3,1,63,2697.846153846154,2925.5797101449275,2903.957142857143,2841.757575757576,2846.073529411765,2759.1419546636935,2801.268132384546,2835.465786537959,99.72703267774085,-0.016252281021897796,-0.08607466658795637
2025-03-05,2621.714285714286,2000.0,4500.0,77,0.0,1.0,5,3,2,64,2654.0,2697.846153846154,2925.5797101449275,2831.090909090909,2912.5714285714284,2657.8534798534797,2771.3571861878854,2814.690276333877,118.85594867120774,-0.01216492625686294,-0.10386503002360137
2025-03-06,2595.7684210526318,2100.0,4200.0,95,0.0,1.0,6,3,3,65,2621.714285714286,2654.0,2697.846153846154,2812.0266666666666,2884.8115942028985,2623.827568922306,2740.4631511001667,2794.0443353945725,133.7016187751029,-0.009896526407562,-0.0378367508643872
2025-03-07,2577.404761904762,1800.0,4200.0,84,0.0,1.0,7,3,4,66,2595.7684210526318,2621.714285714286,2654.0,2784.3763440860216,2893.534090909091,2598.29582289056,2710.8957822171287,2771.4636690371203,144.79687026349816,-0.007074459724116355,-0.02886030071410628
2025-03-08,2727.4,2150.0,3300.0,10,0.0,1.0,8,3,5,67,2577.404761904762,2595.7684210526318,2621.714285714286,2903.957142857143,2873.6285714285714,2633.5243943191313,2685.6733332375375,2761.018771077937,118.56313264345737,0.05819622913414202,0.04031168265039242
2025-03-09,2682.734939759036,2100.0,4700.0,83,0.0,1.0,9,3,6,68,2727.4,2577.404761904762,2595.7684210526318,2925.5797101449275,2812.6666666666665,2662.5132338879325,2650.98122318241,2751.7379334416773,55.33543998235544,-0.01637642452187582,0.03350318849750766
2025-03-10,2598.0760869565215,1650.0,4750.0,92,0.0,1.0,10,3,0,69,2682.734939759036,2727.4,2577.404761904762,2697.846153846154,2868.674157303371,2669.4036755718525,2636.728356483891,2732.4094998454743,54.08741036095715,-0.03155692034566726,0.008020209071268658
2025-03-12,2553.5714285714284,2340.0,2825.0,7,0.0,2.0,12,3,2,71,2598.0760869565215,2682.734939759036,2727.4,2654.0,2841.757575757576,2611.460818428995,2622.381417708381,2711.824775046464,61.54755638504391,-0.01712985181940052,-0.06373416859594183
2025-03-13,2572.9166666666665,2000.0,2955.0,12,0.0,1.0,13,3,3,72,2553.5714285714284,2598.0760869565215,2682.734939759036,2621.714285714286,2831.090909090909,2574.8547273982053,2615.4103292730065,2693.383757730446,64.33603732813832,0.007575757575757569,-0.040935193210788645
2025-03-14,2681.222222222222,2000.0,3350.0,9,0.0,1.0,14,3,4,73,2572.9166666666665,2553.5714285714284,2598.0760869565215,2595.7684210526318,2812.0266666666666,2602.5701058201057,2627.6180151543767,2684.040583127272,67.9913741189515,0.04209446693657215,0.03200296391746593
2025-03-15,2668.855072463768,2000.0,4500.0,69,0.0,1.0,15,3,5,74,2681.222222222222,2572.9166666666665,2553.5714285714284,2577.404761904762,2784.3763440860216,2640.9979871175524,2640.682345234235,2675.789063725682,65.47435729362397,-0.004612504571965048,0.04514604236343378
2025-03-16,2689.5833333333335,2350.0,3350.0,12,0.0,1.0,16,3,6,75,2668.855072463768,2681.222222222222,2572.9166666666665,2727.4,2903.957142857143,2679.8868760064415,2635.2799642818536,2660.4766487596958,58.29294372304723,0.007766724047113538,0.04534412955465594
2025-03-17,2633.176470588235,2000.0,4500.0,102,0.0,1.0,17,3,0,76,2689.5833333333335,2668.855072463768,2681.222222222222,2682.734939759036,2925.5797101449275,2663.871625461779,2628.2001829717397,2639.590703077075,54.45179916185214,-0.020972342461384352,-0.01791934709319476
2025-03-18,2647.6222222222223,2025.0,4500.0,90,0.0,1.0,18,3,1,77,2633.176470588235,2689.5833333333335,2668.855072463768,2598.0760869565215,2697.846153846154,2656.7940087145967,2635.278202295411,2636.0032793896507,53.086496300637016,0.005486055262661438,-0.00795578990429946
2025-03-19,2615.655172413793,2010.0,4500.0,87,0.0,1.0,19,3,2,78,2647.6222222222223,2633.176470588235,2689.5833333333335,2553.5714285714284,2654.0,2632.1512884080835,2644.1473085586063,2633.264363133493,40.962372255650635,-0.012073871241947254,-0.02748684526830314
2025-03-20,2653.0470588235294,2075.0,4500.0,85,0.0,1.0,20,3,3,79,2615.655172413793,2647.6222222222223,2633.176470588235,2572.9166666666665,2621.714285714286,2638.7748178198485,2655.5945074381575,2635.5024183555824,26.317384368470762,0.014295418908460311,0.007546242516307755
2025-03-21,2645.855670103093,2000.0,4500.0,97,0.0,1.0,21,3,4,80,2653.0470588235294,2615.655172413793,2647.6222222222223,2681.222222222222,2595.7684210526318,2638.185967113472,2650.5421428497107,2639.0800790020435,23.85724485360939,-0.002710614836822889,-0.0006672221226662334
2025-03-22,2617.784810126582,1700.0,4000.0,79,0.0,1.0,22,3,5,81,2645.855670103093,2653.0470588235294,2615.655172413793,2668.855072463768,2577.404761904762,2638.895846351068,2643.2463910872552,2641.964368160745,25.10010720979554,-0.010609369321878726,0.000814189016675293
2025-03-23,2711.5714285714284,2465.0,3300.0,14,0.0,1.0,23,3,6,82,2617.784810126582,2645.855670103093,2653.0470588235294,2689.5833333333335,2727.4,2658.403969600368,2646.3875475498403,2640.8337559158467,32.22892793412847,0.03582671046223673,0.02205930330306738
2025-03-24,2644.6979166666665,2000.0,4500.0,96,0.0,1.0,24,3,0,83,2711.5714285714284,2617.784810126582,2645.855670103093,2633.176470588235,2682.734939759036,2658.018051788226,2648.033468418188,2638.1168256949636,31.732164765427203,-0.024662271921043866,-0.00043757240786357343
2025-03-25,2641.2680412371133,2000.0,4500.0,97,0.0,1.0,25,3,1,84,2644.6979166666665,2711.5714285714284,2617.784810126582,2647.6222222222223,2598.0760869565215,2665.845795491736,2647.1257282774577,2641.201965286434,31.836602678281135,-0.0012968874093099991,0.008970649924962881
2025-03-26,2699.2875,2100.0,4500.0,80,0.0,1.0,26,3,2,85,2641.2680412371133,2644.6979166666665,2711.5714285714284,2615.655172413793,2553.5714285714284,2661.751152634593,2659.073203646916,2651.610256102761,33.696377128478616,0.021966516785517642,-0.004530188082819686
2025-03-27,2688.7,2000.0,4500.0,70,0.0,1.0,27,3,3,86,2699.2875,2641.2680412371133,2644.6979166666665,2653.0470588235294,2572.9166666666665,2676.4185137457043,2664.16648095784,2659.880494197999,35.29050229608677,-0.003922331355959763,0.016637848525548282
2025-03-28,2705.4626865671644,1950.0,4500.0,67,0.0,1.0,28,3,4,87,2688.7,2699.2875,2641.2680412371133,2645.855670103093,2681.222222222222,2697.816728855721,2672.6817690241364,2661.611955936924,37.27160939523455,0.006234494948177405,0.024304479639250642
2025-03-29,2699.4166666666665,2250.0,4000.0,36,0.0,1.0,29,3,5,88,2705.4626865671644,2688.7,2699.2875,2617.784810126582,2668.855072463768,2697.859784411277,2684.343462815577,2663.7949269514165,29.109420418554244,-0.0022347452546719326,4.7852133819192844e-05
2025-03-30,2625.8,2400.0,3000.0,10,0.0,1.0,30,3,6,89,2699.4166666666665,2705.4626865671644,2688.7,2711.5714285714284,2689.5833333333335,2676.89311774461,2672.090401591087,2659.238974570464,33.46431556216392,-0.027271324051492463,-0.02339420537806358
2025-03-31,2876.8125,2483.0,4500.0,16,0.0,1.0,31,3,0,90,2625.8,2699.4166666666665,2705.4626865671644,2644.6979166666665,2633.176470588235,2734.0097222222225,2705.2496277815635,2676.6415480998758,81.8364342983607,0.09559467590829462,0.0633347538975868
2025-04-01,2896.7619047619046,2300.0,4400.0,63,0.0,1.0,1,4,1,91,2876.8125,2625.8,2699.4166666666665,2641.2680412371133,2647.6222222222223,2799.7914682539686,2741.748751142248,2694.4372397098527,102.82770269304791,0.006934551612906459,0.07310662356505593
2025-04-02,2806.1585365853657,2000.0,4500.0,82,0.0,1.0,2,4,2,92,2896.7619047619046,2876.8125,2625.8,2699.2875,2615.655172413793,2859.9109804490895,2757.0160420830143,2708.044622864965,103.40474686908072,-0.03127746468482573,0.06868708073172569
2025-04-03,2697.674157303371,1900.0,4500.0,89,0.0,1.0,3,4,3,93,2806.1585365853657,2896.7619047619046,2876.8125,2688.7,2653.0470588235294,2800.1981995502138,2758.2980645549246,2711.232272756383,102.46798090325161,-0.03865939071781821,-0.06226973175924011
2025-04-04,2628.2924528301887,2100.0,4500.0,106,0.0,1.0,4,4,4,94,2697.674157303371,2806.1585365853657,2896.7619047619046,2705.4626865671644,2645.855670103093,2710.7083822396417,2747.2737454496423,2709.97775723689,112.73660695991255,-0.02571908259763178,-0.0926791571963117
2025-04-05,2582.8333333333335,2000.0,2800.0,12,0.0,1.0,5,4,5,95,2628.2924528301887,2697.674157303371,2806.1585365853657,2699.4166666666665,2617.784810126582,2636.2666478222977,2730.618983544881,2707.481223180229,128.49509509550344,-0.0172960659107414,-0.07958395804813734
2025-04-06,2622.891891891892,2200.0,4200.0,74,0.0,1.0,6,4,6,96,2582.8333333333335,2628.2924528301887,2697.674157303371,2625.8,2711.5714285714284,2611.3392260184714,2730.2035395294365,2701.1469705602617,128.89455353772354,0.01550954064343757,-0.027721014863497095
2025-04-07,2582.074468085106,1700.0,4200.0,94,0.0,1.0,7,4,0,97,2622.891891891892,2582.8333333333335,2628.2924528301887,2876.8125,2644.6979166666665,2595.9332311034436,2688.0981063987374,2696.67386709015,120.91374171488921,-0.015561992445424111,-0.01758479528992829
2025-04-08,2645.320987654321,2100.0,4150.0,81,0.0,1.0,8,4,1,98,2582.074468085106,2622.891891891892,2582.8333333333335,2896.7619047619046,2641.2680412371133,2616.7624492104396,2652.1779753833684,2696.963363262808,78.50510394083861,0.024494459920096467,0.02419345201819234
2025-04-09,2659.1285714285714,2100.0,4700.0,70,0.0,1.0,9,4,2,99,2645.320987654321,2582.074468085106,2622.891891891892,2806.1585365853657,2699.2875,2628.841342389333,2631.1736946466835,2694.094868364849,41.28830940475197,0.005219625080922219,0.0138155444563679
2025-04-10,2649.8115942028985,2000.0,4750.0,69,0.0,1.0,10,4,3,100,2659.1285714285714,2645.320987654321,2582.074468085106,2697.674157303371,2688.7,2651.4203844285967,2624.3361856323304,2691.3171250936275,31.16126340153734,-0.0035037708690661695,0.0262336067201141
2025-04-11,2708.6,2000.0,3400.0,10,0.0,1.0,11,4,4,101,2649.8115942028985,2659.1285714285714,2645.320987654321,2628.2924528301887,2705.4626865671644,2672.513388543823,2635.808692370875,2691.541218910258,44.70189314832597,0.02218588141349942,0.02392110924950175
2025-04-12,2624.68,2100.0,3550.0,25,0.0,1.0,12,4,5,102,2708.6,2649.8115942028985,2659.1285714285714,2582.8333333333335,2699.4166666666665,2661.030531400966,2641.78678760897,2686.202885576925,38.851965364841156,-0.030982795540131502,-0.012954834827736295
2025-04-14,2687.1666666666665,2475.0,3320.0,12,0.0,2.0,14,4,0,104,2624.68,2708.6,2649.8115942028985,2622.891891891892,2625.8,2673.4822222222224,2650.96889829108,2690.5862189102586,41.16833232665361,0.023807346673372143,0.014097256025858984
2025-04-15,2709.7684210526318,1900.0,4500.0,95,0.0,1.0,15,4,1,105,2687.1666666666665,2624.68,2708.6,2582.074468085106,2876.8125,2673.8716959064327,2669.2108915721556,2678.654498985446,33.0417378751452,0.008410998344960063,0.0004313745302488847
2025-04-16,2656.3655913978496,2051.0,4500.0,93,0.0,1.0,16,4,2,106,2709.7684210526318,2687.1666666666665,2624.68,2645.320987654321,2896.7619047619046,2684.4335597057157,2670.7886921069453,2661.483333745157,31.956706903064827,-0.019707525277764315,0.012072173140287523
2025-04-17,2697.9210526315787,1850.0,4500.0,76,0.0,1.0,17,4,3,107,2656.3655913978496,2709.7684210526318,2687.1666666666665,2659.1285714285714,2806.1585365853657,2688.0183550273537,2676.3304751359465,2653.752084891315,32.94595006964921,0.015643728170662508,0.004002128374959613
2025-04-18,2702.9333333333334,1800.0,4500.0,30,0.0,1.0,18,4,4,108,2697.9210526315787,2656.3655913978496,2709.7684210526318,2649.8115942028985,2697.674157303371,2685.7399924542538,2683.9192950117226,2654.1277403220265,31.92163181013478,0.0018578307533743121,-0.0025223881370066703
2025-04-19,2686.0779220779223,1800.0,4500.0,77,0.0,1.0,19,4,5,109,2702.9333333333334,2697.9210526315787,2656.3655913978496,2708.6,2628.2924528301887,2695.644102680945,2680.701855308569,2658.2552738397217,30.10260926929628,-0.006235970028393045,0.011185331859549175
2025-04-20,2712.2727272727275,2425.0,3250.0,11,0.0,1.0,20,4,6,110,2686.0779220779223,2702.9333333333334,2697.9210526315787,2624.68,2582.8333333333335,2700.4279942279945,2693.2151020618153,2667.5009448353926,19.145081105114954,0.009752064517376757,0.0053195309874429775
2025-04-21,2666.6881720430106,2000.0,4500.0,93,0.0,1.0,21,4,0,111,2712.2727272727275,2686.0779220779223,2702.9333333333334,2687.1666666666665,2622.891891891892,2688.3462737978866,2690.2896028298646,2670.629250560473,21.627102627370743,-0.016806774175528227,-0.013409565394505774
2025-04-22,2644.311111111111,2000.0,4500.0,90,0.0,1.0,22,4,1,112,2666.6881720430106,2712.2727272727275,2686.0779220779223,2709.7684210526318,2582.074468085106,2674.4240034756167,2680.9385585525047,2675.0747250623303,25.5893615465658,-0.008391330177444756,-0.015549366838360612
2025-04-23,2656.4270833333335,2000.0,4500.0,96,0.0,1.0,23,4,2,113,2644.311111111111,2666.6881720430106,2712.2727272727275,2656.3655913978496,2645.320987654321,2655.8087888291516,2680.9473431147167,2675.868017610831,25.57952862681965,0.004581901188295268,-0.020589981006647662
2025-04-24,2653.909090909091,2100.0,4500.0,88,0.0,1.0,24,4,3,114,2656.4270833333335,2644.311111111111,2666.6881720430106,2697.9210526315787,2659.1285714285714,2651.549095117845,2674.6599200115043,2675.4951975737254,26.11548758636809,-0.0009478868966668053,-0.0047921167791168395
2025-04-25,2648.404255319149,2151.0,4500.0,94,0.0,1.0,25,4,4,115,2653.909090909091,2656.4270833333335,2644.311111111111,2702.9333333333334,2649.8115942028985,2652.913476520524,2666.8700517237635,2675.3946733677435,24.349236275602458,-0.0020742366830871495,0.0015479056873599628
2025-04-26,2625.0138888888887,1600.0,4500.0,72,0.0,1.0,26,4,5,116,2648.404255319149,2653.909090909091,2656.4270833333335,2686.0779220779223,2708.6,2642.4424117057097,2658.1466184110445,2669.424236859807,27.10356651075687,-0.008831871638660171,-0.011825355433820905
2025-04-27,2596.090909090909,2412.0,2750.0,11,0.0,1.0,27,4,6,117,2625.0138888888887,2648.404255319149,2653.909090909091,2712.2727272727275,2624.68,2623.169684432982,2641.5492158136417,2667.382158937729,23.806787874732464,-0.011018219720819178,-0.02178604459973288
2025-04-28,2620.9578947368423,1852.0,4500.0,95,0.0,1.0,28,4,0,118,2596.090909090909,2625.0138888888887,2648.404255319149,2666.6881720430106,2687.1666666666665,2614.0208975722135,2635.016319055618,2662.652960942741,21.961569071539255,0.009578626680157853,-0.01036335768120833
2025-04-29,2644.578313253012,2100.0,4500.0,83,0.0,1.0,29,4,1,119,2620.9578947368423,2596.090909090909,2625.0138888888887,2644.311111111111,2709.7684210526318,2620.5423723602544,2635.054490790175,2657.99652467134,21.980640992362797,0.009012132000900008,0.007453074609218291
2025-04-30,2768.8695652173915,2000.0,4500.0,23,0.0,1.0,30,4,2,120,2644.578313253012,2620.9578947368423,2596.090909090909,2656.4270833333335,2656.3655913978496,2678.135257735749,2651.1177024878975,2666.032522801307,55.591352013652724,0.04699851441022096,0.06655339207169186
2025-05-01,2840.1111111111113,2400.0,3400.0,9,0.0,1.0,1,5,3,121,2768.8695652173915,2644.578313253012,2620.9578947368423,2653.909090909091,2697.9210526315787,2751.1863298605044,2677.7179910881864,2676.188955549845,90.6459042010973,0.025729469812756145,0.08361569516791989
2025-05-02,2860.230769230769,2000.0,4500.0,65,0.0,1.0,2,5,4,122,2840.1111111111113,2768.8695652173915,2644.578313253012,2648.404255319149,2702.9333333333334,2823.0704818530903,2707.9789216469894,2687.4244866853765,112.05774652918932,0.007084109505767433,0.08154512002803571
2025-05-03,2658.2125,2075.0,4500.0,80,0.0,1.0,3,5,5,123,2860.230769230769,2840.1111111111113,2768.8695652173915,2625.0138888888887,2686.0779220779223,2786.1847934472935,2712.721580377148,2685.4340993940964,108.61068219668672,-0.07063005943576361,-0.03996470856102008
2025-05-04,2696.934210526316,2100.0,4700.0,76,0.0,1.0,4,5,6,124,2658.2125,2860.230769230769,2840.1111111111113,2596.090909090909,2712.2727272727275,2738.459159919028,2727.127766296492,2684.3384910550667,96.58454149630354,0.014566822827864812,-0.05041242929709944
2025-05-05,2635.8709677419356,1900.0,4500.0,93,0.0,1.0,5,5,0,125,2696.934210526316,2658.2125,2860.230769230769,2620.9578947368423,2666.6881720430106,2663.6725594227505,2729.25820529722,2682.137262176418,93.98176436539048,-0.022641725017260805,-0.07844115373570815
2025-05-06,2623.554347826087,2114.0,4200.0,92,0.0,1.0,6,5,1,126,2635.8709677419356,2696.934210526316,2658.2125,2644.578313253012,2644.311111111111,2652.1198420314463,2726.254781664801,2680.6546362274885,97.4122765128017,-0.00467269455393704,-0.013038142049935142
2025-05-07,2568.530303030303,2000.0,4000.0,66,0.0,1.0,7,5,2,127,2623.554347826087,2635.8709677419356,2696.934210526316,2768.8695652173915,2656.4270833333335,2609.318539532775,2697.6348870666457,2674.3762947772716,111.25212545390127,-0.020973091272676547,-0.047611064072250575
2025-05-08,2669.0919540229884,1900.0,4700.0,87,0.0,1.0,8,5,3,128,2568.530303030303,2623.554347826087,2635.8709677419356,2840.1111111111113,2653.909090909091,2620.392201626459,2673.2035789112,2675.460784999693,91.83247010138051,0.03915143647479824,0.012603419016945283
2025-05-09,2769.75,2100.0,4800.0,24,0.0,1.0,9,5,4,129,2669.0919540229884,2568.530303030303,2623.554347826087,2860.230769230769,2648.404255319149,2669.1240856844306,2660.2777547353758,2684.128338191182,62.94404708598917,0.037712468401583044,0.05572427050922446
2025-05-10,2677.9375,2200.0,3450.0,16,0.0,1.0,10,5,5,130,2769.75,2669.0919540229884,2568.530303030303,2658.2125,2625.0138888888887,2705.593151340996,2663.095611878233,2687.90859612769,63.27682234294773,-0.03314829858290458,0.04259525256159935
2025-05-12,2738.4375,2350.0,3550.0,16,0.0,2.0,12,5,0,132,2677.9375,2769.75,2669.0919540229884,2696.934210526316,2596.090909090909,2728.7083333333335,2669.024653231616,2698.076209764054,68.68892693709995,0.022592013443181624,0.025980950514833623
2025-05-13,2677.2758620689656,2250.0,4500.0,58,0.0,1.0,13,5,1,133,2738.4375,2677.9375,2769.75,2635.8709677419356,2620.9578947368423,2697.8836206896553,2674.9396381354777,2702.0989217163483,67.1230441843682,-0.022334502040318394,-0.033387178601330225
2025-05-15,2636.179775280899,2151.0,4500.0,89,0.0,2.0,15,5,3,135,2677.2758620689656,2738.4375,2677.9375,2623.554347826087,2644.578313253012,2683.964379116622,2676.7432706290224,2701.4990261469115,65.66598008175266,-0.015349963509665443,-0.01559324096215875
2025-05-16,2626.0093457943926,2111.0,4500.0,107,0.0,1.0,16,5,4,136,2636.179775280899,2677.2758620689656,2738.4375,2568.530303030303,2768.8695652173915,2646.4883277147524,2684.954562452464,2691.294724759555,52.06411627234082,-0.0038580181753433695,-0.041055585239979875
2025-05-17,2647.8805970149256,2001.0,4500.0,67,0.0,1.0,17,5,5,137,2626.0093457943926,2636.179775280899,2677.2758620689656,2669.0919540229884,2840.1111111111113,2636.6899060300725,2681.9243685941688,2677.5639737526844,53.73176475584384,0.00832870273503028,-0.01097954285193592
2025-05-18,2667.2,2270.0,3400.0,10,0.0,1.0,18,5,6,138,2647.8805970149256,2626.0093457943926,2636.179775280899,2769.75,2860.230769230769,2647.029980936439,2667.2743685941687,2663.776061664772,37.24630465189065,0.0072961760461758285,0.011767112778109157
2025-05-19,2637.942528735632,2150.0,4500.0,87,0.0,1.0,19,5,0,139,2667.2,2647.8805970149256,2626.0093457943926,2677.9375,2658.2125,2651.007708583519,2661.5608012706875,2662.3282065744606,38.388070539596264,-0.010969357852567363,0.004544227140832691
2025-05-20,2654.8888888888887,2191.0,4500.0,81,0.0,1.0,20,5,1,140,2637.942528735632,2667.2,2647.8805970149256,2738.4375,2696.934210526316,2653.34380587484,2649.625285397672,2659.324969314644,18.162028116129495,0.006424082393250208,0.0026467552509217285
2025-05-21,2651.413043478261,2200.0,4500.0,92,0.0,1.0,21,5,2,141,2654.8888888888887,2637.942528735632,2667.2,2677.2758620689656,2635.8709677419356,2648.0814870342606,2645.9305970275714,2660.4351175815245,13.676270357698277,-0.0013092244369150574,-0.0059189249106699204
2025-05-22,2653.2758620689656,2015.0,4500.0,87,0.0,1.0,22,5,3,142,2651.413043478261,2654.8888888888887,2637.942528735632,2636.179775280899,2623.554347826087,2653.192598145372,2648.372895140152,2662.5580828845873,13.161578417746743,0.0007025757813505784,0.005812610838296983
2025-05-23,2654.244680851064,2225.0,4000.0,94,0.0,1.0,23,5,4,143,2653.2758620689656,2651.413043478261,2654.8888888888887,2626.0093457943926,2568.530303030303,2652.9778621327637,2652.4065144339625,2668.6805384432128,8.754254342144076,0.0003651406157756387,-0.00024264971710141747
2025-05-24,2659.0169491525426,2200.0,4500.0,59,0.0,1.0,24,5,5,144,2654.244680851064,2653.2758620689656,2651.413043478261,2647.8805970149256,2669.0919540229884,2655.512497357524,2653.997421882193,2667.9608952381814,8.806425945906765,0.0017979760253106214,0.0028678691511250243
2025-05-25,2580.1428571428573,2425.0,2800.0,7,0.0,1.0,25,5,6,145,2659.0169491525426,2654.244680851064,2653.2758620689656,2667.2,2769.75,2631.1348290488213,2641.560687188316,2654.417527891242,27.87711397844614,-0.029662876739023125,-0.02756328732025648
2025-05-26,2638.590361445783,2200.0,4500.0,83,0.0,1.0,26,5,0,146,2580.1428571428573,2659.0169491525426,2654.244680851064,2637.942528735632,2677.9375,2625.9167225803944,2641.6532347183374,2651.6070179945127,27.864172670637156,0.022652817126431524,-0.00589784337450816
2025-05-27,2605.7176470588233,2185.0,4200.0,85,0.0,1.0,27,5,1,147,2638.590361445783,2580.1428571428573,2659.0169491525426,2654.8888888888887,2738.4375,2608.150288549155,2634.6287715997564,2642.1270284987145,30.08115427776695,-0.012458437985405024,-0.020044739508225495
2025-05-28,2636.121951219512,2170.0,4200.0,82,0.0,1.0,28,5,2,148,2605.7176470588233,2638.590361445783,2580.1428571428573,2651.413043478261,2677.2758620689656,2626.8099865747063,2632.4443298485066,2639.1874634380392,29.201513541339153,0.011668303430729443,0.02169612194986903
2025-05-29,2610.537634408602,1951.0,4000.0,93,0.0,1.0,29,5,3,149,2636.121951219512,2605.7176470588233,2638.590361445783,2653.2758620689656,2636.179775280899,2617.4590775623124,2626.338868754169,2637.355881947161,28.581416873129953,-0.009705285750939652,-0.010631709812587098
2025-05-30,2607.4239130434785,2000.0,4200.0,92,0.0,1.0,30,5,4,150,2610.537634408602,2636.121951219512,2605.7176470588233,2654.244680851064,2626.0093457943926,2618.027832890531,2619.6501876387997,2636.028351036381,26.354178537007048,-0.001192750996607983,0.0006548161450190548
2025-05-31,2611.9859154929577,2100.0,4200.0,71,0.0,1.0,31,5,5,151,2607.4239130434785,2610.537634408602,2636.121951219512,2659.0169491525426,2647.8805970149256,2609.982487648346,2612.931468544574,2633.4644452133834,19.83375577871708,0.0017496205456497549,-0.009155887388058281
2025-06-01,2893.5373134328356,2000.0,4500.0,67,0.0,1.0,1,6,6,152,2611.9859154929577,2607.4239130434785,2610.537634408602,2580.1428571428573,2667.2,2704.315713989757,2657.7021051574275,2649.6313961728715,104.87607372394145,0.10779208121677075,0.10840666508465979
2025-06-02,2822.7073170731705,1900.0,4500.0,82,0.0,1.0,2,6,0,153,2893.5373134328356,2611.9859154929577,2607.4239130434785,2638.590361445783,2637.942528735632,2776.0768486663214,2684.0045273899113,2662.8288810541244,121.11474197572929,-0.02447868774003603,0.08256555558639689
2025-06-03,2699.6588235294116,2000.0,4500.0,85,0.0,1.0,3,6,1,154,2822.7073170731705,2893.5373134328356,2611.9859154929577,2605.7176470588233,2654.8888888888887,2805.3011513451397,2697.4246954571386,2666.0267335284475,116.09493193220867,-0.04359236708655512,0.033565612860476435
2025-06-04,2631.25,2350.0,3200.0,8,0.0,1.0,4,6,2,155,2699.6588235294116,2822.7073170731705,2893.5373134328356,2636.121951219512,2651.413043478261,2717.8720468675274,2696.7287024257794,2664.5865161371435,116.53745631466042,-0.02533980328668972,-0.0906459067298715
2025-06-05,2650.3764705882354,2121.0,4500.0,85,0.0,1.0,5,6,3,156,2631.25,2699.6588235294116,2822.7073170731705,2610.537634408602,2653.2758620689656,2660.428431372549,2702.4199647371556,2664.379416745662,112.53056493626485,0.007268967444459928,-0.061051617162923844
2025-06-06,2629.7176470588233,2000.0,4500.0,85,0.0,1.0,6,6,4,157,2650.3764705882354,2631.25,2699.6588235294116,2607.4239130434785,2654.244680851064,2637.114705882353,2705.604783882205,2662.6274857605026,109.67310815688899,-0.007794675118296346,-0.025907413137172042
2025-06-07,2706.4444444444443,2490.0,3350.0,9,0.0,1.0,7,6,5,158,2629.7176470588233,2650.3764705882354,2631.25,2611.9859154929577,2659.0169491525426,2662.179520697168,2719.0988594467026,2666.0151639956384,101.7601148950718,0.02917681959941021,0.028577461071522814
2025-06-08,2659.752941176471,2150.0,4750.0,85,0.0,1.0,8,6,6,159,2706.4444444444443,2629.7176470588233,2650.3764705882354,2893.5373134328356,2580.1428571428573,2665.305010893246,2685.701091981508,2671.701598569468,67.59686085586267,-0.017251971812618505,0.0035377881943519096
2025-06-09,2814.8260869565215,2300.0,4750.0,23,0.0,1.0,9,6,0,160,2659.752941176471,2706.4444444444443,2629.7176470588233,2822.7073170731705,2638.590361445783,2727.007824192479,2684.5752019648435,2684.289864677378,64.94831124379326,0.05830359029942778,0.07039099429732709
2025-06-10,2617.2134831460676,2000.0,4800.0,89,0.0,1.0,10,6,1,161,2814.8260869565215,2659.752941176471,2706.4444444444443,2699.6588235294116,2605.7176470588233,2697.2641704263533,2672.7972961957944,2685.1109958264665,69.09986839484449,-0.07020419653141663,-0.03296981080899053
2025-06-12,2588.4666666666667,2100.0,3420.0,15,0.0,2.0,12,6,3,163,2617.2134831460676,2814.8260869565215,2659.752941176471,2631.25,2636.121951219512,2673.5020789230853,2666.68539143389,2681.7070469298346,75.02526293409113,-0.010983749191466496,-0.026801840654520515
2025-06-13,2618.9270833333335,1800.0,4200.0,96,0.0,1.0,13,6,4,164,2588.4666666666667,2617.2134831460676,2814.8260869565215,2650.3764705882354,2610.537634408602,2608.202411048689,2662.1926218260464,2682.3062932816015,77.07822942981481,0.011767745383367334,-0.06959541995541196
2025-06-14,2603.6478873239435,2000.0,4200.0,71,0.0,1.0,14,6,5,165,2618.9270833333335,2588.4666666666667,2617.2134831460676,2629.7176470588233,2607.4239130434785,2603.680545774648,2658.4683704353497,2682.0365771587776,79.50062088337573,-0.005834143343136922,-0.005183220975087388
2025-06-15,2663.8,2300.0,3400.0,15,0.0,1.0,15,6,6,166,2603.6478873239435,2618.9270833333335,2588.4666666666667,2706.4444444444443,2611.9859154929577,2628.7916568857586,2652.376306943286,2685.7375831949944,76.79954672001968,0.02310301364824019,0.02910345893321664
2025-06-16,2585.989898989899,1700.0,4200.0,99,0.0,1.0,16,6,0,167,2663.8,2603.6478873239435,2618.9270833333335,2659.752941176471,2893.5373134328356,2617.8125954379475,2641.8387294880617,2663.769910734785,80.58585371760651,-0.02921018883178217,-0.012576594649406081
2025-06-17,2597.3118279569894,2100.0,4200.0,93,0.0,1.0,17,6,1,168,2585.989898989899,2663.8,2603.6478873239435,2814.8260869565215,2822.7073170731705,2615.700575648963,2610.7652639167,2647.6702329407717,26.657007190447338,0.004378179888294698,-0.0024335315838218685
2025-06-18,2588.0666666666666,2010.0,4200.0,90,0.0,1.0,18,6,2,169,2597.3118279569894,2585.989898989899,2663.8,2617.2134831460676,2699.6588235294116,2590.4561312045184,2606.6014329910713,2639.699364593433,27.736439822485817,-0.0035595114883048007,-0.028430562855069286
2025-06-19,2611.1612903225805,2000.0,4200.0,93,0.0,1.0,19,6,3,170,2588.0666666666666,2597.3118279569894,2585.989898989899,2588.4666666666667,2631.25,2598.846594982079,2609.8435220847737,2638.2644567593316,26.565030652973547,0.008923504155964768,0.009733754699704722
2025-06-20,2579.9591836734694,2000.0,4200.0,98,0.0,1.0,20,6,4,171,2611.1612903225805,2588.0666666666666,2597.3118279569894,2618.9270833333335,2650.3764705882354,2593.062380220905,2604.276679276221,2633.234650551134,28.366175711281933,-0.01194951333138694,-0.00668100152501494
2025-06-21,2576.2911392405063,2200.0,4000.0,79,0.0,1.0,21,6,5,172,2579.9591836734694,2611.1612903225805,2588.0666666666666,2603.6478873239435,2629.7176470588233,2589.1372044121854,2600.368572407159,2629.418471421254,30.286744965334794,-0.0014217451408438109,-0.004549932031436721
2025-06-22,2559.9285714285716,2200.0,2850.0,14,0.0,1.0,22,6,6,173,2576.2911392405063,2579.9591836734694,2611.1612903225805,2663.8,2706.4444444444443,2572.0596314475156,2585.5297968969544,2618.9530519201203,16.19796481948063,-0.006351210685279329,-0.019620664217061656
2025-06-23,2576.070707070707,2100.0,4200.0,99,0.0,1.0,23,6,0,174,2559.9285714285716,2576.2911392405063,2579.9591836734694,2585.989898989899,2659.752941176471,2570.7634725799285,2584.1127694799275,2612.975749483994,16.58036642769446,0.006305697675434541,-0.0015071853180349537
2025-06-24,2596.25,2200.0,4200.0,84,0.0,1.0,24,6,1,175,2576.070707070707,2559.9285714285716,2576.2911392405063,2597.3118279569894,2814.8260869565215,2577.4164261664264,2583.961079771786,2597.3631718442425,16.44378026744105,0.007833361434492314,0.007747129373498307
2025-06-25,2606.0810810810813,2100.0,4200.0,74,0.0,1.0,25,6,2,176,2596.25,2576.070707070707,2559.9285714285716,2588.0666666666666,2617.2134831460676,2592.800596050596,2586.5345675452736,2596.568000268173,18.477311293552013,0.0037866465406186656,0.018028827119482616
2025-06-26,2579.548780487805,2030.0,4200.0,82,0.0,1.0,26,6,3,177,2606.0810810810813,2596.25,2576.070707070707,2611.1612903225805,2588.4666666666667,2593.9599538562957,2582.0184947117345,2595.9310083982537,14.989037911255505,-0.010180919076497097,0.0013501467205661033
2025-06-27,2568.5196078431372,2000.0,4200.0,102,0.0,1.0,27,6,4,178,2579.548780487805,2606.0810810810813,2596.25,2579.9591836734694,2618.9270833333335,2584.716489804008,2580.3842695931157,2592.3304744346683,15.849878483240836,-0.004275620886914133,-0.010680940647804671
2025-06-28,2578.7733333333335,2100.0,4200.0,75,0.0,1.0,28,6,5,179,2568.5196078431372,2579.548780487805,2606.0810810810813,2576.2911392405063,2603.6478873239435,2575.613907221425,2580.738868749234,2590.5537205781957,15.770611398103632,0.00399207600319107,-0.010478472042174447
2025-06-29,2623.4615384615386,2400.0,3300.0,13,0.0,1.0,29,6,6,180,2578.7733333333335,2568.5196078431372,2579.548780487805,2559.9285714285716,2663.8,2590.2514932126696,2589.8150068968002,2587.6724018968775,19.612059004074506,0.017329248969098376,0.017023426075869708
2025-06-30,2560.1063829787236,2000.0,4000.0,94,0.0,1.0,30,6,0,181,2623.4615384615386,2578.7733333333335,2568.5196078431372,2576.070707070707,2585.989898989899,2587.4470849245317,2587.534389169374,2585.8235793246504,22.23017913836031,-0.02414945085109499,-0.0032755151405982064
2025-07-01,2966.0526315789475,2300.0,4400.0,57,0.0,1.0,1,7,1,182,2560.1063829787236,2623.4615384615386,2578.7733333333335,2596.25,2597.3118279569894,2716.5401843397367,2640.363336537795,2612.1622081547903,145.27496881857792,0.1585661640075673,0.15017965838238867
2025-07-02,2800.785714285714,2010.0,4500.0,70,0.0,1.0,2,7,2,183,2966.0526315789475,2560.1063829787236,2623.4615384615386,2606.0810810810813,2588.0666666666666,2775.648242947795,2668.178284138457,2627.3564258418655,155.87028071676306,-0.055719482363081,0.06759168115274261
2025-07-03,2695.621052631579,2000.0,4500.0,95,0.0,1.0,3,7,3,184,2800.785714285714,2966.0526315789475,2560.1063829787236,2579.548780487805,2611.1612903225805,2820.819799498747,2684.7600373018536,2633.3892660067936,150.9671605149819,-0.03754827122893811,0.05293321814821694
2025-07-04,2679.3653846153848,1800.0,4650.0,104,0.0,1.0,4,7,4,185,2695.621052631579,2800.785714285714,2966.0526315789475,2568.5196078431372,2579.9591836734694,2725.257383844226,2700.595148269317,2640.489708931216,142.30747871254854,-0.00603039807851502,-0.09665615637135472
2025-07-05,2631.1609195402298,2000.0,4500.0,87,0.0,1.0,5,7,5,186,2679.3653846153848,2695.621052631579,2800.785714285714,2578.7733333333335,2576.2911392405063,2668.7157855957316,2708.079089156017,2644.4089789526256,136.074123741236,-0.017991000910864807,-0.06056328903717789
2025-07-06,2644.5,2300.0,4200.0,18,0.0,1.0,6,7,6,187,2631.1609195402298,2679.3653846153848,2695.621052631579,2623.4615384615386,2559.9285714285716,2651.6754347185383,2711.0845836615113,2650.449795279156,134.11185792929805,0.005069655892464775,-0.0189644804048672
2025-07-07,2562.1728395061727,2010.0,4000.0,81,0.0,1.0,7,7,0,188,2644.5,2631.1609195402298,2679.3653846153848,2560.1063829787236,2576.070707070707,2612.611253015468,2711.379791736861,2649.457090453118,133.72585330618753,-0.03113146549208823,-0.04373891884328973
2025-07-08,2650.3373493975905,1900.0,4800.0,83,0.0,1.0,8,7,1,189,2562.1728395061727,2644.5,2631.1609195402298,2966.0526315789475,2596.25,2619.0033963012543,2666.277608568096,2653.320472552946,72.94301312462856,0.034410055610616164,0.007288201080727363
2025-07-09,2594.0,2200.0,3250.0,13,0.0,1.0,9,7,2,190,2650.3373493975905,2562.1728395061727,2644.5,2800.785714285714,2606.0810810810813,2602.1700629679212,2636.736792241565,2652.457538190011,46.452668337631685,-0.021256671121657633,-0.019096237474002686
2025-07-10,2628.278481012658,2001.0,4750.0,79,0.0,1.0,10,7,3,191,2594.0,2650.3373493975905,2562.1728395061727,2695.621052631579,2579.548780487805,2624.205276803416,2627.1164248674336,2655.938231084644,38.52148535209468,0.01321452621922048,0.02580061754117513
2025-07-12,2520.3333333333335,2500.0,2550.0,3,0.0,2.0,12,7,5,193,2628.278481012658,2594.0,2650.3373493975905,2679.3653846153848,2568.5196078431372,2580.8706047819974,2604.3975603985696,2652.496354333943,48.24084753599313,-0.04107066601166787,-0.04905187488445817
2025-07-13,2659.6666666666665,2500.0,3300.0,12,0.0,1.0,13,7,6,194,2520.3333333333335,2628.278481012658,2594.0,2631.1609195402298,2578.7733333333335,2602.759493670886,2608.46980998806,2658.274449572039,51.93808882384289,0.05528369263324939,0.025314829092778046
2025-07-14,2568.2528735632186,2000.0,4200.0,87,0.0,1.0,14,7,0,195,2659.6666666666665,2520.3333333333335,2628.278481012658,2644.5,2623.4615384615386,2582.7509578544064,2597.5773633542344,2654.330973507873,51.11115346550914,-0.034370394699880125,-0.022838374199339873
2025-07-15,2574.3595505617977,2100.0,4200.0,89,0.0,1.0,15,7,1,196,2568.2528735632186,2659.6666666666665,2520.3333333333335,2562.1728395061727,2560.1063829787236,2600.759696930561,2599.3183220764663,2655.349056906664,49.8973446395997,0.0023777553454487066,0.021436139622456496
2025-07-16,2580.525641025641,2000.0,4200.0,78,0.0,1.0,16,7,2,197,2574.3595505617977,2568.2528735632186,2659.6666666666665,2650.3373493975905,2966.0526315789475,2574.379355050219,2589.345220880474,2627.811414724285,44.70729711602708,0.0023951939667858912,-0.02975599409989671
2025-07-17,2588.8390804597702,2100.0,4200.0,87,0.0,1.0,17,7,3,198,2580.525641025641,2574.3595505617977,2568.2528735632186,2594.0,2800.785714285714,2581.2414240157364,2588.607946660441,2612.6723694510033,44.66027072814941,0.003221606986561376,0.008015646398553455
2025-07-18,2581.5851063829787,2000.0,4200.0,94,0.0,1.0,18,7,4,199,2588.8390804597702,2580.525641025641,2574.3595505617977,2628.278481012658,2695.621052631579,2583.6499426227965,2581.937464570487,2604.5269447189603,41.09205186662308,-0.0028020181445589376,0.0028067391828014987
2025-07-19,2605.1805555555557,2100.0,4200.0,72,0.0,1.0,19,7,5,200,2581.5851063829787,2588.8390804597702,2580.525641025641,2520.3333333333335,2679.3653846153848,2591.868247466102,2594.058496316519,2599.228028357544,31.219856871848968,0.009139907537519143,0.00955422187555377
2025-07-20,2650.0,2500.0,3100.0,9,0.0,1.0,20,7,6,201,2605.1805555555557,2581.5851063829787,2588.8390804597702,2659.6666666666665,2631.1609195402298,2612.2552206461783,2592.677543935566,2600.573676961813,27.867984587809158,0.0172039685882297,0.02362484404761367
2025-07-21,2572.5,2100.0,4200.0,96,0.0,1.0,21,7,0,202,2650.0,2605.1805555555557,2581.5851063829787,2568.2528735632186,2644.5,2609.226851851852,2593.2842762836776,2595.430819818956,27.287785049347423,-0.029245283018867974,-0.003519196930798718
2025-07-22,2631.7432432432433,2100.0,4200.0,74,0.0,1.0,22,7,1,203,2572.5,2650.0,2605.1805555555557,2574.3595505617977,2562.1728395061727,2618.0810810810813,2601.481946666742,2600.400134371604,29.20694430947014,0.023029443437606822,0.010196102389541828
2025-07-23,2581.5806451612902,2000.0,4200.0,93,0.0,1.0,23,7,2,204,2631.7432432432433,2572.5,2650.0,2580.525641025641,2650.3373493975905,2595.274629468178,2601.6326615432627,2595.488941211868,29.08324152625975,-0.01906059727169085,-0.025818624467437656
2025-07-24,2632.6338028169016,1960.0,4300.0,71,0.0,1.0,24,7,3,205,2581.5806451612902,2631.7432432432433,2572.5,2588.8390804597702,2594.0,2615.319230407145,2607.8890504514243,2598.248498555932,30.546161390550207,0.019775929816990834,0.023375627917162856
2025-07-25,2600.7454545454543,2100.0,4200.0,55,0.0,1.0,25,7,4,206,2632.6338028169016,2581.5806451612902,2631.7432432432433,2581.5851063829787,2628.278481012658,2604.9866341745487,2610.6262430460633,2596.281853808275,28.592236067377687,-0.012112717020242969,-0.011778424349477512
2025-07-26,2662.8571428571427,2250.0,4200.0,14,0.0,1.0,26,7,5,207,2600.7454545454543,2632.6338028169016,2581.5806451612902,2605.1805555555557,2520.3333333333335,2632.0788000731663,2618.865755517719,2606.4621259171186,34.46805333066205,0.023882263526840974,0.03148323018620025
2025-07-27,2598.4615384615386,2400.0,3250.0,13,0.0,1.0,27,7,6,208,2662.8571428571427,2600.7454545454543,2632.6338028169016,2650.0,2659.6666666666665,2620.6880452880455,2611.503118155081,2602.0903310453236,32.13464406236668,-0.024182898646417872,-0.012980257382853244
2025-07-28,2611.315789473684,2100.0,4200.0,76,0.0,1.0,28,7,0,209,2598.4615384615386,2662.8571428571427,2600.7454545454543,2572.5,2568.2528735632186,2624.211490264122,2617.048230937037,2605.166253610357,27.262202252548164,0.0049468698388954735,0.004064348131323392
2025-07-29,2791.1739130434785,2370.0,4200.0,23,0.0,1.0,29,7,1,210,2611.315789473684,2598.4615384615386,2662.8571428571427,2631.7432432432433,2574.3595505617977,2666.9837469929003,2639.8240409084983,2620.65299378762,71.80066523985283,0.06887643550994849,0.04818762828886003
2025-07-30,2645.2025316455697,2075.0,4000.0,79,0.0,1.0,30,7,2,211,2791.1739130434785,2611.315789473684,2598.4615384615386,2581.5806451612902,2580.525641025641,2682.564078054244,2648.9128818348245,2625.2727716890436,67.07011130410011,-0.05229748698773928,0.01798794882748389
2025-07-31,2640.5714285714284,2100.0,4150.0,77,0.0,1.0,31,7,3,212,2645.2025316455697,2791.1739130434785,2611.315789473684,2632.6338028169016,2588.8390804597702,2692.315957753492,2650.0468283711853,2628.9679394113045,66.815628869934,-0.0017507555730563729,0.011203409107268802
2025-08-01,2981.633333333333,2300.0,4450.0,60,0.0,1.0,1,8,4,213,2640.5714285714284,2645.2025316455697,2791.1739130434785,2600.7454545454543,2581.5851063829787,2755.802431183444,2704.4593824837393,2657.5428127649016,137.58625904273742,0.12916215826300226,0.06823631426182941
2025-08-02,2718.9803921568628,2020.0,3530.0,51,0.0,1.0,2,8,5,214,2981.633333333333,2640.5714285714284,2645.2025316455697,2662.8571428571427,2605.1805555555557,2780.395051353875,2712.4769895265563,2665.6713725221375,136.38793402483586,-0.08809028871529156,0.027891195335200347
2025-08-03,2695.5696202531644,2140.0,4500.0,79,0.0,1.0,3,8,6,215,2718.9803921568628,2981.633333333333,2640.5714285714284,2598.4615384615386,2650.0,2798.7277819144533,2726.349572639646,2668.926345397364,127.50765166841117,-0.00861012899218716,0.020828140108859028
2025-08-04,2702.9,2100.0,4700.0,100,0.0,1.0,4,8,0,216,2695.5696202531644,2718.9803921568628,2981.633333333333,2611.315789473684,2572.5,2705.8166708033423,2739.4330312862626,2678.2406311116497,118.08759486101889,0.002719417703686444,-0.09348343748951915
2025-08-05,2599.226804123711,1700.0,4500.0,97,0.0,1.0,5,8,1,217,2702.9,2695.5696202531644,2718.9803921568628,2791.1739130434785,2631.7432432432433,2665.8988081256252,2712.012015726296,2675.918028317397,126.08552850487769,-0.03835628246560685,-0.04404356441061186
2025-08-06,2624.1875,2200.0,3400.0,16,0.0,1.0,6,8,2,218,2599.226804123711,2702.9,2695.5696202531644,2645.2025316455697,2581.5806451612902,2642.104768041237,2709.009868348357,2678.961375091591,128.17430265553733,0.00960312345066927,-0.026481274947170674
2025-08-07,2575.065789473684,2100.0,4200.0,76,0.0,1.0,7,8,3,219,2624.1875,2599.226804123711,2702.9,2640.5714285714284,2632.6338028169016,2599.4933645324654,2699.6519199058225,2674.8493741385037,136.14704611835,-0.018718826503942965,-0.04729520534474674
2025-08-08,2674.6388888888887,2100.0,4750.0,72,0.0,1.0,8,8,4,220,2575.065789473684,2624.1875,2599.226804123711,2981.633333333333,2600.7454545454543,2624.630726120858,2655.795570699473,2680.127476591606,56.07225642363675,0.03866817687619406,0.02901327604252746
2025-08-09,2705.457142857143,2100.0,4700.0,70,0.0,1.0,9,8,5,221,2674.6388888888887,2575.065789473684,2624.1875,2718.9803921568628,2662.8571428571427,2651.7206070732386,2653.86367794237,2683.1703337344634,53.715938450679616,0.011522398068868567,0.030969449727636933
2025-08-10,2623.3894736842103,2000.0,4800.0,95,0.0,1.0,10,8,6,222,2705.457142857143,2674.6388888888887,2575.065789473684,2695.5696202531644,2598.4615384615386,2667.828501810081,2643.5522284325198,2684.950900536083,51.24682400891015,-0.030334122789416607,0.018765999846708015
2025-08-12,2483.1428571428573,2200.0,2792.0,7,0.0,2.0,12,8,1,224,2623.3894736842103,2705.457142857143,2674.6388888888887,2702.9,2611.315789473684,2603.99649122807,2612.1583508814992,2675.7956910838807,71.95762804097859,-0.05346008206108821,-0.07159696680608107
2025-08-13,2665.1954022988507,2100.0,4800.0,87,0.0,1.0,13,8,2,225,2483.1428571428573,2623.3894736842103,2705.457142857143,2599.226804123711,2791.1739130434785,2590.5759110419726,2621.5824363350907,2666.797226030693,74.26463000058656,0.07331537314992254,-0.01488167745129132
2025-08-14,2712.377049180328,2100.0,4800.0,61,0.0,1.0,14,8,3,226,2665.1954022988507,2483.1428571428573,2623.3894736842103,2624.1875,2645.2025316455697,2620.2384362073453,2634.1809433608514,2671.5954058546045,81.87106766619344,0.01770288468934811,0.03392084034367415
2025-08-15,2466.875,2100.0,2750.0,8,0.0,1.0,15,8,4,227,2712.377049180328,2665.1954022988507,2483.1428571428573,2575.065789473684,2640.5714285714284,2614.815817159726,2618.7251162931825,2659.1885180995023,102.50343852537881,-0.09051177057205895,-0.00655131745483839
2025-08-16,2689.425925925926,2100.0,4850.0,54,0.0,1.0,16,8,5,228,2466.875,2712.377049180328,2665.1954022988507,2674.6388888888887,2981.633333333333,2622.892658368751,2620.837550155617,2638.316560427545,103.9893803361955,0.09021572877666117,0.009091462339374967
2025-08-17,2705.0,2500.0,3500.0,13,0.0,1.0,17,8,6,229,2689.425925925926,2466.875,2712.377049180328,2705.457142857143,2718.9803921568628,2620.4336419753085,2620.7722440331677,2637.317960987769,103.92750676701223,0.005790854443671556,-0.0027197727478770473
2025-08-18,2671.152777777778,2000.0,4650.0,72,0.0,1.0,18,8,0,230,2705.0,2689.425925925926,2466.875,2623.3894736842103,2695.5696202531644,2688.5262345679016,2627.5955731893914,2635.5739008109554,105.68112691864623,-0.012512836311357578,0.08280832136925365
2025-08-19,2672.934210526316,2075.0,4750.0,76,0.0,1.0,19,8,1,231,2671.152777777778,2705.0,2689.425925925926,2483.1428571428573,2702.9,2683.0289961013646,2654.7086236727423,2633.433487277121,84.70948966667143,0.0006669153345919554,-0.006132057864331131
2025-08-20,2641.116883116883,2000.0,4750.0,77,0.0,1.0,20,8,2,232,2672.934210526316,2671.152777777778,2705.0,2665.1954022988507,2599.226804123711,2661.734623806992,2651.268835218176,2636.425635776633,84.70155814252311,-0.011903520589520156,-0.023616679069544233
2025-08-21,2721.4057971014495,2100.0,4850.0,69,0.0,1.0,21,8,3,233,2641.116883116883,2672.934210526316,2671.152777777778,2712.377049180328,2624.1875,2678.4856302482162,2652.5586563497645,2643.369799855308,85.84817785810247,0.030399606506552823,0.018813232901443655
2025-08-22,2872.32,2100.0,4750.0,25,0.0,1.0,22,8,4,234,2721.4057971014495,2641.116883116883,2672.934210526316,2466.875,2575.065789473684,2744.947560072778,2710.479370635479,2664.602243464331,75.88634239582917,0.055454501882552076,0.07459434979300306
2025-08-23,2759.684210526316,2200.0,4650.0,38,0.0,1.0,23,8,5,235,2872.32,2721.4057971014495,2641.116883116883,2689.425925925926,2674.6388888888887,2784.470002542588,2720.5162684355346,2670.6769092955756,77.27129187232126,-0.03921422037714606,0.04489287398348951
2025-08-24,2665.6666666666665,2200.0,3250.0,9,0.0,1.0,24,8,6,236,2759.684210526316,2872.32,2721.4057971014495,2705.0,2705.457142857143,2765.8902923976607,2714.8972208164873,2667.8347324248275,79.97064423975539,-0.03406822545167898,-0.020481741640350104
2025-08-25,2647.3333333333335,2100.0,4750.0,93,0.0,1.0,25,8,0,237,2665.6666666666665,2759.684210526316,2872.32,2671.152777777778,2623.3894736842103,2690.8947368421054,2711.494443038709,2669.5450081140502,82.60556272588845,-0.006877579092159469,-0.07832924836601307
2025-08-26,2709.0625,2100.0,4750.0,64,0.0,1.0,26,8,1,238,2647.3333333333335,2665.6666666666665,2759.684210526316,2672.934210526316,2483.1428571428573,2674.0208333333335,2716.6556272492353,2685.682125460989,80.90594541185109,0.02331748929740618,-0.01834329824159897
2025-08-27,2710.0,2200.0,4750.0,15,0.0,1.0,27,8,2,239,2709.0625,2647.3333333333335,2665.6666666666665,2641.116883116883,2665.1954022988507,2688.7986111111113,2726.4960725182523,2688.882453868214,74.08889591255905,0.00034606067597175993,0.01663123671376776
2025-08-28,2684.720588235294,2000.0,4800.0,68,0.0,1.0,28,8,3,240,2710.0,2709.0625,2647.3333333333335,2721.4057971014495,2712.377049180328,2701.2610294117644,2721.255328394516,2686.90699237214,75.78699248080746,-0.00932819622313874,0.014122609507162265
2025-08-29,2701.1129032258063,2025.0,4400.0,62,0.0,1.0,29,8,4,241,2684.720588235294,2710.0,2709.0625,2872.32,2466.875,2698.611163820367,2696.7971717124883,2703.6382711739834,36.1934194344388,0.006105780639648284,-0.0029344456889398574
2025-08-30,2753.875,2000.0,4750.0,32,0.0,1.0,30,8,5,242,2701.1129032258063,2684.720588235294,2710.0,2759.684210526316,2689.425925925926,2713.236163820367,2695.967284494443,2708.2417764649886,34.53997564134308,0.01953346589518068,0.01619003690036891
2025-08-31,2704.1428571428573,2300.0,3450.0,7,0.0,1.0,31,8,6,243,2753.875,2701.1129032258063,2684.720588235294,2665.6666666666665,2705.0,2719.7102534562214,2701.463883133899,2708.180551975193,31.8728826093822,-0.018058968855573565,0.007234372542406664
2025-09-01,2911.1111111111113,2300.0,4400.0,63,0.0,1.0,1,9,0,244,2704.1428571428573,2753.875,2701.1129032258063,2647.3333333333335,2671.152777777778,2789.709656084656,2739.146422816438,2725.3204329275736,78.71606260618063,0.0765374704304389,0.07774506857322194
2025-09-02,2783.3333333333335,2700.0,2850.0,3,0.0,1.0,2,9,1,245,2911.1111111111113,2704.1428571428573,2753.875,2709.0625,2672.934210526316,2799.5291005291006,2749.756541864058,2733.206084556646,78.9902202162714,-0.043893129770992356,0.010697048098891049
2025-09-03,2724.5833333333335,2140.0,3500.0,12,0.0,1.0,3,9,2,246,2783.3333333333335,2911.1111111111113,2704.1428571428573,2710.0,2641.116883116883,2806.342592592593,2751.839875197391,2739.1679738578214,77.9523948757493,-0.0211077844311377,0.0075589483508549105
2025-09-04,2691.4805194805194,2100.0,4500.0,77,0.0,1.0,4,9,3,247,2724.5833333333335,2783.3333333333335,2911.1111111111113,2684.720588235294,2721.4057971014495,2733.1323953823958,2752.8055796609947,2737.030454027755,77.01859109512324,-0.012149679346498465,-0.07544562307921099
2025-09-05,2624.8541666666665,1950.0,4500.0,96,0.0,1.0,5,9,4,248,2691.4805194805194,2724.5833333333335,2783.3333333333335,2701.1129032258063,2872.32,2680.3060064935066,2741.9114744382605,2719.3543230753744,89.87012929374947,-0.0247545365205587,-0.05693862275449113
2025-09-06,2592.263736263736,1900.0,4200.0,91,0.0,1.0,6,9,5,249,2624.8541666666665,2691.4805194805194,2724.5833333333335,2753.875,2759.684210526316,2636.199474136974,2718.824151047365,2707.3957177709044,105.65666797308408,-0.012416091841139232,-0.04856507615339256
2025-09-07,2560.2533333333336,2200.0,4200.0,75,0.0,1.0,7,9,6,250,2592.263736263736,2624.8541666666665,2691.4805194805194,2704.1428571428573,2665.6666666666665,2592.4570787545786,2698.268504788862,2699.8661939613803,121.7589220626163,-0.012348436033958299,-0.04875650601867032
2025-09-08,2887.5,2575.0,3200.0,2,0.0,1.0,8,9,0,251,2560.2533333333336,2592.263736263736,2624.8541666666665,2911.1111111111113,2647.3333333333335,2680.00568986569,2694.895488915846,2717.0209558661422,115.02054430429625,0.12781808050245025,0.10006111450636146
2025-09-09,2690.974025974026,2200.0,4850.0,77,0.0,1.0,9,9,1,252,2887.5,2560.2533333333336,2592.263736263736,2783.3333333333335,2709.0625,2712.90911976912,2681.7013021502307,2715.7289220071443,108.28501994573637,-0.06806094338561863,0.03807879897766986
2025-09-10,2586.434210526316,1991.0,4750.0,76,0.0,1.0,10,9,2,253,2690.974025974026,2887.5,2560.2533333333336,2724.5833333333335,2710.0,2721.6360788334473,2661.9657131777994,2706.902794187595,111.70225983342357,-0.0388483182812851,0.010225893216159188
2025-09-12,2456.714285714286,1883.0,2638.0,7,0.0,2.0,12,9,4,255,2586.434210526316,2690.974025974026,2887.5,2691.4805194805194,2684.720588235294,2578.040840738209,2628.4276797826233,2690.6166297218087,134.31790399891813,-0.0501539626579689,-0.14918985776128635
2025-09-13,2712.25,2350.0,3335.0,12,0.0,1.0,13,9,5,256,2456.714285714286,2586.434210526316,2690.974025974026,2624.8541666666665,2701.1129032258063,2585.1328320802004,2640.9127988302425,2691.412136634251,137.94326127988074,0.10401523521544442,0.007906421177095169
2025-09-14,2693.714285714286,2500.0,3600.0,14,0.0,1.0,14,9,6,257,2712.25,2456.714285714286,2586.434210526316,2592.263736263736,2753.875,2620.8928571428573,2655.4057344660355,2687.1149427567,137.308053563474,-0.006834072923113332,0.041477983376248195
2025-09-15,2625.4337349397592,2100.0,4500.0,83,0.0,1.0,15,9,0,258,2693.714285714286,2712.25,2456.714285714286,2560.2533333333336,2704.1428571428573,2677.1326735513485,2664.71722040981,2681.4928625993366,131.8827916252756,-0.0253481043392918,0.06867687065059691
2025-09-16,2633.5853658536585,2100.0,4750.0,82,0.0,1.0,16,9,1,259,2625.4337349397592,2693.714285714286,2712.25,2887.5,2911.1111111111113,2650.9111288359013,2628.443701246047,2661.669595080947,88.01995275671358,0.003104870180273833,-0.029003459912007257
2025-09-17,2678.6285714285714,2100.0,4800.0,70,0.0,1.0,17,9,2,260,2633.5853658536585,2625.4337349397592,2693.714285714286,2690.974025974026,2783.3333333333335,2645.8825574073294,2626.680064882411,2654.190683516321,86.67158251300611,0.017103377835756106,-0.005600339414509992
2025-09-18,2612.6279069767443,2000.0,4300.0,86,0.0,1.0,18,9,3,261,2678.6285714285714,2633.5853658536585,2625.4337349397592,2586.434210526316,2724.5833333333335,2641.6139480863244,2630.4220215181863,2646.1938673479926,85.19731799823897,-0.024639722414603993,-0.004877604714448758
2025-09-19,2645.747252747253,2100.0,4800.0,91,0.0,1.0,19,9,4,262,2612.6279069767443,2678.6285714285714,2633.5853658536585,2456.714285714286,2691.4805194805194,2645.6679103841893,2657.4267310943246,2642.927205438474,37.65457657802544,0.012676640895577629,0.004617996079140596
2025-09-20,2651.967213114754,2000.0,4750.0,61,0.0,1.0,20,9,5,263,2645.747252747253,2612.6279069767443,2678.6285714285714,2712.25,2624.8541666666665,2636.7807909462504,2648.814904396432,2644.863851613337,28.902922093237088,0.0023509276485282893,-0.00995336143211456
2025-09-21,2551.8571428571427,2200.0,3250.0,14,0.0,1.0,21,9,6,264,2651.967213114754,2645.747252747253,2612.6279069767443,2693.714285714286,2592.263736263736,2616.52386957305,2628.5495982739835,2641.9776663700095,39.83789671383981,-0.03774936196893297,-0.023260397685150536
2025-09-22,2628.5087719298244,2000.0,4800.0,57,0.0,1.0,22,9,0,265,2551.8571428571427,2651.967213114754,2645.747252747253,2625.4337349397592,2560.2533333333336,2610.777709300574,2628.9888892725644,2646.8530548411873,39.81475922715546,0.030037586268195193,-0.006515543311829353
2025-09-23,2623.1710526315787,2000.0,4750.0,76,0.0,1.0,23,9,1,266,2628.5087719298244,2551.8571428571427,2651.967213114754,2633.5853658536585,2887.5,2601.178989139515,2627.5011302408384,2627.972415743443,39.80895199065054,-0.0020307024862339373,-0.010858414968620167
2025-09-24,2596.075,2000.0,4700.0,80,0.0,1.0,24,9,2,267,2623.1710526315787,2628.5087719298244,2551.8571428571427,2678.6285714285714,2690.974025974026,2615.918274853801,2615.7077628938996,2621.193913888155,33.93257475596345,-0.010329502761322384,0.017327716508985125
2025-09-25,2568.6666666666665,1900.0,4800.0,81,0.0,1.0,25,9,3,268,2596.075,2623.1710526315787,2628.5087719298244,2612.6279069767443,2586.434210526316,2595.9709064327485,2609.4275857067455,2619.924803612466,38.37493240100369,-0.01055760458897892,-0.02276656098781915
2025-09-26,2677.508474576271,2000.0,4750.0,59,0.0,1.0,26,9,4,269,2568.6666666666665,2596.075,2623.1710526315787,2645.747252747253,2456.714285714286,2614.0833804143126,2613.9649031108906,2635.695817102608,44.73550247741165,0.04237288135593231,0.02071440285610837
2025-09-27,2707.714285714286,2100.0,4800.0,56,0.0,1.0,27,9,5,270,2677.508474576271,2568.6666666666665,2596.075,2651.967213114754,2712.25,2651.2964756524075,2621.92877062511,2635.3718375107715,56.13733155372687,0.011281312991098913,0.043003104962023864
2025-09-28,2767.4285714285716,2300.0,3400.0,7,0.0,1.0,28,9,6,271,2707.714285714286,2677.508474576271,2568.6666666666665,2551.8571428571427,2693.714285714286,2717.5504439063766,2652.724688992457,2640.6371436332197,68.95631329933101,0.02205339242376292,0.07737940751177197
2025-09-29,2653.4473684210525,2100.0,4800.0,76,0.0,1.0,29,9,0,272,2767.4285714285716,2707.714285714286,2677.508474576271,2628.5087719298244,2625.4337349397592,2709.53007518797,2656.287345634061,2642.638117453312,68.1360193937627,-0.04118668289555205,-0.00898637908476696
2025-09-30,2615.7241379310344,2100.0,4750.0,87,0.0,1.0,30,9,1,273,2653.4473684210525,2767.4285714285716,2707.714285714286,2623.1710526315787,2633.5853658536585,2678.8666925935527,2655.22350067684,2641.362315458839,68.79421660193644,-0.014216686917918997,-0.03397335836671733
2025-10-01,2863.6916666666666,2150.0,4750.0,120,0.0,1.0,1,10,2,274,2615.7241379310344,2653.4473684210525,2767.4285714285716,2596.075,2678.6285714285714,2710.954391006251,2693.4544530577923,2654.581107975846,98.42514625033901,0.09479880738943969,0.034784310688966924
2025-10-02,2455.0,2455.0,2455.0,1,0.0,1.0,2,10,3,275,2863.6916666666666,2615.7241379310344,2653.4473684210525,2568.6666666666665,2612.6279069767443,2644.8052681992335,2677.2163578196974,2643.3219717632214,127.51984216738477,-0.14271496873208533,-0.07478850750265287
2025-10-03,2714.277777777778,2100.0,4500.0,90,0.0,1.0,3,10,4,276,2455.0,2863.6916666666666,2615.7241379310344,2677.508474576271,2645.747252747253,2677.6564814814815,2682.4691154199127,2648.217009265402,128.28885646503062,0.10561212944105014,0.037677382877499
2025-10-04,2896.4444444444443,2000.0,4700.0,18,0.0,1.0,4,10,5,277,2714.277777777778,2455.0,2863.6916666666666,2707.714285714286,2651.967213114754,2688.574074074074,2709.430566667078,2665.6796686460943,152.10077141658493,0.06711423132816163,0.011437257075899598
2025-10-05,2550.144927536232,1900.0,3450.0,69,0.0,1.0,5,10,6,278,2896.4444444444443,2714.277777777778,2455.0,2767.4285714285716,2551.8571428571427,2720.289049919485,2678.3900461110293,2665.5573675517435,160.2453415107587,-0.11956021375532877,0.03875557129785423
2025-10-06,2605.75,2200.0,4200.0,80,0.0,1.0,6,10,0,279,2550.144927536232,2896.4444444444443,2714.277777777778,2653.4473684210525,2628.5087719298244,2684.113123993559,2671.5761363365937,2663.9317409853275,162.4812042561467,0.02180467151625365,-0.0399840350410382
2025-10-07,2577.974358974359,2061.0,4200.0,78,0.0,1.0,7,10,1,280,2605.75,2550.144927536232,2896.4444444444443,2615.7241379310344,2623.1710526315787,2577.956428836864,2666.183310771354,2660.703405724097,165.24684537866446,-0.010659365259768294,-0.10995207799719076
2025-10-08,2705.0,2300.0,3400.0,14,0.0,1.0,8,10,2,281,2577.974358974359,2605.75,2550.144927536232,2863.6916666666666,2596.075,2629.5747863247866,2643.5130726761163,2668.4837628669547,143.0260618982565,0.049273430739698254,0.060724028188224644
2025-10-09,2663.8414634146343,2100.0,4850.0,82,0.0,1.0,9,10,3,282,2705.0,2577.974358974359,2605.75,2455.0,2568.6666666666665,2648.938607462998,2673.3475674496353,2675.281962634667,116.46466677654531,-0.015215725170190653,0.022293567462202457
2025-10-10,2578.8,2000.0,3450.0,15,0.0,1.0,10,10,4,283,2663.8414634146343,2705.0,2577.974358974359,2714.277777777778,2677.508474576271,2649.213821138211,2653.9935991956672,2668.2313573077895,119.74002354207497,-0.03192437109437585,0.0003202673536171208
2025-10-12,2598.1666666666665,2000.0,3425.0,12,0.0,2.0,12,10,6,285,2578.8,2663.8414634146343,2705.0,2896.4444444444443,2707.714285714286,2613.6027100271003,2611.382488084556,2660.406527375817,54.237634427935404,0.007509952949692256,-0.03949476278496622
2025-10-13,2593.451219512195,2000.0,4750.0,82,0.0,1.0,13,10,0,286,2598.1666666666665,2578.8,2663.8414634146343,2550.144927536232,2767.4285714285716,2590.139295392954,2617.5691012239795,2647.9795736675046,48.22499045407889,-0.0018149132674852853,-0.02642433675921907
2025-10-14,2603.506329113924,2000.0,4750.0,79,0.0,1.0,14,10,1,287,2593.451219512195,2598.1666666666665,2578.8,2605.75,2653.4473684210525,2598.3747384309286,2617.2485768116826,2644.4123565741384,48.323992453991494,0.0038771153766370414,0.009580552626773597
2025-10-15,2623.3882352941177,2000.0,4800.0,85,0.0,1.0,15,10,2,288,2603.506329113924,2593.451219512195,2598.1666666666665,2577.974358974359,2615.7241379310344,2606.7819279734126,2623.7362734287913,2644.9597921000727,45.11439025399392,0.007636588380010023,0.009707448313856393
2025-10-16,2610.5925925925926,2000.0,4750.0,81,0.0,1.0,16,10,3,289,2623.3882352941177,2603.506329113924,2593.451219512195,2705.0,2863.6916666666666,2612.4957190002115,2610.249500942019,2626.8812868090677,27.40912595241725,-0.0048775253808709396,0.00660948351425783
2025-10-17,2655.3076923076924,2100.0,4750.0,39,0.0,1.0,17,10,4,290,2610.5925925925926,2623.3882352941177,2603.506329113924,2663.8414634146343,2455.0,2629.762840064801,2609.030390783884,2641.1889791167596,24.682313753268396,0.017128333176910315,0.01989676868248602
2025-10-18,2630.794117647059,2100.0,4750.0,34,0.0,1.0,18,10,5,291,2655.3076923076924,2610.5925925925926,2623.3882352941177,2578.8,2714.277777777778,2632.2314675157813,2616.458121876321,2635.225860535994,21.713607979965982,-0.009231914904494154,0.0028230218666476237
2025-10-19,2529.2,2400.0,2600.0,5,0.0,1.0,19,10,6,292,2630.794117647059,2655.3076923076924,2610.5925925925926,2598.1666666666665,2896.4444444444443,2605.1006033182503,2606.60574092394,2608.9941145042476,39.64173149541362,-0.03861728174226087,-0.031177822546321288
2025-10-20,3591.6666666666665,2600.0,4750.0,3,0.0,1.0,20,10,0,293,2529.2,2630.794117647059,2655.3076923076924,2593.451219512195,2550.144927536232,2917.220261437908,2749.207947660293,2683.3885244421363,373.55344590493763,0.4200801307396278,0.3526367121488647
2025-10-21,2747.0,2747.0,2747.0,1,0.0,1.0,21,10,1,294,3591.6666666666665,2529.2,2630.794117647059,2603.506329113924,2605.75,2955.9555555555557,2769.7070435011615,2693.477810156422,368.12305111165045,-0.2351740139211137,0.044171408767202935
2025-10-22,3246.0,2388.0,4750.0,3,0.0,1.0,22,10,2,295,2747.0,3591.6666666666665,2529.2,2623.3882352941177,2577.974358974359,3194.8888888888887,2858.6515813162873,2741.1939273725393,400.65682649114837,0.1816527120495086,0.2834097738415311
2025-10-23,2566.375,2300.0,3250.0,8,0.0,1.0,23,10,3,296,3246.0,2747.0,3591.6666666666665,2610.5925925925926,2705.0,2853.125,2852.334782374488,2731.2921416582535,405.53840347143574,-0.20937307455329635,-0.28546403712296986
2025-10-24,2949.0,2100.0,3500.0,5,0.0,1.0,24,10,4,297,2566.375,3246.0,2747.0,2655.3076923076924,2663.8414634146343,2920.4583333333335,2894.290826330532,2751.6606085572084,396.8565447883889,0.14909161755394273,0.07353476519839819
2025-10-26,2741.6666666666665,2400.0,3300.0,3,0.0,2.0,26,10,6,299,2949.0,2566.375,3246.0,2630.794117647059,2578.8,2752.3472222222226,2910.129761904762,2763.2939418905416,386.6691562377058,-0.07030631852605407,-0.15537071267200664
2025-10-27,2731.1,2100.0,4750.0,20,0.0,1.0,27,10,0,300,2741.6666666666665,2949.0,2566.375,2529.2,2598.1666666666665,2807.2555555555555,2938.972619047619,2772.7891799857794,360.13863478739876,-0.003854103343465032,0.06418586527689829
2025-10-28,2583.0,2140.0,4650.0,32,0.0,1.0,28,10,1,301,2731.1,2741.6666666666665,2949.0,3591.6666666666665,2593.451219512195,2685.2555555555555,2794.877380952381,2772.042664306337,235.78307114146966,-0.05422723444765842,-0.12410986775178023
2025-10-29,2707.6071428571427,2150.0,4750.0,28,0.0,1.0,29,10,2,302,2583.0,2731.1,2741.6666666666665,2747.0,2603.506329113924,2673.902380952381,2789.2498299319727,2779.478436716567,237.57949734715098,0.04824124771859961,-0.012422926617455476
2025-10-30,2728.8260869565215,2310.0,4800.0,23,0.0,1.0,30,10,3,303,2707.6071428571427,2583.0,2731.1,3246.0,2623.3882352941177,2673.144409937888,2715.367842354333,2787.00971183531,126.15108639867,0.007836788344777412,-0.0008325997010283359
2025-10-31,2626.214285714286,2095.0,4400.0,28,0.0,1.0,31,10,4,304,2728.8260869565215,2707.6071428571427,2583.0,2566.375,2610.5925925925926,2687.54917184265,2723.916311742088,2788.125547058288,115.99032638114045,-0.03760290981265113,0.01673026934350985
2025-11-01,2883.0813953488373,2100.0,4500.0,86,0.0,1.0,1,11,5,305,2626.214285714286,2728.8260869565215,2707.6071428571427,2949.0,2655.3076923076924,2746.0405893398815,2714.4993682204936,2804.395097275513,95.54461455846845,0.0978088920739717,0.06480787028303125
2025-11-02,2775.0,2400.0,3300.0,6,0.0,1.0,2,11,6,306,2883.0813953488373,2626.214285714286,2728.8260869565215,2741.6666666666665,2630.794117647059,2761.4318936877075,2719.261272982398,2814.69551744358,97.92528989735263,-0.03748815261449112,0.016920797285024713
2025-11-03,2665.684210526316,2000.0,4500.0,114,0.0,1.0,3,11,0,307,2775.0,2883.0813953488373,2626.214285714286,2731.1,2529.2,2774.5885352917176,2709.9161602004433,2824.444389624031,99.71225488253474,-0.03939307728781416,0.015029209545745381
2025-11-04,2734.2795698924733,2000.0,4650.0,93,0.0,1.0,4,11,1,308,2665.684210526316,2775.0,2883.0813953488373,2583.0,3591.6666666666665,2724.9879268062627,2731.5275273279394,2763.2024541401597,82.53454663605727,0.025732740245557384,-0.05161207924841116
2025-11-05,2497.1111111111113,1800.0,2700.0,9,0.0,1.0,5,11,2,309,2734.2795698924733,2665.684210526316,2775.0,2707.6071428571427,2747.0,2632.3582971766336,2701.4566656499346,2745.353247790954,121.73795811415732,-0.08673892069884015,-0.10014014014014005
2025-11-06,2584.909090909091,2000.0,4200.0,88,0.0,1.0,6,11,3,310,2497.1111111111113,2734.2795698924733,2665.684210526316,2728.8260869565215,3246.0,2605.433257304225,2680.8970947860166,2698.1324685701743,128.3200185417842,0.035159821045733564,-0.030301833689924007
2025-11-07,2547.1477272727275,1700.0,4200.0,88,0.0,1.0,7,11,4,311,2584.909090909091,2497.1111111111113,2734.2795698924733,2626.214285714286,2566.375,2543.0559764309764,2669.601872151508,2696.759091946798,137.11416913960883,-0.014608391362453399,-0.06843917669585808
2025-11-08,2685.051948051948,2100.0,4800.0,77,0.0,1.0,8,11,5,312,2547.1477272727275,2584.909090909091,2497.1111111111113,2883.0813953488373,2949.0,2605.7029220779223,2641.3119511090954,2677.905659664794,101.54205439598424,0.05414064496639015,0.07526330570737416
2025-11-09,2686.109756097561,1920.0,4750.0,82,0.0,1.0,9,11,6,313,2685.051948051948,2547.1477272727275,2584.909090909091,2775.0,2741.6666666666665,2639.4364771407454,2628.6133448373184,2673.937308909858,86.47764602538558,0.0003939618547716961,0.039150570340900526
2025-11-10,2846.157894736842,2200.0,4750.0,19,0.0,1.0,10,11,0,314,2686.109756097561,2685.051948051948,2547.1477272727275,2665.684210526316,2731.1,2739.1065329621165,2654.395299724536,2682.15572996249,119.83927938142713,0.0595836183819245,0.11739019463322209
2025-11-12,2716.8333333333335,2260.0,3475.0,6,0.0,2.0,12,11,2,316,2846.157894736842,2686.109756097561,2685.051948051948,2734.2795698924733,2583.0,2749.7003280559125,2651.9029802160876,2691.7152537720135,118.06936317330776,-0.045438294777200405,0.01183641355782461
2025-12-01,2833.5,2350.0,3200.0,12,0.0,19.0,1,12,0,335,2716.8333333333335,2846.157894736842,2686.109756097561,2497.1111111111113,2707.6071428571427,2798.8304093567253,2699.9585357716433,2700.707600710789,112.91135685130368,0.04294215078829522,0.054871266361271376
2025-12-02,2883.294117647059,2580.0,3351.0,17,0.0,1.0,2,12,1,336,2833.5,2716.8333333333335,2846.157894736842,2584.909090909091,2728.8260869565215,2811.209150326798,2742.5849681627815,2711.741031474399,118.42741707170546,0.01757336073656579,0.013047843543357196
2025-12-03,2694.2289156626507,2175.0,4500.0,83,0.0,1.0,3,12,2,337,2883.294117647059,2833.5,2716.8333333333335,2547.1477272727275,2626.214285714286,2803.6743444365698,2763.596566504199,2716.599219327854,86.79717787108041,-0.06557263819436387,-0.008320134103680599
2025-12-04,2717.060606060606,2200.0,4800.0,33,0.0,1.0,4,12,3,338,2694.2289156626507,2883.294117647059,2833.5,2685.051948051948,2883.0813953488373,2764.8612131234386,2768.1692319340073,2704.740591521552,82.71686059582083,0.008474294914298186,-0.041093839399821475
2025-12-05,2730.0,2200.0,4500.0,20,0.0,1.0,5,12,4,339,2717.060606060606,2694.2289156626507,2883.294117647059,2686.109756097561,2775.0,2713.763173907752,2774.4392667772127,2701.526305807266,76.92031969762066,0.004762276524318931,-0.0531663130406399
2025-12-06,2582.771739130435,1900.0,4200.0,92,0.0,1.0,6,12,5,340,2730.0,2717.060606060606,2694.2289156626507,2846.157894736842,2665.684210526316,2676.610781730347,2736.812673119155,2695.603986421846,97.62425347556079,-0.053929765886287506,-0.04136885915085753
2025-12-07,2597.1428571428573,2100.0,4200.0,70,0.0,1.0,7,12,6,341,2582.771739130435,2730.0,2717.060606060606,2716.8333333333335,2734.2795698924733,2636.6381987577643,2719.7140336633724,2685.8085069397303,111.23916305110934,0.005564223037867411,-0.04413510270998855
2025-12-08,2646.5054945054944,1791.0,4750.0,91,0.0,1.0,8,12,0,342,2597.1428571428573,2582.771739130435,2730.0,2833.5,2497.1111111111113,2608.8066969262622,2693.000532878443,2696.479534325043,101.37543635667254,0.019006516036218946,-0.030584067946705318
2025-12-09,2646.090909090909,2100.0,4750.0,88,0.0,1.0,9,12,1,343,2646.5054945054944,2597.1428571428573,2582.771739130435,2883.294117647059,2584.909090909091,2629.913086913087,2659.1143602275647,2700.849664195173,57.17346427081641,-0.0001566539028338143,0.024515975996311834
2025-12-10,2687.0833333333335,2300.0,3450.0,12,0.0,1.0,10,12,2,344,2646.090909090909,2646.5054945054944,2597.1428571428573,2694.2289156626507,2547.1477272727275,2659.893245643246,2658.093562751948,2710.8450646280735,56.50186923330042,0.015491691574764488,0.03463054638797214
2025-12-12,2716.0,2200.0,3950.0,12,0.0,2.0,12,12,4,346,2687.0833333333335,2646.090909090909,2646.5054945054944,2717.060606060606,2685.051948051948,2683.058080808081,2657.942047600433,2713.0556397672203,56.31851374319009,0.010761358350131811,0.02625896890778634
2025-12-15,2630.6875,2300.0,3455.0,16,0.0,3.0,15,12,0,349,2716.0,2687.0833333333335,2646.090909090909,2730.0,2686.109756097561,2677.9236111111113,2643.754547600433,2709.0969071888235,46.85459014971757,-0.03141108247422686,-0.005821194214450154
2025-12-16,2697.8,2300.0,4200.0,20,0.0,1.0,16,12,1,350,2630.6875,2716.0,2687.0833333333335,2582.771739130435,2846.157894736842,2681.4958333333334,2660.1871562960846,2698.4999147076196,41.80093560548156,0.025511391984034626,0.00398821522716708
2025-12-17,2604.967741935484,1605.0,3950.0,31,0.0,1.0,17,12,2,351,2697.8,2630.6875,2716.0,2597.1428571428573,2716.8333333333335,2644.4850806451614,2661.304996980746,2690.5095153220595,39.895201041799844,-0.0344103558694181,-0.04088080193833432
2025-12-18,2703.1111111111113,2126.0,3700.0,9,0.0,1.0,18,12,3,352,2604.967741935484,2697.8,2630.6875,2646.5054945054944,2833.5,2668.6262843488653,2669.391513638691,2681.196023258567,42.072845638140684,0.03767546430448587,0.027530298110707285
2025-12-19,2699.6153846153848,2200.0,3800.0,13,0.0,1.0,19,12,4,353,2703.1111111111113,2604.967741935484,2697.8,2646.090909090909,2883.294117647059,2669.2314125539933,2677.0378672850447,2668.076113756305,41.99611723416104,-0.0012932233829965334,0.0006729129718232585
2025-12-20,2587.5714285714284,2237.0,3600.0,14,0.0,1.0,20,12,5,354,2699.6153846153848,2703.1111111111113,2604.967741935484,2687.0833333333335,2694.2289156626507,2663.4326414326415,2662.8218808904867,2660.4577218212175,53.33965935438554,-0.041503673701992594,-0.006678130052823583
2025-12-21,2670.0,2670.0,2670.0,1,0.0,1.0,21,12,6,355,2587.5714285714284,2699.6153846153848,2703.1111111111113,2716.0,2717.060606060606,2652.3956043956046,2656.2504523190582,2657.0962499597454,48.29085988033134,0.031855573345111354,-0.012249260111805382
2025-12-22,2613.04,2000.0,3700.0,25,0.0,1.0,22,12,0,356,2670.0,2587.5714285714284,2699.6153846153848,2630.6875,2730.0,2623.537142857143,2653.729380890487,2648.7419642454597,50.26799999039543,-0.021333333333333315,-0.03206952557344356
2025-12-23,2821.181818181818,2300.0,4800.0,22,0.0,1.0,23,12,1,357,2613.04,2670.0,2587.5714285714284,2697.8,2582.771739130435,2701.407272727273,2671.355354916461,2665.771255606273,80.70998028101046,0.07965504476847585,0.09028171629618109
2025-12-24,2822.285714285714,2550.0,3450.0,7,0.0,1.0,24,12,2,358,2821.181818181818,2613.04,2670.0,2604.967741935484,2597.1428571428573,2752.1691774891774,2702.400779537922,2681.852888259334,91.93343152728937,0.00039128853616654524,0.05703584804708406
2025-12-25,2987.0,2540.0,3600.0,5,0.0,1.0,25,12,3,359,2822.285714285714,2821.181818181818,2613.04,2703.1111111111113,2646.5054945054944,2876.8225108225106,2742.9563350934777,2706.1739243660845,141.53531662099655,0.05836201660255114,0.14311300247987013
2025-12-26,2729.25,2200.0,3950.0,20,0.0,1.0,26,12,4,360,2987.0,2822.285714285714,2821.181818181818,2699.6153846153848,2646.090909090909,2846.178571428571,2747.189851576994,2712.113859431019,140.4620008559082,-0.08629059256779381,-0.03258627912222467
2025-12-27,2651.7586206896553,2000.0,3700.0,29,0.0,1.0,27,12,5,361,2729.25,2987.0,2822.285714285714,2587.5714285714284,2687.0833333333335,2789.336206896552,2756.3594504510265,2709.5906656707566,130.01150600875332,-0.028392920879488748,-0.0604216266031794
2025-12-28,2500.0,2500.0,2500.0,2,0.0,1.0,28,12,6,362,2651.7586206896553,2729.25,2987.0,2670.0,2716.0,2627.0028735632186,2732.0737361653123,2694.1620942421855,161.01324577642876,-0.05722942484493054,-0.16303983930364918
2025-12-29,2712.769230769231,2070.0,4750.0,13,0.0,1.0,29,12,0,363,2500.0,2651.7586206896553,2729.25,2613.04,2630.6875,2621.5092838196288,2746.320769132345,2700.025075011416,152.93483352795016,0.08510769230769233,-0.0060385707541519285
2025-12-30,2620.56,1900.0,3850.0,25,0.0,1.0,30,12,1,364,2712.769230769231,2500.0,2651.7586206896553,2821.181818181818,2697.8,2611.1097435897436,2717.6605093920857,2694.5079321542735,155.34697765896524,-0.03399081268076909,-0.011765256628652465
2025-12-31,2535.9444444444443,2250.0,2815.0,18,0.0,1.0,31,12,2,365,2620.56,2712.769230769231,2500.0,2822.285714285714,2604.967741935484,2623.091225071225,2676.7546137004756,2689.5776966191993,160.80907387921476,-0.03228911208121765,0.014377777777777823
2026-01-01,2779.9,1950.0,4850.0,10,0.0,1.0,1,1,3,1,2535.9444444444443,2620.56,2712.769230769231,2987.0,2703.1111111111113,2645.468148148148,2647.1688994147617,2695.0626172541197,102.80800797077386,0.09619909304006846,0.024746214484205664
2026-01-02,2790.55,2200.0,3950.0,20,0.0,1.0,2,1,4,2,2779.9,2535.9444444444443,2620.56,2729.25,2699.6153846153848,2702.1314814814814,2655.9260422719044,2701.557946924449,113.06409619630142,0.003831073060182044,0.06486781451292867
2026-01-03,2200.0,2200.0,2200.0,2,0.0,1.0,3,1,5,3,2790.55,2779.9,2535.9444444444443,2651.7586206896553,2587.5714285714284,2590.15,2591.3890964590964,2673.8742734550615,206.31569906629522,-0.21162494848685753,-0.13247310885709895
2026-01-04,2319.0,2000.0,3400.0,11,0.0,1.0,4,1,6,4,2200.0,2790.55,2779.9,2500.0,2670.0,2436.516666666667,2565.5319536019533,2648.802844883633,229.69571036059006,0.05409090909090919,-0.16579733083923887
2026-01-15,2590.0,2520.0,2700.0,9,0.0,11.0,15,1,3,15,2319.0,2200.0,2790.55,2712.769230769231,2613.04,2369.6666666666665,2547.993492063492,2647.1571305979187,221.1060839745213,0.11686071582578705,-0.07186755299134584
2026-01-16,2649.9285714285716,2000.0,3700.0,14,0.0,1.0,16,1,4,16,2590.0,2319.0,2200.0,2620.56,2821.181818181818,2519.642857142857,2552.1890022675734,2634.92475582983,222.98320131542272,0.02313844456701597,0.20451298701298715
2026-01-17,2597.75,2280.0,3600.0,20,0.0,1.0,17,1,5,17,2649.9285714285716,2590.0,2319.0,2535.9444444444443,2822.285714285714,2612.5595238095234,2561.0183673469387,2618.8864905237074,223.4559104367935,-0.019690557696973032,0.1202026735661923
2026-01-18,2750.0,2750.0,2750.0,1,0.0,1.0,18,1,6,18,2597.75,2649.9285714285716,2590.0,2779.9,2987.0,2665.892857142857,2556.7469387755104,2601.9579190951363,218.81210969988203,0.05860841112501203,0.061776061776061875
2026-01-19,2784.2380952380954,2325.0,4600.0,21,0.0,1.0,19,1,0,19,2750.0,2597.75,2649.9285714285716,2790.55,2729.25,2710.6626984126983,2555.845238095238,2605.8856401835715,217.69822365291344,0.01245021645021649,0.05068420532449225
2026-01-20,2738.9285714285716,2200.0,4700.0,14,0.0,1.0,20,1,1,20,2784.2380952380954,2750.0,2597.75,2200.0,2651.7586206896553,2757.7222222222226,2632.8350340136058,2612.1120652363506,157.9856387093053,-0.016273580871914994,0.05434648115814511
2026-01-21,2712.4666666666667,1600.0,3595.0,15,0.0,1.0,21,1,2,21,2738.9285714285716,2784.2380952380954,2750.0,2319.0,2500.0,2745.2111111111117,2689.0445578231293,2627.2882557125413,76.90791745840818,-0.009661407397748567,-0.013648484848484799
2026-01-22,2688.5,2000.0,3700.0,18,0.0,1.0,22,1,3,22,2712.4666666666667,2738.9285714285716,2784.2380952380954,2590.0,2712.769230769231,2713.298412698413,2703.1159863945577,2625.554739229025,63.630971234261764,-0.008835746061395588,-0.03438574287229135
2026-01-23,2716.9523809523807,2225.0,4800.0,21,0.0,1.0,23,1,4,23,2688.5,2712.4666666666667,2738.9285714285716,2649.9285714285716,2620.56,2705.973015873016,2712.6908163265302,2632.439909297052,59.18080506282456,0.010582994588945738,-0.008023644977615652
2026-01-24,2767.9583333333335,2271.0,4600.0,24,0.0,1.0,24,1,5,24,2716.9523809523807,2688.5,2712.4666666666667,2597.75,2535.9444444444443,2724.470238095238,2737.006292517007,2649.0123299319725,33.46295620783046,0.01877322279865412,0.020458008700567687
2026-01-26,2550.0,2450.0,2650.0,2,0.0,2.0,26,1,0,26,2767.9583333333335,2716.9523809523807,2688.5,2750.0,2779.9,2678.303571428571,2708.4348639455784,2632.5909013605446,77.25158889576566,-0.07874335776971597,-0.05151571508275987
2026-01-27,2722.6666666666665,2200.0,3950.0,30,0.0,1.0,27,1,1,27,2550.0,2767.9583333333335,2716.9523809523807,2784.2380952380954,2790.55,2680.2083333333335,2699.638945578231,2627.7420918367347,70.38191647048846,0.06771241830065344,0.0021031968592259975
2026-01-28,2612.035714285714,2012.0,3950.0,28,0.0,1.0,28,1,2,28,2722.6666666666665,2550.0,2767.9583333333335,2738.9285714285716,2200.0,2628.2341269841268,2681.511394557823,2657.1732142857145,74.77976518618111,-0.04063330768154472,-0.05633127391041626
2026-01-29,2557.25,2400.0,2761.0,16,0.0,1.0,29,1,3,29,2612.035714285714,2722.6666666666665,2550.0,2712.4666666666667,2319.0,2630.6507936507933,2659.3375850340135,2674.191071428572,86.21001507205068,-0.0209743358354868,0.0028431372549020395
2026-01-30,2600.4444444444443,2250.0,3700.0,45,0.0,1.0,30,1,4,30,2557.25,2612.035714285714,2722.6666666666665,2688.5,2590.0,2589.910052910053,2646.7582199546487,2674.9371031746036,87.65773665569493,0.016890974462584474,-0.04489063010120797
2026-01-31,2627.1481481481483,2300.0,3600.0,27,0.0,1.0,31,1,5,31,2600.4444444444443,2557.25,2612.035714285714,2716.9523809523807,2649.9285714285716,2594.9475308641977,2633.929043839758,2673.3099300831445,82.06551562945344,0.010268899903150608,0.005785691895321854
2026-02-01,2470.0,2470.0,2470.0,1,0.0,1.0,1,2,6,32,2627.1481481481483,2600.4444444444443,2557.25,2767.9583333333335,2597.75,2565.864197530864,2591.363567649282,2664.1849300831445,78.13944347765147,-0.059817010418282135,-0.034118682178120974
2026-02-02,2685.4545454545455,1700.0,3950.0,22,0.0,1.0,2,2,0,33,2470.0,2627.1481481481483,2600.4444444444443,2550.0,2750.0,2594.2008978675644,2610.7142169999315,2659.5745404727545,82.82076000376992,0.08722856091277142,0.03269060455866146
2026-02-03,2553.285714285714,2200.0,3425.0,28,0.0,1.0,3,2,1,34,2685.4545454545455,2470.0,2627.1481481481483,2722.6666666666665,2784.2380952380954,2569.5800865800866,2586.5169380883667,2643.0779418332995,68.09526845550025,-0.049216558661379306,-0.028115062302253135
2026-02-04,2575.5,2100.0,4350.0,20,0.0,1.0,4,2,2,35,2553.285714285714,2685.4545454545455,2470.0,2612.035714285714,2738.9285714285716,2604.746753246753,2581.2975503332646,2631.4044724455443,67.20771835960775,0.008700274156548948,0.0427125506072874
2026-02-14,2637.1111111111113,2250.0,3650.0,18,0.0,10.0,14,2,5,45,2575.5,2553.285714285714,2685.4545454545455,2557.25,2712.4666666666667,2588.632275132275,2592.7062804919947,2626.0219327630043,69.19419468116969,0.02392200004314171,-0.01800195591664777
2026-02-15,2385.0,2000.0,2600.0,5,0.0,1.0,15,2,6,46,2637.1111111111113,2575.5,2553.285714285714,2600.4444444444443,2688.5,2532.537037037037,2561.9285027142173,2604.3433613344328,104.22582693791442,-0.09560124715597884,-0.06590947238851896
2026-02-16,2573.6071428571427,2100.0,3765.0,28,0.0,1.0,16,2,0,47,2385.0,2637.1111111111113,2575.5,2627.1481481481483,2716.9523809523807,2531.9060846560847,2554.2797876726445,2594.104415756202,100.54137340576362,0.07908056304282707,-0.0007349474443243409
2026-02-17,2589.035714285714,2100.0,3950.0,28,0.0,1.0,17,2,1,48,2573.6071428571427,2385.0,2637.1111111111113,2470.0,2767.9583333333335,2515.8809523809523,2571.284889713461,2581.3242286813716,93.74796349304407,0.0059949209697340855,-0.018230326595962465
2026-02-18,2578.318181818182,2200.0,3950.0,22,0.0,1.0,18,2,2,49,2589.035714285714,2573.6071428571427,2385.0,2685.4545454545455,2550.0,2580.3203463203463,2555.9796949082665,2583.3469559540986,79.69430965066645,-0.004139584637011917,0.08105584143319988
2026-02-19,2783.3333333333335,2350.0,3700.0,6,0.0,1.0,19,2,3,50,2578.318181818182,2589.035714285714,2573.6071428571427,2553.285714285714,2722.6666666666665,2650.2290764790764,2588.843640486498,2587.6802892874325,117.06781858173358,0.07951507031245408,0.08149114407700897
2026-02-20,2533.9375,2150.0,3323.0,16,0.0,1.0,20,2,4,51,2783.3333333333335,2578.318181818182,2589.035714285714,2575.5,2612.035714285714,2631.8630050505053,2582.906140486498,2582.101845409881,118.89708369205606,-0.08960329341317375,-0.021281365097319704
2026-02-21,2700.375,2300.0,3660.0,24,0.0,1.0,21,2,5,52,2533.9375,2783.3333333333335,2578.318181818182,2637.1111111111113,2557.25,2672.5486111111113,2591.9438388991957,2592.3250596955954,125.90214005968384,0.06568334854352176,0.047339703471255046
2026-02-22,2493.75,2325.0,2700.0,4,0.0,1.0,22,2,6,53,2700.375,2533.9375,2783.3333333333335,2385.0,2600.4444444444443,2576.0208333333335,2607.47955318491,2584.7040279495636,100.19552704628893,-0.07651715039577833,-0.10404191616766467
2026-02-23,2523.7619047619046,2085.0,4250.0,21,0.0,1.0,23,2,0,54,2493.75,2700.375,2533.9375,2573.6071428571427,2627.1481481481483,2572.628968253968,2600.3588048855904,2577.3192962791177,104.6750773601909,0.012034849027330097,-0.004015724633340545
2026-02-24,2404.133333333333,2150.0,2750.0,15,0.0,1.0,24,2,1,55,2523.7619047619046,2493.75,2700.375,2589.035714285714,2470.0,2473.881746031746,2573.9441790352507,2572.6145343743556,128.60360739863415,-0.0474008943564973,-0.10970389914980949
2026-02-26,2603.913043478261,2125.0,4750.0,23,0.0,2.0,26,2,3,57,2404.133333333333,2523.7619047619046,2493.75,2578.318181818182,2685.4545454545455,2510.6027605244994,2577.600587843833,2566.7901413760496,129.11154265058437,0.08309843192762223,0.04417565653263589
2026-02-27,2400.5454545454545,2050.0,3425.0,22,0.0,1.0,27,2,4,58,2603.913043478261,2404.133333333333,2523.7619047619046,2783.3333333333335,2553.285714285714,2469.5306104523493,2522.9166051598504,2555.880122823174,106.5433672259565,-0.07810076048513193,-0.048822533529792156
2026-02-28,2481.448275862069,2000.0,3750.0,29,0.0,1.0,28,2,5,59,2400.5454545454545,2603.913043478261,2404.133333333333,2533.9375,2575.5,2495.3022579619283,2515.4181445687177,2549.162142527607,107.4814002762686,0.033701849370701975,0.032159174142616376
2026-03-01,2721.25,2200.0,4850.0,20,0.0,1.0,1,3,6,60,2481.448275862069,2400.5454545454545,2603.913043478261,2700.375,2637.1111111111113,2534.414576802508,2518.400287425861,2555.172063162528,113.58474849145158,0.09663780884355644,0.04506177992987137
2026-03-04,2698.9,2100.0,4350.0,10,0.0,3.0,4,3,2,63,2721.25,2481.448275862069,2400.5454545454545,2493.75,2385.0,2633.866091954023,2547.7074302830033,2577.593491733957,131.2561869978089,-0.00821313734497009,0.12428614708778318
2026-03-15,2239.0,2200.0,2278.0,2,0.0,11.0,15,3,6,74,2698.9,2721.25,2481.448275862069,2523.7619047619046,2573.6071428571427,2553.0499999999997,2507.0271581741595,2553.692981529875,176.31024610930018,-0.1704027566786469,-0.09770434395931182
2026-03-16,2316.2,1950.0,4400.0,40,0.0,1.0,16,3,0,75,2239.0,2698.9,2721.25,2404.133333333333,2589.035714285714,2418.0333333333333,2494.4652534122547,2534.2047162237527,187.63220772140627,0.03447967842786959,-0.14884703720716586
2026-03-17,2261.9166666666665,1900.0,3050.0,24,0.0,1.0,17,3,1,76,2316.2,2239.0,2698.9,2603.913043478261,2578.318181818182,2272.3722222222223,2445.608628153456,2511.6046079986445,198.5893207399563,-0.023436375672797438,-0.16191164301505556
2026-03-18,2450.5,2000.0,3400.0,12,0.0,1.0,18,3,2,77,2261.9166666666665,2316.2,2239.0,2400.5454545454545,2783.3333333333335,2342.8722222222223,2452.7449917898193,2487.830798474835,197.5951466901479,0.08337324540397173,0.0944618133095132
2026-03-23,2457.6315789473683,2100.0,3500.0,19,0.0,5.0,23,3,0,82,2450.5,2261.9166666666665,2316.2,2481.448275862069,2533.9375,2390.016081871345,2449.3426065162907,2482.380375542504,197.22323164867268,0.002910254620431818,0.061061902662709944
2026-03-24,2277.3636363636365,2000.0,2900.0,11,0.0,1.0,24,3,1,83,2457.6315789473683,2450.5,2261.9166666666665,2721.25,2700.375,2395.1650717703346,2385.9302688539533,2452.1652781399066,163.74639038297715,-0.07335027110163628,0.006829150659972694
2026-03-25,2530.0454545454545,1800.0,3950.0,22,0.0,1.0,25,3,2,84,2277.3636363636365,2457.6315789473683,2450.5,2698.9,2493.75,2421.6802232854866,2361.8081909318753,2454.7578106074393,115.19786876720914,0.11095365454472872,0.03246090779247268
2026-03-26,2756.75,2000.0,4400.0,8,0.0,1.0,26,3,3,85,2530.0454545454545,2277.3636363636365,2457.6315789473683,2239.0,2523.7619047619046,2521.3863636363635,2435.772476646161,2471.3998174101603,174.27251919169143,0.0896049298431576,0.1217100331941321
2026-03-27,2341.935483870968,2000.0,3950.0,31,0.0,1.0,27,3,4,86,2756.75,2530.0454545454545,2277.3636363636365,2316.2,2404.133333333333,2542.910312805474,2439.448974342013,2466.9571138771344,171.58023063431685,-0.1504723011259752,0.028353771209957523
2026-03-28,2462.277777777778,1975.0,4350.0,18,0.0,1.0,28,3,5,87,2341.935483870968,2756.75,2530.0454545454545,2261.9166666666665,2603.913043478261,2520.3210872162485,2468.0719902150295,2456.8403091842424,152.70185984528638,0.051385827976736964,-0.026785161762973853
2026-03-29,2208.3333333333335,2000.0,2300.0,6,0.0,1.0,29,3,6,88,2462.277777777778,2341.935483870968,2756.75,2450.5,2400.5454545454545,2337.515531660693,2433.476752119791,2443.110871954805,181.97285949090758,-0.10313395455878693,-0.19893594510444057
2026-03-30,2735.909090909091,2000.0,4300.0,11,0.0,1.0,30,3,0,89,2208.3333333333335,2462.277777777778,2341.935483870968,2457.6315789473683,2481.448275862069,2468.8400673400674,2473.2306824000375,2461.286644458164,215.44681038297762,0.23890222984562604,0.16822564487853753
2026-03-31,3325.0,2250.0,4400.0,2,0.0,1.0,31,3,1,90,2735.909090909091,2208.3333333333335,2462.277777777778,2277.3636363636365,2721.25,2756.4141414141413,2622.893020062375,2504.411644458164,367.1646615405174,0.21531815916265162,0.3503756684190338
2026-04-01,2750.0,2750.0,2750.0,1,0.0,1.0,1,4,2,91,3325.0,2735.909090909091,2208.3333333333335,2530.0454545454545,2698.9,2936.9696969696975,2654.3150979844527,2508.061644458164,367.3062793647901,-0.17293233082706772,0.24528301886792447
2026-04-02,2750.8947368421054,2150.0,3950.0,19,0.0,1.0,2,4,3,92,2750.0,3325.0,2735.909090909091,2756.75,2239.0,2941.964912280702,2653.478631819039,2544.6255542326003,367.0406964098691,0.00032535885167472856,0.005477391768172746
2026-04-03,2503.5,2031.0,3500.0,8,0.0,1.0,3,4,4,93,2750.8947368421054,2750.0,3325.0,2341.935483870968,2316.2,2668.1315789473683,2676.5592769803297,2558.004125661172,348.81195522032027,-0.08993246216541995,-0.24706766917293232
2026-04-04,2388.2,2000.0,3425.0,25,0.0,1.0,4,4,5,94,2503.5,2750.8947368421054,2750.0,2462.277777777778,2261.9166666666665,2547.5315789473684,2665.97673729779,2567.0243637564095,357.4141531717639,-0.0460555222688237,-0.13156363636363644
2026-04-14,4700.0,4700.0,4700.0,1,0.0,10.0,14,4,1,104,2388.2,2503.5,2750.8947368421054,2208.3333333333335,2450.5,3197.2333333333336,3021.9291182501715,2727.702935184981,796.5935524476292,0.9680093794489575,0.7085350220980733
2026-04-15,2521.1666666666665,2100.0,4750.0,24,0.0,1.0,15,4,2,105,4700.0,2388.2,2503.5,2735.909090909091,2457.6315789473683,3203.1222222222223,2991.2516290726817,2732.2411557363594,813.4018630917612,-0.463581560283688,0.007056787164636091
2026-04-16,2373.756097560976,1900.0,3950.0,41,0.0,1.0,16,4,3,106,2521.1666666666665,4700.0,2388.2,3325.0,2277.3636363636365,3198.3075880758806,2855.359643009964,2739.1263315361693,827.685717175174,-0.05846918851286731,-0.006048028824647833
2026-04-17,2406.108108108108,2000.0,4700.0,37,0.0,1.0,17,4,4,107,2373.756097560976,2521.1666666666665,4700.0,2750.0,2530.0454545454545,2433.67695744525,2806.2322298825507,2730.273663933502,845.0062767702814,0.013629037364189855,-0.4880621046578494
2026-04-18,2652.2105263157896,2161.0,4750.0,19,0.0,1.0,18,4,5,108,2406.108108108108,2373.756097560976,2521.1666666666665,2750.8947368421054,2756.75,2477.3582439949582,2792.1344855216485,2722.806558670344,846.9044484619844,0.1022823610370478,0.05197746796421887
2026-04-19,2320.0,2320.0,2320.0,1,0.0,1.0,19,4,6,109,2652.2105263157896,2406.108108108108,2373.756097560976,2503.5,2341.935483870968,2459.4395448079663,2765.9201998073627,2721.2397383938464,860.0652740447537,-0.12525797745673917,-0.022646007151370773
2026-04-20,2224.75,1900.0,2342.0,8,0.0,1.0,20,4,0,110,2320.0,2652.2105263157896,2406.108108108108,2388.2,2462.277777777778,2398.9868421052633,2742.570199807363,2704.273468552576,874.1328781544115,-0.04105603448275863,-0.07537404803091219
2026-05-01,2950.3571428571427,2200.0,4800.0,14,0.0,11.0,1,5,4,121,2224.75,2320.0,2652.2105263157896,4700.0,2208.3333333333335,2498.3690476190473,2492.621220215526,2757.275169232849,244.5990856653276,0.3261522161398551,0.11241438550336769
2026-05-03,2382.5,2051.0,3200.0,16,0.0,2.0,3,5,6,123,2950.3571428571427,2224.75,2320.0,2521.1666666666665,2735.909090909091,2519.202380952381,2472.8116964060023,2732.0316627393418,247.49989772510597,-0.19247064520033885,0.0269396551724137
2026-05-04,2285.0,2100.0,2700.0,6,0.0,1.0,4,5,0,124,2382.5,2950.3571428571427,2224.75,2373.756097560976,3325.0,2539.285714285714,2460.132253897292,2657.7459484536275,255.5624646577492,-0.04092339979013637,0.02708169457242393
2026-06-01,2830.818181818182,2200.0,4700.0,22,0.0,28.0,1,6,0,152,2285.0,2382.5,2950.3571428571427,2406.108108108108,2750.0,2499.439393939394,2520.8051215701594,2663.518675726355,288.8465886880762,0.23887010145215837,-0.040516776529365695
2026-06-04,2307.8260869565215,2000.0,3000.0,23,0.0,3.0,4,6,3,155,2830.818181818182,2285.0,2382.5,2652.2105263157896,2750.8947368421054,2474.548089591568,2471.607344518835,2631.8709150202417,292.04561592939734,-0.1847494474285708,-0.03134267074227848
2026-07-01,2809.21875,1950.0,4800.0,32,0.0,27.0,1,7,2,182,2307.8260869565215,2830.818181818182,2285.0,2320.0,2503.5,2649.2876729249015,2541.495737375978,2653.70796859167,307.82836470651324,0.21725755934438595,0.2294173960612691
2026-07-02,2485.4736842105262,2121.0,2900.0,19,0.0,1.0,2,7,3,183,2809.21875,2307.8260869565215,2830.818181818182,2224.75,2388.2,2534.172840389016,2578.741977977482,2660.6560888924223,277.3834421667714,-0.11524380783428623,-0.12199458793423723
2026-07-04,2364.3636363636365,1900.0,2800.0,11,0.0,2.0,4,7,5,185,2485.4736842105262,2809.21875,2307.8260869565215,2950.3571428571427,4700.0,2553.0186901913876,2495.028619906981,2493.824920061253,231.10394568902333,-0.048727149523354774,0.02449818455847108
2026-08-01,2566.44,2200.0,3200.0,25,0.0,28.0,1,8,5,213,2364.3636363636365,2485.4736842105262,2809.21875,2382.5,2521.1666666666665,2472.0924401913876,2521.3057627641238,2497.058729585063,226.5898201338289,0.08546754844663185,-0.08642215918571661
2026-08-02,2795.75,2500.0,3200.0,4,0.0,1.0,2,8,6,214,2566.44,2364.3636363636365,2485.4736842105262,2285.0,2373.756097560976,2575.517878787879,2594.2700484784095,2527.201151187851,219.95090226289034,0.08934944904225306,0.12483588853125527
2026-08-04,2473.5666666666666,1900.0,4600.0,30,0.0,2.0,4,8,1,216,2795.75,2566.44,2364.3636363636365,2830.818181818182,2406.108108108108,2611.918888888889,2543.2341177424787,2532.0196196563193,196.06632374838628,-0.11524039464663627,0.04618707064492966
2026-08-23,2454.3333333333335,2000.0,2626.0,6,0.0,19.0,23,8,6,235,2473.5666666666666,2795.75,2566.44,2307.8260869565215,2652.2105263157896,2574.5499999999997,2564.1637243677374,2517.885534443286,173.239761277477,-0.007775546781300879,-0.043681779689634936
